SM_Cliff_Formation_01 -5.589998 -6.700000 7.580000 0.000000 0.000000 0.000000 1.000000 1.000000 1.000000
SM_Cliff_Formation_01 -6.350000 -6.700000 14.687710 0.000000 1.174189 0.000000 1.000000 1.000000 1.000000
SM_Cliff_Formation_01 -6.344816 -6.700000 36.754940 0.000000 0.610981 0.000000 1.000000 1.000000 1.000000
SM_Cliff_Formation_02 29.690000 2.200000 -6.869999 0.000000 0.000000 0.000000 1.000000 1.000000 1.000000
SM_Cliff_Formation_02 69.320640 3.154280 32.479550 0.000000 0.000000 0.000000 1.000000 1.000000 1.000000
SM_Cliff_Formation_02 91.860640 -4.305720 29.619550 0.000000 0.000000 0.000000 1.000000 1.000000 1.000000
SM_Cliff_Formation_02 129.180600 -7.675720 5.409550 0.000000 3.522989 0.000000 1.000000 1.000000 1.000000
SM_Cliff_Formation_02 147.933800 -4.075720 3.863113 0.000000 0.419713 0.000000 1.000000 1.000000 1.000000
SM_Cliff_Formation_02 76.220640 3.142030 16.969550 0.000000 1.922898 0.000000 0.611080 0.611080 0.611080
SM_Cliff_Formation_02 73.650640 3.142030 4.539551 0.000000 4.845086 0.000000 0.611080 0.611080 0.611080
SM_Cliff_Formation_02 4.920000 -4.670000 48.430000 0.000000 0.000000 0.000000 1.000000 1.000000 1.000000
SM_Cliff_Formation_02 11.250000 -8.300000 -16.290000 0.000000 0.000000 0.000000 1.000000 1.000000 1.000000
SM_Ash_Tree_02 26.716040 3.600000 14.445880 0.000000 0.000000 0.000000 1.000000 1.000000 1.000000
SM_Ash_Tree_01 9.969999 3.350000 29.300000 0.000000 0.000000 0.000000 1.000000 1.000000 1.000000
SM_Ruins_05 6.879999 3.424280 1.450001 0.000000 0.667803 0.000000 1.000000 1.000000 1.000000
SM_Rock_Formation_01 11.341520 0.860000 -2.391247 0.000000 0.000000 0.000000 1.000000 1.000000 1.000000
SM_Floor_Ruined_10 9.230000 3.424280 5.290001 0.000000 5.360110 0.000000 1.000000 1.000000 1.000000
SM_Floor_Ruined_12 21.700000 3.424280 20.740000 0.000000 5.292093 0.000000 1.000000 1.000000 1.000000
SM_Debris_Floor_06 14.340000 3.360000 12.430000 0.000000 2.127600 0.000000 1.000000 1.000000 1.000000
SM_Floor_Ruined_07 18.040000 3.424280 13.980000 0.000000 5.310294 0.000000 1.000000 1.000000 1.000000
SM_Floor_Ruined_09 25.710000 3.424280 28.670000 0.000000 5.187269 0.000000 1.000000 1.000000 1.000000
SM_Debris_Floor_06 30.050000 3.330000 37.090000 0.000000 5.159940 0.000000 1.000000 1.000000 1.000000
SM_Debris_02 21.212000 3.150000 27.092230 0.000000 0.000000 0.000000 1.000000 1.000000 1.000000
SM_Debris_02 35.570000 3.480000 41.760000 0.000000 0.000000 0.000000 1.000000 1.000000 1.000000
SM_Crate_Broken_01 6.641846 3.600000 12.015340 0.000000 0.000000 0.000000 1.000000 1.000000 1.000000
SM_Cupboard_02 6.877832 3.600000 14.455010 0.000000 5.049830 0.000000 1.000000 1.000000 1.000000
SM_Barrels_03 6.550001 3.725283 18.330000 0.000000 4.875880 0.000000 1.000000 1.000000 1.000000
SM_Barrels_04 34.170000 4.074280 22.960000 0.000000 1.726851 0.000000 1.000000 1.000000 1.000000
SM_Roots_04 19.320950 8.843336 5.469385 0.000000 0.000000 0.000000 1.000000 1.000000 1.000000
SM_Ivy_Preset_03 10.862000 7.417000 -0.690998 0.000000 5.374818 0.000000 1.000000 1.000000 1.000000
SM_Ivy_Preset_08 7.230000 14.638000 1.810001 0.000000 5.467612 0.000000 1.000000 1.000000 1.000000
SM_Ivy_Corner_01 12.376000 4.443000 -0.801998 0.000000 2.185485 0.000000 1.000000 1.000000 1.000000
SM_Fern_09 18.522750 4.068529 8.636343 0.000000 0.000000 0.000000 1.000000 1.000000 1.000000
SM_Bush_07 10.980330 4.001717 20.271930 0.000000 0.000000 0.000000 1.000000 1.000000 1.000000
SM_Bush_08 27.816560 4.844637 19.446910 0.000000 0.000000 0.000000 1.000000 1.000000 1.000000
SM_Bush_07 18.862110 3.903978 34.874250 0.000000 0.000000 0.000000 1.000000 1.000000 1.000000
SM_Bush_07 27.541670 3.439425 44.320980 0.000000 0.000000 0.000000 1.000000 1.000000 1.000000
SM_Bush_08 38.772880 3.625708 35.081380 0.000000 0.000000 0.000000 1.000000 1.000000 1.000000
SM_Rack_05 31.240000 4.270000 17.980000 0.000000 5.592518 0.000000 1.000000 1.000000 1.000000
SM_Ash_Tree_02 26.517640 3.467734 44.503080 0.000000 1.417908 0.000000 1.000000 1.000000 1.000000
SM_Rock_Formation_01 22.900000 2.770000 42.390000 0.000000 0.000000 0.000000 1.000000 1.000000 1.000000
SM_Rock_Formation_02 4.240000 3.100000 31.050000 0.000000 0.000000 0.000000 1.000000 1.000000 1.000000
SM_Rock_Formation_04 34.399950 3.640498 28.785140 0.000000 0.000000 0.000000 1.000000 1.000000 1.000000
SM_Rock_Large_01 15.301500 4.268898 31.081280 0.000000 0.000000 0.000000 1.000000 1.000000 1.000000
SM_Rock_Pile_01 14.257330 4.174280 25.340200 0.000000 0.000000 0.000000 1.000000 1.000000 1.000000
SM_Rock_Small_01 26.145840 4.777960 18.101360 0.000000 0.000000 0.000000 1.000000 1.000000 1.000000
SM_Rock_Small_02 18.610860 3.698663 23.122290 0.000000 0.000000 0.000000 1.000000 1.000000 1.000000
SM_Rock_Small_03 18.913310 3.795513 23.716510 0.000000 0.000000 0.000000 1.000000 1.000000 1.000000
SM_Rock_Small_02 17.011470 3.870252 21.408550 0.000000 0.000000 0.000000 1.000000 1.000000 1.000000
SM_Rock_Small_04 19.202780 3.431933 21.937910 0.000000 0.000000 0.000000 1.000000 1.000000 1.000000
SM_Rock_Small_03 21.599020 3.431934 25.101140 0.000000 0.000000 0.000000 1.000000 1.000000 1.000000
SM_Rock_Small_04 25.608000 3.431932 27.148950 0.000000 0.000000 0.000000 1.000000 1.000000 1.000000
SM_Rock_Small_04 24.244230 3.431933 29.319610 0.000000 0.000000 0.000000 1.000000 1.000000 1.000000
SM_Rock_Small_01 30.606030 3.556383 29.010070 0.000000 0.000000 0.000000 1.000000 1.000000 1.000000
SM_Rock_Formation_01 39.700640 2.994280 20.209550 0.000000 0.000000 0.000000 1.000000 1.000000 1.000000
SM_Grass_Patch_10 31.245190 3.432794 42.098590 0.000000 0.000000 0.000000 1.000000 1.000000 1.000000
SM_Grass_Patch_08 32.659080 3.450522 42.448210 0.000000 0.000000 0.000000 1.000000 1.000000 1.000000
SM_Bush_07 30.586860 3.524496 41.623630 0.000000 0.000000 0.000000 1.000000 1.000000 1.000000
SM_Bush_05 38.063260 3.479659 50.276380 0.000000 0.000000 0.000000 1.000000 1.000000 1.000000
SM_Fern_09 36.299070 3.462041 51.514070 0.000000 0.000000 0.000000 1.000000 1.000000 1.000000
SM_Rock_Medium_01 32.380840 3.752280 46.642070 0.000000 0.000000 0.000000 1.000000 1.000000 1.000000
SM_Rock_Small_01 32.931690 3.549416 47.809570 0.000000 0.000000 0.000000 1.000000 1.000000 1.000000
SM_Bush_02 33.308060 3.436273 48.586720 0.000000 0.000000 0.000000 1.000000 1.000000 1.000000
SM_Bush_03 36.692000 2.622000 52.403000 0.555702 0.000000 0.000000 1.000000 1.000000 1.000000
SM_Rock_Formation_01 35.060000 1.400000 55.220000 6.045753 5.471593 5.781105 1.000000 1.000000 1.000000
SM_Bush_07 37.730000 1.810000 53.100000 0.493917 0.360727 0.000000 1.000000 1.000000 1.000000
SM_Rock_Medium_01 41.550640 2.974280 49.629550 0.811560 0.149938 6.097417 1.000000 1.000000 1.000000
SM_Rock_Formation_05 43.890640 1.824280 51.979550 0.000000 1.000867 0.000000 1.000000 1.000000 1.000000
SM_Floor_Ruined_09 47.920000 0.164805 63.150000 0.000000 5.362082 0.000000 1.000000 1.000000 1.000000
SM_Floor_Ruined_10 61.610000 0.164806 78.150000 0.000000 2.194068 0.000000 1.000000 1.000000 1.000000
SM_Grass_Low_01 22.474850 3.424280 26.566260 0.000000 0.000000 0.000000 1.000000 1.000000 1.000000
SM_Grass_Patch_11 23.025830 3.424280 26.122340 0.000000 0.000000 0.000000 1.000000 1.000000 1.000000
SM_Grass_Patch_01 30.441890 3.424280 35.913240 0.000000 0.000000 0.000000 1.000000 1.000000 1.000000
SM_Grass_Patch_03 30.119500 3.424280 35.651610 0.000000 0.000000 0.000000 1.000000 1.000000 1.000000
SM_Rock_Small_03 27.069950 3.424280 36.079490 0.000000 0.000000 0.000000 1.000000 1.000000 1.000000
SM_Rock_Small_04 27.955180 3.424280 35.858920 0.000000 0.000000 0.000000 1.000000 1.000000 1.000000
SM_Rock_Small_01 27.443560 3.424280 35.624930 0.000000 0.000000 0.000000 1.000000 1.000000 1.000000
SM_Rock_Small_02 27.781660 3.424280 35.158950 0.000000 0.000000 0.000000 1.000000 1.000000 1.000000
SM_Rock_Small_01 31.056530 3.424280 37.626400 0.000000 0.000000 0.000000 1.000000 1.000000 1.000000
SM_Rock_Small_03 30.757630 3.424280 37.297250 0.000000 0.000000 0.000000 1.000000 1.000000 1.000000
SM_Rock_Small_01 30.463390 3.424280 38.072470 0.000000 0.000000 0.000000 1.000000 1.000000 1.000000
SM_Rock_Small_02 29.645220 3.424280 39.540800 0.000000 0.000000 0.000000 1.000000 1.000000 1.000000
SM_Debris_Floor_06 51.650000 0.010000 68.490000 0.000000 2.214036 0.000000 1.000000 1.000000 1.000000
SM_Debris_Floor_02 52.990040 0.164804 72.383100 0.000000 0.000000 0.000000 1.000000 1.000000 1.000000
SM_Debris_Floor_04 56.960000 -0.020000 72.710000 0.000000 5.480503 0.000000 1.000000 1.000000 1.000000
SM_Debris_02 54.483360 0.164806 74.099550 0.000000 5.876952 0.000000 1.000000 1.000000 1.000000
SM_Debris_Floor_02 55.044860 0.164804 71.715320 0.000000 0.000000 0.000000 1.000000 1.000000 1.000000
SM_Debris_Floor_01 55.438060 0.164805 70.260920 0.000000 0.000000 0.000000 1.000000 1.000000 1.000000
SM_Debris_Floor_07 66.770000 0.010000 84.110000 0.000000 5.398540 0.000000 1.000000 1.000000 1.000000
SM_Debris_Floor_05 66.670000 -0.070000 88.340000 0.000000 5.494490 0.000000 1.000000 1.000000 1.000000
SM_Floor_Ruined_10 73.420000 0.164801 91.190000 0.000000 5.569189 0.000000 1.000000 1.000000 1.000000
SM_Floor_Ruined_03 38.150000 3.438000 50.480000 0.000000 5.213126 0.000000 1.000000 1.000000 1.000000
SM_Grass_Patch_02 38.774270 0.993000 54.731750 0.000000 0.000000 0.000000 1.000000 1.000000 1.000000
SM_Fern_08 38.763170 0.869373 55.154890 0.000000 1.734675 0.000000 1.000000 1.000000 1.000000
SM_Floor_Ruined_07 34.540000 3.424280 46.250000 0.000000 5.195517 0.000000 1.000000 1.000000 1.000000
SM_Debris_Floor_01 36.413310 3.424280 46.452130 0.000000 0.000000 0.000000 1.000000 1.000000 1.000000
SM_Debris_Floor_02 35.983990 3.424280 44.936080 0.000000 0.000000 0.000000 1.000000 1.000000 1.000000
SM_Debris_Floor_04 33.220000 3.220000 43.920000 0.000000 5.232242 0.000000 1.000000 1.000000 1.000000
SM_Debris_01 46.168640 0.080000 58.742090 0.000000 0.932038 0.000000 1.000000 1.000000 1.000000
SM_Floor_Ruined_10 84.980000 0.164807 97.290000 0.000000 2.410582 0.000000 1.000000 1.000000 1.000000
SM_Debris_Floor_07 92.940000 0.110000 100.010000 0.000000 0.362628 0.000000 1.000000 1.000000 1.000000
SM_Debris_Floor_04 89.250000 0.050000 102.360000 0.000000 0.032123 0.000000 1.000000 1.000000 1.000000
SM_Debris_Floor_04 91.703500 -0.020000 98.424760 0.000000 0.282742 0.000000 1.000000 1.000000 1.000000
SM_Debris_Floor_03 77.770000 -0.030000 97.470000 0.000000 5.749023 0.000000 1.000000 1.000000 1.000000
SM_Debris_Floor_05 75.090000 -0.040000 96.340000 0.000000 5.693373 0.000000 1.000000 1.000000 1.000000
SM_Debris_Floor_05 96.526630 0.010000 101.688200 0.000000 0.246234 0.000000 1.000000 1.000000 1.000000
SM_Floor_Ruined_07 94.129280 0.260000 103.084900 0.000000 0.222208 0.000000 1.000000 1.000000 1.000000
SM_Floor_Ruined_11 103.166800 0.164806 96.598730 0.000000 0.533209 0.000000 1.000000 1.000000 1.000000
SM_Floor_Ruined_12 114.130000 0.164808 89.420000 0.000000 0.589769 0.000000 1.000000 1.000000 1.000000
SM_Floor_Ruined_10 122.740000 0.164800 82.520000 0.000000 3.758788 0.000000 1.000000 1.000000 1.000000
SM_Floor_Ruined_09 129.330000 0.164802 76.920000 0.000000 0.746623 0.000000 1.000000 1.000000 1.000000
SM_Debris_Floor_04 134.100000 0.050000 75.480000 0.000000 0.996451 0.000000 1.000000 1.000000 1.000000
SM_Floor_Ruined_07 97.950000 0.164805 99.480000 0.000000 0.350724 0.000000 1.000000 1.000000 1.000000
SM_Floor_Ruined_08 97.030000 0.164807 97.490000 0.000000 0.394511 0.000000 1.000000 1.000000 1.000000
SM_Debris_Floor_03 108.930000 0.050000 96.800000 0.000000 0.531411 0.000000 1.000000 1.000000 1.000000
SM_Debris_Floor_05 107.360000 -0.010000 91.910000 0.000000 0.591634 0.000000 1.000000 1.000000 1.000000
SM_Debris_Floor_03 117.520000 -0.020000 83.600000 0.000000 0.681772 0.000000 1.000000 1.000000 1.000000
SM_Floor_Ruined_08 64.290000 0.164805 86.360000 0.000000 5.421980 0.000000 1.000000 1.000000 1.000000
SM_Ash_Tree_02 42.693090 0.842337 68.588880 0.000000 1.864176 0.000000 1.000000 1.000000 1.000000
SM_Grass_Patch_02 43.672900 0.164806 62.801440 0.000000 0.000000 0.000000 1.000000 1.000000 1.000000
SM_Fern_07 43.914630 0.164805 62.205940 0.000000 0.290238 0.000000 1.000000 1.000000 1.000000
SM_Grass_Patch_09 52.267360 0.164804 64.411910 0.000000 0.000000 0.000000 1.000000 1.000000 1.000000
SM_Grass_Patch_09 45.897060 0.164804 65.688780 0.000000 0.000000 0.000000 1.000000 1.000000 1.000000
SM_Bush_08 48.077750 0.164802 68.091580 0.000000 0.000000 0.000000 1.000000 1.000000 1.000000
SM_Rock_Formation_01 58.420140 -0.630000 68.229650 0.000000 0.000000 0.000000 1.000000 1.000000 1.000000
SM_Ruins_09 54.870000 -0.260000 87.580000 0.000000 3.854115 0.000000 1.000000 1.000000 1.000000
SM_Ruins_08 70.930000 -0.170000 73.840000 0.000000 0.752812 0.000000 1.000000 1.000000 1.000000
SM_Rock_Pile_01 69.190000 0.140000 73.500000 0.000000 0.000000 0.000000 1.000000 1.000000 1.000000
SM_Ivy_Corner_Horizontal_01 54.490000 5.390000 86.396000 0.000000 2.288279 0.000000 1.000000 1.000000 1.000000
SM_Ivy_01 57.411970 3.472000 84.353640 0.000000 3.933403 0.000000 1.000000 1.000000 1.000000
SM_Cliff_Formation_03 74.640000 -8.750000 64.490000 0.000000 5.967091 0.000000 0.664000 0.664000 0.664000
SM_Ivy_Corner_03 70.665000 5.140000 75.060000 0.000000 0.756696 0.000000 1.000000 1.000000 1.000000
SM_Ivy_04 68.768000 6.539814 74.998000 0.000000 4.086090 0.000000 1.000000 1.000000 1.000000
SM_Scaffolding_10 50.910000 -0.080000 78.100000 0.000000 5.893029 0.000000 1.000000 1.000000 1.000000
SM_Tower_8Sided_Module_Ruined_01 54.745020 27.240000 49.579210 0.000000 3.280809 0.000000 1.000000 1.000000 1.000000
SM_Tower_8Sided_Trim_01 54.745020 20.645290 49.579210 -0.000001 4.066208 3.141587 1.006000 1.416000 1.006000
SM_Tower_8Sided_Trim_01 54.745020 27.752630 49.579210 -0.000001 4.066208 3.141587 1.006000 1.366000 1.006000
SM_Tower_8Sided_Module_Slit_01 54.745020 21.240000 49.579210 0.000000 4.066208 0.000000 1.000000 1.000000 1.000000
SM_Tower_8Sided_Module_01 54.745020 15.240000 49.579210 0.000000 4.066208 0.000000 1.000000 1.000000 1.000000
SM_Tower_8Sided_Base_01 54.745020 15.240000 49.579210 0.000000 4.066208 0.000000 1.000000 1.000000 1.000000
SM_Wall_Ruined_19 55.020000 0.210000 57.770000 0.000000 5.288086 0.000000 1.000000 1.000000 1.000000
SM_Window_01_Ruined_02 57.230000 0.234000 61.010000 0.000000 5.348157 0.000000 1.000000 1.000000 1.000000
SM_Window_01_Ruined_01 62.210000 0.210000 67.090000 0.000000 5.490559 0.000000 1.000000 1.000000 1.000000
SM_Wall_Ruined_20 59.603000 0.220000 64.119000 0.000000 5.380235 0.000000 1.000000 1.000000 1.000000
SM_Rock_Formation_01 67.850000 -0.070000 68.810000 0.000000 0.000000 0.000000 1.000000 1.000000 1.000000
SM_Ash_Tree_01 65.566080 0.604280 65.304710 0.000000 0.000000 0.000000 1.000000 1.000000 1.000000
SM_Bush_08 60.974400 1.153634 57.047230 0.000000 0.000000 0.000000 1.000000 1.000000 1.000000
SM_Bush_07 63.976300 1.153636 62.033460 0.000000 0.000000 0.000000 1.000000 1.000000 1.000000
SM_Ash_Tree_03 59.293720 1.153634 60.187440 0.000000 0.000000 0.000000 1.000000 1.000000 1.000000
SM_Bush_02 17.647830 3.431932 21.646920 0.000000 0.000000 0.000000 1.000000 1.000000 1.000000
SM_Bush_07 18.317980 2.764280 21.936330 0.000000 0.000000 0.000000 1.000000 1.000000 1.000000
SM_Grass_Patch_05 13.729900 3.424280 15.933250 0.000000 0.000000 0.000000 1.000000 1.000000 1.000000
SM_Grass_Patch_11 11.206660 3.465881 13.758240 0.000000 0.000000 0.000000 1.000000 1.000000 1.000000
SM_Rock_Formation_02 46.190000 1.430000 47.470000 0.000000 0.000000 0.000000 1.000000 1.000000 1.000000
SM_Wall_Ruined_17 47.420000 3.570775 46.420000 0.000000 5.577648 0.000000 1.000000 1.000000 1.000000
SM_Wall_Ruined_18 44.695000 3.570776 43.771000 0.000000 5.443735 0.000000 1.000000 1.000000 1.000000
SM_Wall_Ruined_20 42.338000 3.570774 40.637000 0.000000 5.264228 0.000000 1.000000 1.000000 1.000000
SM_Wall_Ruined_21 40.442000 3.570775 35.157000 0.000000 4.937834 0.000000 1.000000 1.000000 1.000000
SM_Wall_Ruined_22 39.766000 3.570774 27.334000 0.000000 1.513528 0.000000 1.000000 1.000000 1.000000
SM_Cliff_Formation_03 38.090000 -5.650000 8.980000 0.000000 0.000000 0.000000 0.664000 0.664000 0.664000
SM_Bush_07 35.708000 3.570774 17.933400 0.000000 0.000000 0.000000 1.000000 1.000000 1.000000
SM_Ash_Tree_02 42.040000 4.652777 23.850000 0.000000 5.270038 0.000000 0.888040 0.888040 0.888040
SM_Rack_05 49.080820 3.570774 41.514570 0.000000 0.000000 0.000000 1.000000 1.000000 1.000000
SM_Rack_01 48.052640 3.570773 39.246910 0.000000 0.838526 0.000000 1.000000 1.000000 1.000000
SM_Debris_01 46.056470 3.570775 36.622800 0.000000 0.000000 0.000000 1.000000 1.000000 1.000000
SM_Ruins_09 55.440000 3.918712 42.840000 0.000000 5.362355 0.000000 1.000000 1.000000 1.000000
SM_Ivy_Preset_08 50.340000 19.950800 50.410000 0.000000 3.265012 0.000000 1.000000 1.000000 1.000000
SM_Ivy_Preset_06 48.120000 3.490000 49.800000 6.282450 3.245865 0.037685 1.000000 1.000000 1.000000
SM_Ivy_Preset_02 50.320000 10.412230 45.710000 0.000000 2.429989 0.000000 1.000000 1.000000 1.000000
SM_Ivy_04 41.821000 6.592074 40.267000 0.000000 5.400175 0.000000 1.000000 1.000000 1.000000
SM_Bridge_8m_Extension_01 17.360000 3.424280 49.230000 0.000000 5.453647 0.000000 1.000000 1.000000 1.000000
SM_Rock_Pile_01 43.056580 3.240000 42.281080 0.000000 0.000000 0.000000 1.000000 1.000000 1.000000
SM_Wall_Ruined_21 25.720000 3.424280 52.400000 0.000000 5.522677 0.000000 1.000000 1.000000 1.000000
SM_Wall_Ruined_21 43.901000 3.424280 73.501000 0.000000 5.403919 0.000000 1.000000 1.000000 1.000000
SM_Window_01_Ruined_03 30.028000 3.424280 56.527000 0.000000 5.514227 0.000000 1.000000 1.000000 1.000000
SM_Wall_Ruined_22 33.919000 3.424280 61.032000 0.000000 5.381959 0.000000 1.000000 1.000000 1.000000
SM_Wall_Ruined_22 38.870000 3.424280 67.290000 0.000000 5.381959 0.000000 1.000000 1.000000 1.000000
SM_Rock_Formation_02 46.145370 1.916473 76.078100 0.000000 0.000000 0.000000 1.000000 1.000000 1.000000
SM_Bush_07 46.330300 3.126122 74.628660 0.000000 0.000000 0.000000 1.000000 1.000000 1.000000
SM_Ivy_Preset_04 20.870000 13.240000 46.850000 0.000000 0.759356 0.000000 1.000000 1.000000 1.000000
SM_Ivy_Preset_06 19.640000 4.230000 45.730000 0.000000 0.710988 0.000000 1.000000 1.000000 1.000000
SM_Ivy_Preset_08 15.720000 15.160000 45.230000 0.000000 2.162597 0.000000 1.000000 1.000000 1.000000
SM_Wall_Ruined_22 48.619000 3.424280 79.898000 0.000000 5.291443 0.000000 1.000000 1.000000 1.000000
SM_Bush_07 50.797900 1.665795 81.404750 0.000000 0.000000 0.000000 1.000000 1.000000 1.000000
SM_Bush_08 52.052040 1.858424 83.021770 0.000000 0.000000 0.000000 1.000000 1.000000 1.000000
SM_Rock_Formation_01 51.250000 0.910000 83.110000 0.000000 0.000000 0.000000 0.781970 0.781970 0.781970
SM_Wall_Ruined_27 50.795000 3.424280 83.222000 0.000000 2.272798 0.000000 1.000000 1.000000 1.000000
SM_Plant_01 53.191560 3.020000 84.124260 5.966643 5.959428 0.000000 1.000000 1.000000 1.000000
SM_Window_8m_01 58.180000 0.750777 92.280000 0.000000 5.392445 0.000000 1.000000 1.000000 1.000000
SM_Ash_Tree_02 58.857670 0.750777 87.685680 0.000000 0.000000 0.000000 1.000000 1.000000 1.000000
SM_Bush_07 65.523080 0.402965 91.373890 0.000000 0.000000 0.000000 1.000000 1.000000 1.000000
SM_Bush_08 83.400990 0.457792 90.484570 0.000000 0.000000 0.000000 1.000000 1.000000 1.000000
SM_Fern_09 77.040840 0.164803 86.863870 0.000000 0.000000 0.000000 1.000000 1.000000 1.000000
SM_Wall_Ruined_08 60.678000 0.750779 95.343000 0.000000 2.140261 0.000000 1.000000 1.000000 1.000000
SM_Ruins_09 63.550000 0.750779 99.620000 0.000000 2.492359 0.000000 1.000000 1.000000 1.000000
SM_Ruins_05 20.740000 3.424280 60.790000 0.000000 5.371068 0.000000 1.000000 1.000000 1.000000
SM_Rock_Medium_01 25.859360 3.424280 50.397750 0.000000 0.000000 0.000000 1.000000 1.000000 1.000000
SM_Rock_Pile_01 28.500770 3.350000 53.992160 0.000000 0.000000 0.000000 1.000000 1.000000 1.000000
SM_Rock_Pile_01 24.611050 3.410000 63.629360 0.000000 0.000000 0.000000 1.000000 1.000000 1.000000
SM_Rock_Pile_01 22.201840 3.260000 54.937540 0.000000 1.400007 0.000000 1.000000 1.000000 1.000000
SM_Floor_Ruined_09 24.171340 3.424280 58.556950 0.000000 0.711732 0.000000 1.000000 1.000000 1.000000
SM_Floor_Ruined_11 17.140000 3.424280 64.970000 0.000000 0.742236 0.000000 1.000000 1.000000 1.000000
SM_Bush_07 27.642230 3.424280 59.946810 0.000000 0.000000 0.000000 1.000000 1.000000 1.000000
SM_Ash_Tree_03 30.065180 3.424280 63.393380 0.000000 0.000000 0.000000 1.000000 1.000000 1.000000
SM_Ash_Tree_03 21.950000 3.424280 53.020000 0.000000 2.668412 0.000000 1.000000 1.000000 1.000000
SM_Bush_07 50.159550 0.167901 70.524860 0.000000 0.000000 0.000000 1.000000 1.000000 1.000000
SM_Grass_Patch_02 52.892750 0.164803 67.577940 0.000000 0.000000 0.000000 1.000000 1.000000 1.000000
SM_Bush_05 51.379670 0.164804 67.174420 0.000000 0.000000 0.000000 1.000000 1.000000 1.000000
SM_Bush_06 53.249150 0.164804 66.229530 0.000000 0.000000 0.000000 1.000000 1.000000 1.000000
SM_Grass_Patch_11 50.658860 0.164804 67.678020 0.000000 0.000000 0.000000 1.000000 1.000000 1.000000
SM_Grass_Patch_01 51.618850 0.164805 69.597500 0.000000 0.000000 0.000000 1.000000 1.000000 1.000000
SM_Fern_07 50.568350 0.164805 69.890210 0.000000 0.000000 0.000000 1.000000 1.000000 1.000000
SM_Fern_07 49.376630 0.164805 69.159290 0.000000 1.265735 0.000000 1.000000 1.000000 1.000000
SM_Grass_Patch_02 54.113000 0.164806 69.719400 0.000000 0.000000 0.000000 1.000000 1.000000 1.000000
SM_Grass_Patch_06 53.900060 0.092000 71.422760 0.000000 0.000000 0.000000 1.000000 1.000000 1.000000
SM_Grass_Patch_08 55.614860 0.040000 72.327280 0.000000 0.000000 0.000000 1.000000 1.000000 1.000000
SM_Grass_Low_03 51.543660 0.169222 72.343960 0.000000 0.000000 0.000000 1.000000 1.000000 1.000000
SM_Rock_01 71.317650 0.920000 105.125100 0.000000 5.145094 0.000000 1.000000 1.000000 1.000000
SM_Wooden_Floor_Ruined_08 68.189680 19.653630 53.349980 0.000000 6.107313 0.000000 1.000000 1.000000 1.000000
SM_Floor_Large_01 68.189680 13.153630 53.349980 0.000000 6.107313 0.000000 1.035000 1.035000 1.035000
SM_Trim_Tower_8m_01 68.189680 12.974480 53.349980 0.000000 6.107313 0.000000 1.025000 0.881000 1.025000
SM_Archway_Thick_8m_01 68.889550 13.153630 49.411690 0.000000 6.107313 0.000000 1.000000 1.000000 1.000000
SM_Archway_Thick_8m_01 64.251380 13.153630 52.650120 0.000000 4.536515 0.000000 1.000000 1.000000 1.000000
SM_Archway_Thick_8m_01 72.127980 13.153630 54.049850 0.000000 4.536515 0.000000 1.000000 1.000000 1.000000
SM_Archway_Thick_8m_01 67.489810 13.153630 57.288280 0.000000 6.107313 0.000000 1.000000 1.000000 1.000000
SM_Archway_Thick_8m_01 72.127980 1.153633 54.049850 0.000000 4.536515 0.000000 1.000000 1.000000 1.000000
SM_Archway_Thick_8m_01 68.889550 1.153633 49.411690 0.000000 6.107313 0.000000 1.000000 1.000000 1.000000
SM_Wall_Thick_Ruined_03 72.477910 19.153630 52.080700 0.000000 1.394925 0.000000 1.000000 1.000000 1.000000
SM_Wall_Thick_Ruined_017 72.335560 19.153630 50.024070 0.000000 6.107304 0.000000 1.000000 1.090000 1.000000
SM_Wall_Thick_Ruined_04 66.012950 19.153630 57.025830 0.000000 6.107313 0.000000 1.000000 1.000000 1.000000
SM_Wall_Thick_Ruined_01 69.951250 19.153630 57.725700 0.000000 2.965717 0.000000 1.000000 1.000000 1.000000
SM_Brick_Column_Ruined_03 63.717120 19.055730 56.513760 0.000000 6.107313 0.000000 1.000000 1.000000 1.000000
SM_Wall_Thick_Ruined_03 63.988930 19.153630 54.126980 0.000000 4.536515 0.000000 1.000000 1.000000 1.000000
SM_Wall_Thick_Ruined_04 64.688800 19.153630 50.188680 0.000000 4.536515 0.000000 1.000000 1.000000 1.000000
SM_Wall_Thick_Ruined_01 66.920400 19.153630 49.061750 0.000000 6.107313 0.000000 1.000000 1.000000 1.000000
SM_Wall_Thick_Ruined_013 71.515590 19.153630 57.495860 0.000000 1.394926 0.000000 1.000000 1.000000 1.000000
SM_Wall_Thick_Ruined_02 71.942610 19.153630 55.032580 0.000000 4.536515 0.000000 1.000000 1.000000 1.000000
SM_Brick_Column_Ruined_02 72.827840 19.153630 50.111550 0.000000 6.107313 0.000000 0.890000 0.910000 0.890000
SM_Trim_Tower_8m_01 68.189680 19.153630 53.349980 0.000000 6.107313 0.000000 1.025000 0.881000 1.025000
SM_Archway_Thick_8m_01 64.251380 1.153633 52.650120 0.000000 4.536515 0.000000 1.000000 1.000000 1.000000
SM_Floor_Large_01 68.189680 7.653633 53.349980 0.000000 6.107313 0.000000 1.000000 1.000000 1.000000
SM_Wooden_Floor_02 70.421280 7.153633 52.223060 0.000000 6.107313 0.000000 1.000000 1.000000 1.000000
SM_Wooden_Floor_02 66.482980 7.153633 51.523190 0.000000 6.107313 0.000000 1.000000 1.000000 1.000000
SM_Wooden_Floor_02 69.721410 7.153633 56.161350 0.000000 6.107313 0.000000 1.000000 1.000000 1.000000
SM_Wooden_Floor_02 65.783110 7.153633 55.461490 0.000000 6.107313 0.000000 1.000000 1.000000 1.000000
SM_Trim_Tower_8m_01 68.189680 7.153633 53.349980 0.000000 6.107313 0.000000 1.025000 0.881000 1.025000
SM_Wall_Thick_Corner_03 64.951250 1.153633 48.711820 0.000000 4.536523 0.000000 1.000000 1.000000 1.000000
SM_Wall_Thick_Corner_03 63.551510 1.153633 56.588410 0.000000 6.107313 0.000000 1.000000 1.000000 1.000000
SM_Wall_Thick_8m_01 67.489810 7.153633 57.288280 0.000000 6.107313 0.000000 1.000000 1.000000 1.000000
SM_Wall_Thick_Corner_03 64.951250 13.153630 48.711820 0.000000 4.536523 0.000000 1.000000 1.000000 1.000000
SM_Wall_Thick_Corner_03 72.827840 13.153630 50.111550 0.000000 2.965724 0.000000 1.000000 1.000000 1.000000
SM_Wall_Thick_Corner_03 71.428110 13.153630 57.988150 0.000000 1.394926 0.000000 1.000000 1.000000 1.000000
SM_Wall_Thick_Corner_03 63.551510 13.153630 56.588410 0.000000 6.107313 0.000000 1.000000 1.000000 1.000000
SM_Wall_Thick_Corner_03 64.951250 7.153633 48.711820 0.000000 4.536523 0.000000 1.000000 1.000000 1.000000
SM_Wall_Thick_Corner_03 72.827840 7.153633 50.111550 0.000000 2.965724 0.000000 1.000000 1.000000 1.000000
SM_Wall_Thick_Corner_03 71.428110 7.153633 57.988150 0.000000 1.394926 0.000000 1.000000 1.000000 1.000000
SM_Wall_Thick_Corner_03 63.551510 7.153633 56.588410 0.000000 6.107313 0.000000 1.000000 1.000000 1.000000
SM_Wall_Thick_8m_01 68.889550 7.153633 49.411690 0.000000 6.107314 0.000000 1.000000 1.000000 1.000000
SM_Wall_Thick_8m_01 72.127980 7.153633 54.049850 0.000000 4.536515 0.000000 1.000000 1.000000 1.000000
SM_Wall_Thick_8m_01 64.251380 7.153633 52.650120 0.000000 4.536515 0.000000 1.000000 1.000000 1.000000
SM_Wall_Thick_Corner_03 72.827840 1.153633 50.111550 0.000000 2.965724 0.000000 1.000000 1.000000 1.000000
SM_Wall_Thick_Corner_03 71.428110 1.153633 57.988150 0.000000 1.394926 0.000000 1.000000 1.000000 1.000000
SM_Archway_Thick_8m_01 67.489810 1.153633 57.288280 0.000000 6.107313 0.000000 1.000000 1.000000 1.000000
SM_Ruins_01 73.120000 0.273312 110.340000 0.000000 4.368904 0.000000 1.000000 1.000000 1.000000
SM_Ruins_06 57.280000 0.050000 115.280000 0.000000 5.753536 0.000000 1.000000 1.000000 1.000000
SM_Hourd_02 55.720000 1.370000 109.830000 0.000000 4.110719 0.000000 1.000000 1.000000 1.000000
SM_Scaffolding_09 53.640000 1.100000 101.790000 0.000000 0.000000 0.000000 1.000000 1.000000 1.000000
SM_Rack_06 66.198880 -0.240000 114.723500 0.000000 0.000000 0.000000 1.000000 1.000000 1.000000
SM_Wooden_Support_04 69.052780 -0.250000 114.147000 0.000000 0.000000 0.000000 1.000000 1.000000 1.000000
SM_Ash_Tree_01 61.951000 -0.050000 108.388300 0.000000 0.280267 0.000000 0.611090 0.611090 0.611090
SM_Ivy_Preset_08 72.390000 8.847516 110.310000 0.000000 2.655041 0.000000 1.000000 1.000000 1.000000
SM_Ruins_04 32.240000 4.260000 75.130000 0.000000 5.432250 0.000000 1.000000 1.000000 1.000000
SM_Trim_05a 37.367550 4.657715 72.576030 0.000000 0.000000 0.000000 1.000000 1.000000 1.000000
SM_Trim_Curved_02 41.072190 4.664280 85.788990 0.051165 0.000000 0.000000 1.000000 1.000000 1.000000
SM_Roof_8m_04 35.900000 4.449734 77.580000 0.000000 0.734075 0.000000 1.000000 1.000000 1.000000
SM_Cover_02 32.168310 3.520000 68.533360 0.000000 3.771101 0.000000 1.000000 1.000000 1.000000
SM_Crate_Broken_02 30.870350 3.480076 67.255530 0.000000 0.000000 0.000000 1.000000 1.000000 1.000000
SM_Chair_02 33.352870 3.972146 71.620120 0.000000 0.000000 0.000000 1.000000 1.000000 1.000000
SM_Crate_03 34.351480 4.014280 73.335860 0.000000 0.000000 0.000000 1.000000 1.000000 1.000000
SM_Barrel_01 28.216430 3.518097 68.667500 0.000000 0.000000 0.000000 1.000000 1.000000 1.000000
Chest_01 28.479850 3.431839 64.993110 0.000000 1.460048 0.000000 1.000000 1.000000 1.000000
SM_Candle_02 65.281300 0.812962 115.001000 0.000000 0.000000 0.000000 1.121000 1.239000 1.121000
SM_Chair_02 67.004510 0.164804 108.843600 0.000000 0.000000 0.000000 1.000000 1.000000 1.000000
SM_Chest_01 68.503290 0.172356 110.879700 0.000000 0.000000 0.000000 1.000000 1.000000 1.000000
SM_Chest_lid_01 70.194630 0.164806 109.537000 0.000000 5.768540 0.000000 1.000000 1.000000 1.000000
SM_Crate_Broken_01 62.677810 -0.035720 106.297300 0.000000 0.000000 0.000000 1.000000 1.000000 1.000000
SM_Cupboard_02 62.769330 0.070000 114.853600 0.000000 5.786397 0.000000 1.000000 1.000000 1.000000
SM_Candlestick_Wall_02 70.732000 2.859641 112.983000 0.000000 2.871749 0.000000 1.000000 1.000000 1.000000
SM_Chest_01 44.151540 3.578332 31.582710 0.000000 0.000000 0.000000 1.000000 1.000000 1.000000
SM_Crate_04 44.603830 3.570772 27.550910 0.000000 0.000000 0.000000 1.000000 1.000000 1.000000
SM_Crate_03 47.324380 3.570773 33.151820 0.000000 1.208915 0.000000 1.000000 1.000000 1.000000
SM_Ruins_10 33.170000 4.480093 81.090000 0.000000 3.975131 0.000000 1.000000 1.000000 1.000000
SM_Bush_07 68.841170 0.265021 88.834230 0.000000 0.000000 0.000000 1.000000 1.000000 1.000000
SM_Grass_Patch_11 69.205810 0.184241 87.501670 0.000000 0.000000 0.000000 1.000000 1.000000 1.000000
SM_Grass_Patch_09 69.540860 0.192179 86.368850 0.000000 0.000000 0.000000 1.000000 1.000000 1.000000
SM_Fern_09 67.259830 0.165482 82.025630 0.000000 0.000000 0.000000 1.000000 1.000000 1.000000
SM_Grass_Patch_06 67.479490 0.186080 86.301280 0.000000 0.000000 0.000000 1.000000 1.000000 1.000000
SM_Grass_Patch_04 68.019080 0.186157 82.921620 0.000000 0.000000 0.000000 1.000000 1.000000 1.000000
SM_Grass_Patch_10 66.219040 0.173317 86.847200 0.000000 0.000000 0.000000 1.000000 1.000000 1.000000
SM_Grass_Low_Dry_03 64.301460 0.171692 85.159310 0.000000 0.000000 0.000000 1.000000 1.000000 1.000000
SM_Rock_Small_01 66.458510 0.289940 83.806420 0.000000 0.000000 0.000000 1.000000 1.000000 1.000000
SM_Rock_Small_02 65.125730 0.164809 83.008520 0.000000 0.000000 0.000000 1.000000 1.000000 1.000000
SM_Rock_Small_03 66.748310 0.164805 81.743870 0.000000 0.000000 0.000000 1.000000 1.000000 1.000000
SM_Rock_Small_01 66.994100 0.289938 81.239030 0.000000 0.000000 0.000000 1.000000 1.000000 1.000000
SM_Rock_Small_02 63.286940 0.164803 85.219120 0.000000 0.000000 0.000000 1.000000 1.000000 1.000000
SM_Rock_Small_03 63.384900 0.164804 84.782370 0.000000 0.000000 0.000000 1.000000 1.000000 1.000000
SM_Ruins_02 102.280000 0.249939 116.210000 0.000000 1.761509 0.000000 1.000000 1.000000 1.000000
SM_Wooden_Floor_Ruined_08 88.480000 19.041100 111.970000 0.000000 3.050042 0.000000 1.000000 1.000000 1.000000
SM_Floor_Large_01 88.480000 12.541100 111.970000 0.000000 3.050042 0.000000 1.035000 1.035000 1.035000
SM_Trim_Tower_8m_01 88.480000 12.361950 111.970000 0.000000 3.050042 0.000000 1.025000 0.881000 1.025000
SM_Archway_Thick_8m_01 88.114310 12.541100 115.953200 0.000000 3.050042 0.000000 1.000000 1.000000 1.000000
SM_Archway_Thick_8m_01 92.463250 12.541100 112.335700 0.000000 1.479244 0.000000 1.000000 1.000000 1.000000
SM_Archway_Thick_8m_01 84.496750 12.541100 111.604300 0.000000 1.479244 0.000000 1.000000 1.000000 1.000000
SM_Archway_Thick_8m_01 88.845690 12.541100 107.986800 0.000000 3.050042 0.000000 1.000000 1.000000 1.000000
SM_Archway_Thick_8m_01 84.496750 0.541101 111.604300 0.000000 1.479244 0.000000 1.000000 1.000000 1.000000
SM_Archway_Thick_8m_01 88.114310 0.541101 115.953200 0.000000 3.050042 0.000000 1.000000 1.000000 1.000000
SM_Wall_Thick_Ruined_03 84.313900 18.541100 113.595900 0.000000 4.620840 0.000000 1.000000 1.000000 1.000000
SM_Wall_Thick_Ruined_017 84.628970 18.541100 115.633300 0.000000 3.050033 0.000000 1.000000 1.090000 1.000000
SM_Wall_Thick_Ruined_04 90.339410 18.541100 108.123900 0.000000 3.050042 0.000000 1.000000 1.000000 1.000000
SM_Wall_Thick_Ruined_01 86.356160 18.541100 107.758200 0.000000 6.191632 0.000000 1.000000 1.000000 1.000000
SM_Brick_Column_Ruined_03 92.670200 18.443200 108.440800 0.000000 3.050042 0.000000 1.000000 1.000000 1.000000
SM_Wall_Thick_Ruined_03 92.600390 18.541100 110.842000 0.000000 1.479244 0.000000 1.000000 1.000000 1.000000
SM_Wall_Thick_Ruined_04 92.234700 18.541100 114.825200 0.000000 1.479244 0.000000 1.000000 1.000000 1.000000
SM_Wall_Thick_Ruined_01 90.105930 18.541100 116.136100 0.000000 3.050042 0.000000 1.000000 1.000000 1.000000
SM_Wall_Thick_Ruined_013 84.816730 18.541100 108.119000 0.000000 4.620841 0.000000 1.000000 1.000000 1.000000
SM_Wall_Thick_Ruined_02 84.598690 18.541100 110.609500 0.000000 1.479244 0.000000 1.000000 1.000000 1.000000
SM_Brick_Column_Ruined_02 84.131070 18.541100 115.587600 0.000000 3.050042 0.000000 0.890000 0.910000 0.890000
SM_Trim_Tower_8m_01 88.480000 18.541100 111.970000 0.000000 3.050042 0.000000 1.025000 0.881000 1.025000
SM_Archway_Thick_8m_01 92.463250 0.541101 112.335700 0.000000 1.479244 0.000000 1.000000 1.000000 1.000000
SM_Floor_Large_01 88.480000 7.041101 111.970000 0.000000 3.050042 0.000000 1.000000 1.000000 1.000000
SM_Wooden_Floor_02 86.351240 6.541101 113.280900 0.000000 3.050042 0.000000 1.000000 1.000000 1.000000
SM_Wooden_Floor_02 90.334500 6.541101 113.646600 0.000000 3.050042 0.000000 1.000000 1.000000 1.000000
SM_Wooden_Floor_02 86.716930 6.541101 109.297600 0.000000 3.050042 0.000000 1.000000 1.000000 1.000000
SM_Wooden_Floor_02 90.700180 6.541101 109.663300 0.000000 3.050042 0.000000 1.000000 1.000000 1.000000
SM_Trim_Tower_8m_01 88.480000 6.541101 111.970000 0.000000 3.050042 0.000000 1.025000 0.881000 1.025000
SM_Wall_Thick_Corner_03 92.097560 0.541101 116.318900 0.000000 1.479252 0.000000 1.000000 1.000000 1.000000
SM_Wall_Thick_Corner_03 92.828940 0.541101 108.352400 0.000000 3.050042 0.000000 1.000000 1.000000 1.000000
SM_Wall_Thick_8m_01 88.845690 6.541101 107.986800 0.000000 3.050042 0.000000 1.000000 1.000000 1.000000
SM_Wall_Thick_Corner_03 92.097560 12.541100 116.318900 0.000000 1.479252 0.000000 1.000000 1.000000 1.000000
SM_Wall_Thick_Corner_03 84.131070 12.541100 115.587600 0.000000 6.191639 0.000000 1.000000 1.000000 1.000000
SM_Wall_Thick_Corner_03 84.862440 12.541100 107.621100 0.000000 4.620841 0.000000 1.000000 1.000000 1.000000
SM_Wall_Thick_Corner_03 92.828940 12.541100 108.352400 0.000000 3.050042 0.000000 1.000000 1.000000 1.000000
SM_Wall_Thick_Corner_03 92.097560 6.541101 116.318900 0.000000 1.479252 0.000000 1.000000 1.000000 1.000000
SM_Wall_Thick_Corner_03 84.131070 6.541101 115.587600 0.000000 6.191639 0.000000 1.000000 1.000000 1.000000
SM_Wall_Thick_Corner_03 84.862440 6.541101 107.621100 0.000000 4.620841 0.000000 1.000000 1.000000 1.000000
SM_Wall_Thick_Corner_03 92.828940 6.541101 108.352400 0.000000 3.050042 0.000000 1.000000 1.000000 1.000000
SM_Wall_Thick_8m_01 88.114310 6.541101 115.953200 0.000000 3.050043 0.000000 1.000000 1.000000 1.000000
SM_Wall_Thick_8m_01 84.496750 6.541101 111.604300 0.000000 1.479244 0.000000 1.000000 1.000000 1.000000
SM_Wall_Thick_8m_01 92.463250 6.541101 112.335700 0.000000 1.479244 0.000000 1.000000 1.000000 1.000000
SM_Wall_Thick_Corner_03 84.131070 0.541101 115.587600 0.000000 6.191639 0.000000 1.000000 1.000000 1.000000
SM_Wall_Thick_Corner_03 84.862440 0.541101 107.621100 0.000000 4.620841 0.000000 1.000000 1.000000 1.000000
SM_Archway_Thick_8m_01 88.845690 0.541101 107.986800 0.000000 3.050042 0.000000 1.000000 1.000000 1.000000
SM_Barrel_01 83.217590 0.164805 112.087300 0.000000 0.000000 0.000000 1.000000 1.000000 1.000000
SM_Bucket_01 76.616060 0.165677 113.216200 0.000000 0.000000 0.000000 1.000000 1.000000 1.000000
SM_Barrels_03 78.220000 0.164805 114.270000 0.000000 6.032276 0.000000 1.000000 1.000000 1.000000
SM_Crate_01 75.117150 0.206634 112.497100 0.000000 5.624727 0.000000 1.000000 1.000000 1.000000
SM_Candlestick_03 75.287610 1.213444 112.165100 0.000000 0.000000 0.000000 1.000000 1.000000 1.000000
SM_Chest_01 78.954440 0.172363 112.077700 0.000000 0.000000 0.000000 1.000000 1.000000 1.000000
SM_Chest_lid_01 78.985050 0.853503 112.012000 0.000000 5.398532 0.000000 1.000000 1.000000 1.000000
SM_Background_Tree_01 75.364290 -1.840000 122.727600 0.000000 5.679124 0.000000 1.000000 1.000000 1.000000
SM_Wall_Ruined_21 107.780000 0.350000 109.480000 0.000000 0.546244 0.000000 1.000000 1.000000 1.000000
SM_Wall_Ruined_21 114.612000 0.350000 105.330000 0.000000 0.546244 0.000000 1.000000 1.000000 1.000000
SM_Wall_Ruined_21 121.129000 0.350000 100.737000 0.000000 0.684210 0.000000 1.000000 1.000000 1.000000
SM_Bush_07 80.997670 -0.520000 92.147800 0.000000 0.000000 0.000000 1.000000 1.000000 1.000000
SM_Grass_Patch_09 77.509280 -0.039000 95.972110 0.000000 0.000000 0.000000 1.000000 1.000000 1.000000
SM_Grass_Patch_02 78.512570 0.188487 94.890130 0.000000 0.000000 0.000000 1.000000 1.000000 1.000000
SM_Fern_09 79.073000 0.165478 94.221650 0.000000 0.000000 0.000000 1.000000 1.000000 1.000000
SM_Grass_Low_01 89.626140 0.164804 99.175250 0.000000 0.000000 0.000000 1.000000 1.000000 1.000000
SM_Fern_05 90.367650 0.167337 98.775200 0.000000 0.000000 0.000000 1.000000 1.000000 1.000000
SM_Grass_Patch_08 98.740740 -0.040000 97.913400 0.000000 0.000000 0.000000 1.000000 1.000000 1.000000
SM_Grass_Patch_11 89.277130 0.184237 100.415300 0.000000 0.000000 0.000000 1.000000 1.000000 1.000000
SM_Grass_Patch_09 98.945240 0.732739 103.432800 0.000000 0.000000 0.000000 1.000000 1.000000 1.000000
SM_Bush_02 94.155500 0.176796 99.561420 0.000000 0.000000 0.000000 1.000000 1.000000 1.000000
SM_Bush_03 92.152400 0.197347 100.748500 0.000000 0.000000 0.000000 1.000000 1.000000 1.000000
SM_Ash_Tree_01 51.770000 1.274280 14.800000 0.000000 0.000000 0.000000 1.000000 1.000000 1.000000
SM_Cliff_Formation_02 121.969700 1.240000 112.810100 0.000000 1.136917 0.000000 0.664000 0.664000 0.664000
SM_Cliff_Formation_02 110.297900 -6.425720 124.191700 0.000000 4.579476 0.000000 0.664000 0.664000 0.664000
SM_Cliff_Formation_02_LOD0 110.297900 -6.425720 124.191700 0.000000 4.579476 0.000000 1.000000 1.000000 1.000000
SM_Cliff_Formation_02_LOD1 110.297900 -6.425720 124.191700 0.000000 4.579476 0.000000 1.000000 1.000000 1.000000
SM_Cliff_Formation_02_LOD2 110.297900 -6.425720 124.191700 0.000000 4.579476 0.000000 1.000000 1.000000 1.000000
SM_Cliff_Formation_02_LOD3 110.297900 -6.425720 124.191700 0.000000 4.579476 0.000000 1.000000 1.000000 1.000000
SM_Cliff_Formation_02 156.380600 -0.875720 80.019550 0.000000 1.136917 0.000000 0.664000 0.664000 0.664000
SM_Cliff_Formation_02 170.520600 3.194280 55.699550 0.000000 1.136917 0.000000 0.664000 0.664000 0.664000
SM_Cliff_Formation_02 165.700600 -1.375720 18.669550 0.000000 1.136917 0.000000 0.664000 0.664000 0.664000
SM_Cliff_Formation_02 166.980600 -3.665720 35.979550 0.000000 1.676927 0.000000 0.664000 0.664000 0.664000
SM_Cliff_Formation_02 98.380650 -9.405720 59.269550 0.000000 1.136917 0.000000 0.933982 0.933982 0.933982
SM_Cliff_Formation_02 86.719640 -9.975719 43.599750 0.000000 1.978185 0.000000 1.143101 1.143101 1.143101
SM_Ivy_Preset_03 89.080000 8.842756 107.420000 0.000000 1.465063 0.000000 1.000000 1.000000 1.000000
SM_Ivy_Corner_03 84.830000 18.070000 106.880000 0.000000 3.001398 0.000000 1.000000 1.000000 1.000000
SM_Ash_Tree_02 106.880000 0.030000 114.340000 0.000000 5.220778 0.000000 1.000000 1.000000 1.000000
SM_Bush_07 108.994900 -0.510000 111.365700 0.000000 0.000000 0.000000 1.000000 1.000000 1.000000
SM_Bush_08 105.040400 0.590000 114.155100 0.000000 0.000000 0.000000 1.000000 1.000000 1.000000
SM_Ruins_09 124.940000 0.580000 97.240000 0.000000 3.861142 0.000000 1.000000 1.000000 1.000000
SM_Ruins_09 135.820000 0.610000 87.210000 0.000000 0.766955 0.000000 1.000000 1.000000 1.000000
SM_Ash_Tree_01 74.765000 0.145280 100.413500 0.000000 0.214573 0.000000 0.781970 0.781970 0.781970
SM_Ash_Tree_02 93.574170 0.695840 92.466460 0.000000 0.000000 0.000000 1.000000 1.000000 1.000000
SM_Bush_07 89.925950 -0.790000 104.727600 0.000000 0.000000 0.000000 1.000000 1.000000 1.000000
SM_Crate_01 85.990000 0.350000 91.940000 0.000000 0.000000 0.000000 1.000000 1.000000 1.000000
SM_Barrels_02 68.143740 0.695842 99.051040 0.000000 0.000000 0.000000 1.000000 1.000000 1.000000
SM_Crate_Broken_01 77.514010 0.321000 88.994620 0.000000 0.000000 0.000000 1.000000 1.000000 1.000000
SM_Scaffolding_08 80.130390 0.170000 103.410200 0.000000 0.000000 0.000000 1.000000 1.000000 1.000000
SM_Canopy_01 106.530000 0.370000 104.390000 0.000000 0.406171 0.000000 1.000000 1.000000 1.000000
SM_Crate_02 105.494200 0.713114 105.610800 0.000000 0.448969 0.000000 1.000000 1.000000 1.000000
SM_Rock_Medium_01 82.112640 0.760000 89.751590 0.000000 0.000000 0.000000 1.000000 1.000000 1.000000
SM_Rock_Formation_03 80.995450 0.430000 86.916310 0.000000 5.865810 0.000000 0.522670 0.522670 0.522670
SM_Grass_Patch_01 135.203300 0.184521 71.512640 0.000000 0.000000 0.000000 1.000000 1.000000 1.000000
SM_Grass_Patch_09 132.346000 0.192179 69.020950 0.000000 0.000000 0.000000 1.000000 1.000000 1.000000
SM_Ash_Tree_02 126.373400 0.695841 92.029050 0.000000 0.000000 0.000000 1.000000 1.000000 1.000000
SM_Wall_Ruined_18 137.630000 0.556000 84.300000 0.000000 1.151014 0.000000 1.000000 1.000000 1.000000
SM_Wall_Ruined_22 139.970000 0.570754 78.850000 0.000000 1.177062 0.000000 1.000000 1.000000 1.000000
SM_Wall_Ruined_22 142.989000 0.570754 71.598000 0.000000 1.177062 0.000000 1.000000 1.000000 1.000000
SM_Rock_Formation_02 141.635000 -0.030000 70.147290 0.000000 0.000000 0.000000 1.000000 1.000000 1.000000
SM_Bush_07 139.504300 0.490000 73.707550 0.000000 0.000000 0.000000 1.000000 1.000000 1.000000
SM_Bush_08 138.394900 0.250000 72.315220 0.000000 0.000000 0.000000 1.000000 1.000000 1.000000
SM_Scaffolding_11 138.907500 0.695840 75.044280 0.000000 5.945956 0.000000 1.000000 1.000000 1.000000
SM_Barrels_01 138.998600 0.706023 75.393210 0.000000 0.000000 0.000000 1.000000 1.000000 1.000000
SM_Wooden_Floor_Ruined_08 90.043870 19.674840 85.680000 0.000000 0.000000 0.000000 1.000000 1.000000 1.000000
SM_Floor_Large_01 90.043870 13.174840 85.680000 0.000000 0.000000 0.000000 1.035000 1.035000 1.035000
SM_Trim_Tower_8m_01 90.043870 12.995690 85.680000 0.000000 0.000000 0.000000 1.025000 0.881000 1.025000
SM_Archway_Thick_8m_01 90.043870 13.174840 81.680000 0.000000 0.000000 0.000000 1.000000 1.000000 1.000000
SM_Archway_Thick_8m_01 86.043870 13.174840 85.680000 0.000000 4.712387 0.000000 1.000000 1.000000 1.000000
SM_Archway_Thick_8m_01 94.043870 13.174840 85.680000 0.000000 4.712387 0.000000 1.000000 1.000000 1.000000
SM_Archway_Thick_8m_01 90.043870 13.174840 89.680000 0.000000 0.000000 0.000000 1.000000 1.000000 1.000000
SM_Archway_Thick_8m_01 94.043870 1.174836 85.680000 0.000000 4.712387 0.000000 1.000000 1.000000 1.000000
SM_Archway_Thick_8m_01 90.043870 1.174836 81.680000 0.000000 0.000000 0.000000 1.000000 1.000000 1.000000
SM_Wall_Thick_Ruined_03 94.043870 19.174840 83.680000 0.000000 1.570798 0.000000 1.000000 1.000000 1.000000
SM_Wall_Thick_Ruined_017 93.543870 19.174840 81.680000 0.000000 -0.000009 0.000000 1.000000 1.090000 1.000000
SM_Wall_Thick_Ruined_04 88.543870 19.174840 89.680000 0.000000 0.000000 0.000000 1.000000 1.000000 1.000000
SM_Wall_Thick_Ruined_01 92.543870 19.174840 89.680000 0.000000 3.141589 0.000000 1.000000 1.000000 1.000000
SM_Brick_Column_Ruined_03 86.193860 19.076930 89.577510 0.000000 0.000000 0.000000 1.000000 1.000000 1.000000
SM_Wall_Thick_Ruined_03 86.043870 19.174840 87.180000 0.000000 4.712387 0.000000 1.000000 1.000000 1.000000
SM_Wall_Thick_Ruined_04 86.043870 19.174840 83.180000 0.000000 4.712387 0.000000 1.000000 1.000000 1.000000
SM_Wall_Thick_Ruined_01 88.043870 19.174840 81.680000 0.000000 0.000000 0.000000 1.000000 1.000000 1.000000
SM_Wall_Thick_Ruined_013 94.043870 19.174840 89.180000 0.000000 1.570798 0.000000 1.000000 1.000000 1.000000
SM_Wall_Thick_Ruined_02 94.033310 19.174840 86.680000 0.000000 4.712387 0.000000 1.000000 1.000000 1.000000
SM_Brick_Column_Ruined_02 94.043870 19.174840 81.680000 0.000000 0.000000 0.000000 0.890000 0.910000 0.890000
SM_Trim_Tower_8m_01 90.043870 19.174840 85.680000 0.000000 0.000000 0.000000 1.025000 0.881000 1.025000
SM_Archway_Thick_8m_01 86.043870 1.174836 85.680000 0.000000 4.712387 0.000000 1.000000 1.000000 1.000000
SM_Floor_Large_01 90.043870 7.674836 85.680000 0.000000 0.000000 0.000000 1.000000 1.000000 1.000000
SM_Wooden_Floor_02 92.043870 7.174836 84.180000 0.000000 0.000000 0.000000 1.000000 1.000000 1.000000
SM_Wooden_Floor_02 88.043870 7.174836 84.180000 0.000000 0.000000 0.000000 1.000000 1.000000 1.000000
SM_Wooden_Floor_02 92.043870 7.174836 88.180000 0.000000 0.000000 0.000000 1.000000 1.000000 1.000000
SM_Wooden_Floor_02 88.043870 7.174836 88.180000 0.000000 0.000000 0.000000 1.000000 1.000000 1.000000
SM_Trim_Tower_8m_01 90.043870 7.174836 85.680000 0.000000 0.000000 0.000000 1.025000 0.881000 1.025000
SM_Wall_Thick_Corner_03 86.043870 1.174836 81.680000 0.000000 4.712395 0.000000 1.000000 1.000000 1.000000
SM_Wall_Thick_Corner_03 86.043870 1.174836 89.680000 0.000000 0.000000 0.000000 1.000000 1.000000 1.000000
SM_Wall_Thick_8m_01 90.043870 7.174836 89.680000 0.000000 0.000000 0.000000 1.000000 1.000000 1.000000
SM_Wall_Thick_Corner_03 86.043870 13.174840 81.680000 0.000000 4.712395 0.000000 1.000000 1.000000 1.000000
SM_Wall_Thick_Corner_03 94.043870 13.174840 81.680000 0.000000 3.141597 0.000000 1.000000 1.000000 1.000000
SM_Wall_Thick_Corner_03 94.043870 13.174840 89.680000 0.000000 1.570798 0.000000 1.000000 1.000000 1.000000
SM_Wall_Thick_Corner_03 86.043870 13.174840 89.680000 0.000000 0.000000 0.000000 1.000000 1.000000 1.000000
SM_Wall_Thick_Corner_03 86.043870 7.174836 81.680000 0.000000 4.712395 0.000000 1.000000 1.000000 1.000000
SM_Wall_Thick_Corner_03 94.043870 7.174836 81.680000 0.000000 3.141597 0.000000 1.000000 1.000000 1.000000
SM_Wall_Thick_Corner_03 94.043870 7.174836 89.680000 0.000000 1.570798 0.000000 1.000000 1.000000 1.000000
SM_Wall_Thick_Corner_03 86.043870 7.174836 89.680000 0.000000 0.000000 0.000000 1.000000 1.000000 1.000000
SM_Wall_Thick_8m_01 90.043870 7.174836 81.680000 0.000000 0.000001 0.000000 1.000000 1.000000 1.000000
SM_Wall_Thick_8m_01 94.043870 7.174836 85.680000 0.000000 4.712387 0.000000 1.000000 1.000000 1.000000
SM_Wall_Thick_8m_01 86.043870 7.174836 85.680000 0.000000 4.712387 0.000000 1.000000 1.000000 1.000000
SM_Wall_Thick_Corner_03 94.043870 1.174836 81.680000 0.000000 3.141597 0.000000 1.000000 1.000000 1.000000
SM_Wall_Thick_Corner_03 94.043870 1.174836 89.680000 0.000000 1.570798 0.000000 1.000000 1.000000 1.000000
SM_Archway_Thick_8m_01 90.043870 1.174836 89.680000 0.000000 0.000000 0.000000 1.000000 1.000000 1.000000
SM_Bridge_8m_01 89.290000 9.370000 98.850000 0.000000 1.510416 0.000000 1.000000 1.000000 1.000000
SM_Wooden_Door_01_R 89.002330 1.290000 90.039000 0.000000 0.000000 0.000000 1.000000 1.000000 1.000000
SM_Wooden_Door_01_L 91.136000 1.166634 89.855000 0.000000 5.986931 0.000000 1.000000 1.000000 1.000000
SM_Crate_01 88.607480 1.195465 86.188320 0.000000 0.000000 0.000000 1.000000 1.000000 1.000000
SM_Crate_Broken_01 91.718280 1.254800 87.430980 0.000000 0.000000 0.000000 1.000000 1.000000 1.000000
SM_Barrel_01 87.867030 1.153632 83.893170 0.000000 0.000000 0.000000 1.000000 1.000000 1.000000
Chest_01 91.900760 1.161193 83.784270 0.000000 0.000000 0.000000 1.000000 1.000000 1.000000
SM_Ash_Tree_03 91.528620 1.153632 85.522820 0.000000 0.000000 0.000000 1.000000 1.000000 1.000000
SM_Bush_01 89.377940 1.165627 84.710600 0.000000 0.000000 0.000000 1.000000 1.000000 1.000000
SM_Bush_07 89.554140 1.253847 87.540980 0.000000 0.000000 0.000000 1.000000 1.000000 1.000000
SM_Wall_Ruined_21 82.686000 1.153636 85.892000 0.000000 5.614983 0.000000 1.000000 1.000000 1.000000
SM_Wall_Ruined_22 76.638000 1.153637 80.832000 0.000000 5.559416 0.000000 1.000000 1.000000 1.000000
SM_Wall_Ruined_20 72.433000 1.153636 76.660000 0.000000 5.383826 0.000000 1.000000 1.000000 1.000000
SM_Bush_07 70.506230 -0.080000 76.297870 0.000000 0.000000 0.000000 1.000000 1.000000 1.000000
SM_Grass_Patch_02 72.293910 1.177319 77.791950 0.000000 0.000000 0.000000 1.000000 1.000000 1.000000
SM_Grass_Patch_08 73.086810 0.937000 78.461340 0.000000 0.000000 0.000000 1.000000 1.000000 1.000000
SM_Ruins_01 100.425900 0.840000 78.925990 0.000000 2.134586 0.000000 1.000000 1.000000 1.000000
SM_Wall_Ruined_03 105.700600 1.153637 80.620650 0.000000 0.538862 0.000000 1.000000 1.000000 1.000000
SM_Wall_Ruined_21 110.791000 1.132000 77.654000 0.000000 0.527307 0.000000 1.000000 1.000000 1.000000
SM_Wall_Ruined_21 117.067000 1.132000 72.905000 0.000000 0.768174 0.000000 1.000000 1.000000 1.000000
SM_Wall_Ruined_21 122.382000 1.132000 67.061000 0.000000 0.897340 0.000000 1.000000 1.000000 1.000000
SM_Ash_Tree_02 106.824600 1.153632 80.462530 0.000000 0.147835 0.000000 1.000000 1.000000 1.000000
SM_Bush_07 107.913000 -0.070000 80.551000 0.000000 0.000000 0.000000 1.000000 1.000000 1.000000
SM_Fence_08 112.176700 0.459509 79.804920 0.000000 0.000000 0.000000 1.000000 1.000000 1.000000
SM_Fence_08 114.780000 0.459512 78.860000 0.000000 0.646937 0.000000 1.000000 1.000000 1.000000
SM_Cover_02 108.997200 0.506869 82.994900 0.000000 5.807117 0.000000 1.000000 1.000000 1.000000
SM_Scaffolding_10 105.036300 -0.420000 87.811620 0.000000 0.000000 0.000000 1.000000 1.000000 1.000000
SM_Rack_02 99.799260 0.016000 90.684650 0.000000 0.536997 0.000000 1.000000 1.000000 1.000000
SM_Barrels_04 117.978700 0.433000 101.582600 0.000000 0.605400 0.000000 1.000000 1.000000 1.000000
SM_Rock_Small_02 117.164700 0.457793 79.008860 0.000000 0.000000 0.000000 1.000000 1.000000 1.000000
SM_Rock_Pile_01 120.750000 0.600000 94.060000 0.000000 0.000000 0.000000 1.000000 1.000000 1.000000
SM_Rock_Formation_01 121.211000 -0.290000 72.651070 0.000000 0.000000 0.000000 1.000000 1.000000 1.000000
SM_Grass_Patch_02 118.075200 0.188488 86.468420 0.000000 0.000000 0.000000 1.000000 1.000000 1.000000
SM_Grass_Patch_10 117.598600 0.173325 84.866890 0.000000 0.000000 0.000000 1.000000 1.000000 1.000000
SM_Grass_Patch_11 117.383100 0.184239 84.747930 0.000000 0.000000 0.000000 1.000000 1.000000 1.000000
SM_Ivy_01 39.410000 7.910000 28.790000 0.000000 4.775588 0.000000 1.000000 1.000000 1.000000
SM_Ivy_Preset_04 22.570000 11.425180 61.990000 0.000000 0.613547 0.000000 1.000000 1.000000 1.000000
SM_Ivy_Preset_02 35.040000 14.710000 76.680000 0.000000 0.769333 0.000000 1.000000 1.000000 1.000000
SM_Ivy_Preset_04 85.210000 10.202500 85.140000 0.000000 3.076411 0.000000 1.000000 1.000000 1.000000
SM_Ivy_Preset_01 83.430000 7.200000 111.290000 0.000000 2.956705 0.000000 1.000000 1.000000 1.000000
SM_Ivy_01 98.355860 7.501000 108.091800 0.000000 3.141705 0.000000 1.000000 1.000000 1.000000
SM_Ivy_Preset_05 94.720000 9.560000 86.330000 0.099933 6.218359 6.278630 1.000000 1.000000 1.000000
SM_Bush_07 130.386200 -0.450000 66.181390 0.000000 0.000000 0.000000 1.000000 1.000000 1.000000
SM_Bush_07 132.679000 -0.427000 66.410000 0.000000 0.000000 0.000000 1.000000 1.000000 1.000000
SM_Bush_01 137.920000 0.370000 67.750000 0.000000 0.000000 0.000000 1.000000 1.000000 1.000000
SM_Bush_02 135.842000 0.306949 68.319260 0.000000 0.000000 0.000000 1.000000 1.000000 1.000000
SM_Grass_Patch_07 134.355000 0.074000 67.947000 0.000000 6.039173 0.000000 1.000000 1.000000 1.000000
SM_Fern_09 132.894000 0.125000 73.259000 0.000000 0.000000 0.000000 1.000000 1.000000 1.000000
SM_Rack_05 42.226730 4.144280 83.176940 0.000000 0.000000 0.000000 1.000000 1.000000 1.000000
SM_Grass_Low_02 125.534500 0.164807 77.552960 0.000000 0.000000 0.000000 1.000000 1.000000 1.000000
SM_Bush_04 126.019900 0.185736 78.407260 0.000000 0.000000 0.000000 1.000000 1.000000 1.000000
SM_Bush_08 128.820000 -0.080000 80.790000 0.000000 0.000000 0.000000 1.000000 1.000000 1.000000
SM_Ruins_02 148.880000 1.570000 67.420000 0.000000 6.225273 0.000000 1.000000 1.000000 1.000000
SM_Bars_03 88.888000 0.750951 107.636000 0.000000 6.193591 0.000000 1.000000 1.000000 1.000000
SM_Wooden_Door_01_R 6.344936 3.446227 2.400681 0.000000 0.697629 0.000000 1.000000 1.000000 1.000000
SM_Wooden_Door_01_L 7.926001 3.444930 1.139000 0.000000 0.663230 0.000000 1.000000 1.000000 1.000000
SM_Rack_02 88.373340 0.164807 117.509600 0.000000 0.275583 0.000000 1.000000 1.000000 1.000000
SM_Bush_07 87.263610 0.265020 113.984000 0.000000 0.000000 0.000000 1.000000 1.000000 1.000000
SM_Ash_Tree_03 90.100110 0.164805 113.946800 0.000000 0.000000 0.000000 1.000000 1.000000 1.000000
SM_Bars_Doorway_01 148.967000 1.867789 67.281000 0.000000 6.191465 0.000000 1.000000 1.000000 1.000000
SM_Metal_Door_01 149.521700 1.880000 67.337200 0.000000 6.131815 0.000000 1.000000 1.000000 1.000000
SM_Ruins_09 132.455200 1.540000 63.786210 0.000000 6.212440 0.000000 1.000000 1.000000 1.000000
SM_Bush_07 38.195450 1.210000 59.348670 0.000000 0.000000 0.000000 1.000000 1.000000 1.000000
SM_Bush_07 38.938000 1.166000 61.534000 5.956228 5.470072 0.000000 1.000000 1.000000 1.000000
SM_Bush_08 39.509030 0.482518 57.976150 0.000000 0.000000 0.000000 1.000000 1.000000 1.000000
SM_Bush_01 42.684730 0.435334 63.660260 0.000000 0.000000 6.092908 1.000000 1.000000 1.000000
SM_Bush_07 43.560620 0.414000 66.347180 0.000000 0.000000 0.000000 1.000000 1.000000 1.000000
SM_Bush_01 40.962770 2.315837 65.295670 0.000000 0.295907 5.885213 1.000000 1.000000 1.000000
SM_Grass_Patch_08 43.150000 2.360000 69.610000 0.000000 0.367280 5.627924 1.000000 1.000000 1.000000
SM_Grass_Patch_09 40.550000 0.980000 65.020000 0.000000 0.314787 5.999831 1.000000 1.000000 1.000000
SM_Grass_Patch_08 44.123000 1.301000 67.167000 0.000000 0.336963 5.712707 1.000000 1.000000 1.000000
SM_Ash_Tree_01 125.590000 1.820000 64.830000 0.000000 1.456734 0.000000 1.000000 1.000000 1.000000
SM_Ballustrade_Ruined_05 136.749500 0.340000 80.025600 0.000000 0.000000 0.000000 1.000000 1.000000 1.000000
SM_Ballustrade_Ruined_02 135.185100 0.194000 78.461520 0.000000 0.000000 0.000000 1.000000 1.000000 1.000000
SM_Roof_12m_Ruined_02 132.820000 0.183870 90.850000 0.000000 2.217721 0.000000 1.000000 1.000000 1.000000
SM_Ruins_04 157.230000 1.924850 47.300000 0.000000 1.622148 0.000000 1.000000 1.000000 1.000000
SM_Wall_Ruined_20 157.224000 1.867789 53.512000 0.000000 4.757374 0.000000 1.000000 1.000000 1.000000
SM_Wall_Ruined_20 157.004000 1.867789 47.316000 0.000000 4.750029 0.000000 1.000000 1.000000 1.000000
SM_Rock_Formation_01 149.155300 1.867787 61.264180 0.000000 0.000000 0.000000 1.000000 1.000000 1.000000
SM_Ash_Tree_02 153.730000 1.867786 64.170000 0.000000 0.000000 0.000000 1.000000 1.000000 1.000000
SM_Ruins_01 161.330000 1.976294 42.090000 0.000000 0.000000 0.000000 1.000000 1.000000 1.000000
SM_Ivy_Preset_02 155.990000 9.570000 41.920000 0.000000 3.091664 0.000000 1.000000 1.000000 1.000000
SM_Ruins_06 120.080000 1.720000 60.730000 0.000000 1.597828 0.000000 1.000000 1.000000 1.000000
SM_Bars_02 120.600000 1.813945 60.650000 0.000000 4.738845 0.000000 1.000000 1.000000 1.000000
SM_Rock_Formation_02 123.610000 1.867788 56.490000 0.000000 0.575522 0.000000 1.000000 1.000000 1.000000
SM_Scaffolding_08 124.530000 1.784000 60.260000 0.000000 0.000000 0.000000 0.640550 0.640550 0.640550
SM_Ash_Tree_03 123.304200 1.721293 50.397770 0.000000 0.000000 0.000000 1.000000 1.000000 1.000000
SM_Ruins_10 119.420000 1.580000 46.020000 0.000000 1.601851 0.000000 1.000000 1.000000 1.000000
SM_Wall_Ruined_15 119.200000 1.630000 46.070000 0.000000 4.749701 0.000000 1.000000 1.000000 1.000000
SM_Wall_Ruined_15 119.810000 1.630000 35.880000 0.000000 4.749701 0.000000 1.000000 1.000000 1.000000
SM_Wooden_Floor_02 109.630000 20.187560 39.740000 0.000000 0.000000 0.000000 1.000000 1.000000 1.000000
SM_Wooden_Floor_02 113.630000 20.187560 39.740000 0.000000 0.000000 0.000000 1.000000 1.000000 1.000000
SM_Wooden_Floor_02 117.630000 20.187560 39.740000 0.000000 0.000000 0.000000 1.000000 1.000000 1.000000
SM_Wooden_Floor_02 109.630000 20.187560 35.740000 0.000000 0.000000 0.000000 1.000000 1.000000 1.000000
SM_Wooden_Floor_02 113.630000 20.187560 35.740000 0.000000 0.000000 0.000000 1.000000 1.000000 1.000000
SM_Wooden_Floor_02 117.630000 20.187560 35.740000 0.000000 0.000000 0.000000 1.000000 1.000000 1.000000
SM_Wooden_Floor_02 109.630000 20.187560 31.740000 0.000000 0.000000 0.000000 1.000000 1.000000 1.000000
SM_Wooden_Floor_02 113.630000 20.187560 31.740000 0.000000 0.000000 0.000000 1.000000 1.000000 1.000000
SM_Wooden_Floor_02 117.630000 20.187560 31.740000 0.000000 0.000000 0.000000 1.000000 1.000000 1.000000
SM_Brick_Column_Ruined_02 107.677200 31.365430 41.703050 0.000000 0.000000 0.000000 0.939000 1.060000 0.939000
SM_Wall_Thick_Ruined_013 107.630000 34.687560 36.740000 0.000000 4.712387 0.000000 0.809000 1.000000 0.985000
SM_Wall_Thick_Ruined_017 107.630000 31.687560 37.240000 0.000000 4.712388 0.000000 1.000000 1.000000 1.000000
SM_Wall_Thick_Ruined_012 107.630000 31.687560 39.240000 0.000000 4.712387 0.000000 1.000000 1.000000 1.000000
SM_Wall_Thick_Ruined_016 107.630000 31.687560 31.740000 0.000000 1.570798 0.000000 1.000000 1.000000 1.000000
SM_Wall_Thick_Ruined_04 109.630000 31.687560 29.768250 0.000000 0.000000 0.000000 1.071000 1.121000 1.000000
SM_Wall_Thick_Ruined_016 113.630000 31.687560 29.740000 0.000000 0.000000 0.000000 1.000000 1.186000 1.000000
SM_Wall_Thick_Ruined_03 119.630000 31.687560 39.240000 0.000000 1.570798 0.000000 1.000000 1.000000 1.000000
SM_Wall_Thick_Ruined_04 119.630000 31.687560 35.240000 0.000000 1.570789 0.000000 1.000000 1.000000 1.000000
SM_Brick_Column_Ruined_02 119.566800 31.365430 29.784010 0.000000 0.000000 0.000000 0.939000 1.000000 0.939000
SM_Wall_Thick_Ruined_02 117.630000 31.687560 29.740000 0.000000 0.000000 0.000000 1.000000 1.000000 1.000000
SM_Wall_Thick_Ruined_017 119.630000 31.687560 29.740000 0.000000 1.570798 0.000000 1.000000 1.000000 1.000000
SM_Wall_Thick_Ruined_016 117.630000 31.687560 41.740000 0.000000 3.141589 0.000000 1.000000 1.133000 1.000000
SM_Wall_Thick_Ruined_02 113.630000 31.687560 41.740000 0.000000 0.000000 0.000000 1.000000 0.960000 1.000000
SM_Wall_Thick_Ruined_03 109.630000 31.687560 41.740000 0.000000 0.000000 0.000000 1.000000 1.000000 1.000000
SM_Floor_01 117.794900 20.687560 31.575080 0.000000 0.000000 0.000000 1.041000 1.000000 1.041000
SM_Floor_01 117.794900 20.687560 35.740000 0.000000 0.000000 0.000000 1.041000 1.000000 1.041000
SM_Floor_01 113.630000 20.687560 31.575080 0.000000 0.000000 0.000000 1.041000 1.000000 1.041000
SM_Floor_01 113.630000 20.687560 35.740000 0.000000 0.000000 0.000000 1.041000 1.000000 1.041000
SM_Floor_01 117.794900 20.687560 39.904920 0.000000 0.000000 0.000000 1.041000 1.000000 1.041000
SM_Floor_01 113.630000 20.687560 39.904920 0.000000 0.000000 0.000000 1.041000 1.000000 1.041000
SM_Floor_01 109.465100 20.687560 39.904920 0.000000 0.000000 0.000000 1.041000 1.000000 1.041000
SM_Floor_01 109.465100 20.687560 35.740000 0.000000 0.000000 0.000000 1.041000 1.000000 1.041000
SM_Floor_01 109.465100 20.687560 31.575080 0.000000 0.000000 0.000000 1.041000 1.000000 1.041000
SM_Floor_01 117.794900 13.687560 31.575080 0.000000 0.000000 0.000000 1.041000 1.000000 1.041000
SM_Floor_01 117.794900 13.687560 35.740000 0.000000 0.000000 0.000000 1.041000 1.000000 1.041000
SM_Floor_01 113.630000 13.687560 31.575080 0.000000 0.000000 0.000000 1.041000 1.000000 1.041000
SM_Floor_01 113.630000 13.687560 35.740000 0.000000 0.000000 0.000000 1.041000 1.000000 1.041000
SM_Floor_01 117.794900 13.687560 39.904920 0.000000 0.000000 0.000000 1.041000 1.000000 1.041000
SM_Floor_01 113.630000 13.687560 39.904920 0.000000 0.000000 0.000000 1.041000 1.000000 1.041000
SM_Floor_01 109.465100 13.687560 39.904920 0.000000 0.000000 0.000000 1.041000 1.000000 1.041000
SM_Floor_01 109.465100 13.687560 35.740000 0.000000 0.000000 0.000000 1.041000 1.000000 1.041000
SM_Floor_01 109.465100 13.687560 31.575080 0.000000 0.000000 0.000000 1.041000 1.000000 1.041000
SM_Archway_Thick_8m_01 113.630000 13.687560 29.740000 0.000000 3.141591 0.000000 1.000000 1.000000 1.000000
SM_Archway_Thick_8m_01 107.630000 13.687560 35.740000 0.000000 4.712387 0.000000 1.000000 1.000000 1.000000
SM_Archway_Thick_8m_01 119.630000 13.687560 35.740000 0.000000 4.712387 0.000000 1.000000 1.000000 1.000000
SM_Archway_Thick_8m_01 113.630000 13.687560 41.740000 0.000000 0.000000 0.000000 1.000000 1.000000 1.000000
SM_Wooden_Floor_02 109.630000 7.187559 39.740000 0.000000 0.000000 0.000000 1.000000 1.000000 1.000000
SM_Wooden_Floor_02 113.630000 7.187559 39.740000 0.000000 0.000000 0.000000 1.000000 1.000000 1.000000
SM_Wooden_Floor_02 117.630000 7.187559 39.740000 0.000000 0.000000 0.000000 1.000000 1.000000 1.000000
SM_Wooden_Floor_02 109.630000 7.187559 35.740000 0.000000 0.000000 0.000000 1.000000 1.000000 1.000000
SM_Wooden_Floor_02 113.630000 7.187559 35.740000 0.000000 0.000000 0.000000 1.000000 1.000000 1.000000
SM_Wooden_Floor_02 117.630000 7.187559 35.740000 0.000000 0.000000 0.000000 1.000000 1.000000 1.000000
SM_Wooden_Floor_02 109.630000 7.187559 31.740000 0.000000 0.000000 0.000000 1.000000 1.000000 1.000000
SM_Wooden_Floor_02 113.630000 7.187559 31.740000 0.000000 0.000000 0.000000 1.000000 1.000000 1.000000
SM_Wooden_Floor_02 117.630000 7.187559 31.740000 0.000000 0.000000 0.000000 1.000000 1.000000 1.000000
SM_Floor_Large_01 113.630000 8.187559 35.740000 0.000000 0.000000 0.000000 1.601000 1.136000 1.601000
SM_Trim_Corner_01 107.630000 7.687559 29.739980 0.000000 4.712387 0.000000 1.000000 1.000000 1.000000
SM_Trim_Corner_01 119.630000 7.687559 29.740020 0.000000 3.141588 0.000000 1.000000 1.000000 1.000000
SM_Trim_Corner_01 119.630000 7.687559 41.740000 0.000000 1.570798 0.000000 1.000000 1.000000 1.000000
SM_Trim_Corner_01 107.630000 7.687559 41.740000 0.000000 0.000000 0.000000 1.000000 1.000000 1.000000
SM_Trim_Corner_01 107.630000 31.687560 29.739980 0.000000 4.712387 0.000000 1.000000 1.000000 1.000000
SM_Trim_Corner_01 119.630000 31.687560 29.740020 0.000000 3.141588 0.000000 1.000000 1.000000 1.000000
SM_Trim_Corner_01 119.630000 31.687560 41.740000 0.000000 1.570798 0.000000 1.000000 1.000000 1.000000
SM_Trim_Corner_01 107.630000 31.687560 41.740000 0.000000 0.000000 0.000000 1.000000 1.000000 1.000000
SM_Trim_Corner_01 107.630000 25.687560 29.739980 0.000000 4.712387 0.000000 1.000000 1.000000 1.000000
SM_Trim_Corner_01 119.630000 25.687560 29.740020 0.000000 3.141588 0.000000 1.000000 1.000000 1.000000
SM_Trim_Corner_01 119.630000 25.687560 41.740000 0.000000 1.570798 0.000000 1.000000 1.000000 1.000000
SM_Trim_Corner_01 107.630000 25.687560 41.740000 0.000000 0.000000 0.000000 1.000000 1.000000 1.000000
SM_Trim_Corner_01 107.630000 19.687560 29.739980 0.000000 4.712387 0.000000 1.000000 1.000000 1.000000
SM_Trim_Corner_01 119.630000 19.687560 29.740020 0.000000 3.141588 0.000000 1.000000 1.000000 1.000000
SM_Trim_Corner_01 119.630000 19.687560 41.740000 0.000000 1.570798 0.000000 1.000000 1.000000 1.000000
SM_Trim_Corner_01 107.630000 19.687560 41.740000 0.000000 0.000000 0.000000 1.000000 1.000000 1.000000
SM_Trim_Corner_01 107.630000 13.687560 29.739980 0.000000 4.712387 0.000000 1.000000 1.000000 1.000000
SM_Trim_Corner_01 119.630000 13.687560 29.740020 0.000000 3.141588 0.000000 1.000000 1.000000 1.000000
SM_Trim_Corner_01 119.630000 13.687560 41.740000 0.000000 1.570798 0.000000 1.000000 1.000000 1.000000
SM_Trim_Corner_01 107.630000 13.687560 41.740000 0.000000 0.000000 0.000000 1.000000 1.000000 1.000000
SM_Wall_Thick_8m_01 113.630000 19.687560 29.740000 0.000000 3.141591 0.000000 1.000000 1.000000 1.000000
SM_Wall_Thick_8m_01 119.630000 19.687560 35.740000 0.000000 4.712387 0.000000 1.000000 1.000000 1.000000
SM_Wall_Thick_8m_01 107.630000 19.687560 35.740000 0.000000 4.712387 0.000000 1.000000 1.000000 1.000000
SM_Wall_Thick_8m_01 113.630000 19.687560 41.740000 0.000000 0.000000 0.000000 1.000000 1.000000 1.000000
SM_Window_Thick_8m_01 119.630000 25.687560 35.740000 0.000000 4.712387 0.000000 1.000000 1.000000 1.000000
SM_Window_Thick_8m_01 113.630000 25.687560 29.740000 0.000000 3.141591 0.000000 1.000000 1.000000 1.000000
SM_Window_Thick_8m_01 113.630000 25.687560 41.740000 0.000000 0.000000 0.000000 1.000000 1.000000 1.000000
SM_Window_Thick_8m_01 107.630000 25.687560 35.740000 0.000000 4.712387 0.000000 1.000000 1.000000 1.000000
SM_Wall_Thick_Corner_01 107.630000 25.687560 29.740000 0.000000 4.712389 0.000000 1.000000 1.000000 1.000000
SM_Wall_Thick_Corner_01 119.630000 25.687560 29.740030 0.000000 3.141591 0.000000 1.000000 1.000000 1.000000
SM_Wall_Thick_Corner_01 119.630000 25.687560 41.740000 0.000000 1.570798 0.000000 1.000000 1.000000 1.000000
SM_Wall_Thick_Corner_01 107.630000 25.687560 41.740000 0.000000 0.000000 0.000000 1.000000 1.000000 1.000000
SM_Wall_Thick_Corner_01 107.630000 19.687560 29.740000 0.000000 4.712389 0.000000 1.000000 1.000000 1.000000
SM_Wall_Thick_Corner_01 119.630000 19.687560 29.740030 0.000000 3.141591 0.000000 1.000000 1.000000 1.000000
SM_Wall_Thick_Corner_01 119.630000 19.687560 41.740000 0.000000 1.570798 0.000000 1.000000 1.000000 1.000000
SM_Wall_Thick_Corner_01 107.630000 19.687560 41.740000 0.000000 0.000000 0.000000 1.000000 1.000000 1.000000
SM_Wall_Thick_8m_01 113.630000 7.687559 29.740000 0.000000 3.141591 0.000000 1.000000 1.000000 1.000000
SM_Wall_Thick_8m_01 119.630000 7.687559 35.740000 0.000000 4.712387 0.000000 1.000000 1.000000 1.000000
SM_Wall_Thick_8m_01 107.630000 7.687559 35.740000 0.000000 4.712387 0.000000 1.000000 1.000000 1.000000
SM_Wall_Thick_8m_01 113.630000 7.687559 41.740000 0.000000 0.000000 0.000000 1.000000 1.000000 1.000000
SM_Wall_Thick_Corner_01 107.630000 13.687560 29.740000 0.000000 4.712389 0.000000 1.000000 1.000000 1.000000
SM_Wall_Thick_Corner_01 119.630000 13.687560 29.740030 0.000000 3.141591 0.000000 1.000000 1.000000 1.000000
SM_Wall_Thick_Corner_01 119.630000 13.687560 41.740000 0.000000 1.570798 0.000000 1.000000 1.000000 1.000000
SM_Wall_Thick_Corner_01 107.630000 13.687560 41.740000 0.000000 0.000000 0.000000 1.000000 1.000000 1.000000
SM_Wall_Thick_Corner_01 107.630000 7.687559 29.740000 0.000000 4.712389 0.000000 1.000000 1.000000 1.000000
SM_Wall_Thick_Corner_01 119.630000 7.687559 29.740030 0.000000 3.141591 0.000000 1.000000 1.000000 1.000000
SM_Wall_Thick_Corner_01 119.630000 7.687559 41.740000 0.000000 1.570798 0.000000 1.000000 1.000000 1.000000
SM_Wall_Thick_Corner_01 107.630000 7.687559 41.740000 0.000000 0.000000 0.000000 1.000000 1.000000 1.000000
SM_Wall_Thick_Corner_01 107.630000 1.687559 29.740000 0.000000 4.712389 0.000000 1.000000 1.000000 1.000000
SM_Wall_Thick_Corner_01 119.630000 1.687559 29.740030 0.000000 3.141591 0.000000 1.000000 1.000000 1.000000
SM_Archway_Thick_8m_01 113.630000 1.687559 29.740000 0.000000 3.141591 0.000000 1.000000 1.000000 1.000000
SM_Archway_Thick_8m_01 119.630000 1.687559 35.740000 0.000000 4.712387 0.000000 1.000000 1.000000 1.000000
SM_Archway_Thick_8m_01 107.630000 1.687559 35.740000 0.000000 4.712387 0.000000 1.000000 1.000000 1.000000
SM_Wall_Thick_Corner_01 119.630000 1.687559 41.740000 0.000000 1.570798 0.000000 1.000000 1.000000 1.000000
SM_Wall_Thick_Corner_01 107.630000 1.687559 41.740000 0.000000 0.000000 0.000000 1.000000 1.000000 1.000000
SM_Archway_Thick_8m_01 113.630000 1.687559 41.740000 0.000000 0.000000 0.000000 1.000000 1.000000 1.000000
SM_Trim_01 113.630000 19.687560 42.240000 0.000000 0.000000 0.000000 1.000000 1.000000 1.000000
SM_Trim_01 113.630000 13.687560 42.240000 0.000000 0.000000 0.000000 1.000000 1.000000 1.000000
SM_Trim_01 113.630000 31.687560 42.240000 0.000000 3.141589 0.000000 1.000000 1.000000 1.000000
SM_Trim_01 113.630000 7.687559 29.240000 0.000000 3.141588 0.000000 1.000000 1.000000 1.000000
SM_Trim_01 113.630000 25.687560 29.240000 0.000000 3.141588 0.000000 1.000000 1.000000 1.000000
SM_Trim_01 107.130000 7.687559 35.740000 0.000000 4.712387 0.000000 1.000000 1.000000 1.000000
SM_Trim_01 107.130000 25.687560 35.740000 0.000000 4.712387 0.000000 1.000000 1.000000 1.000000
SM_Trim_01 107.130000 13.687560 35.740000 0.000000 4.712387 0.000000 1.000000 1.000000 1.000000
SM_Trim_01 113.630000 7.687559 42.240000 0.000000 0.000000 0.000000 1.000000 1.000000 1.000000
SM_Trim_01 107.130000 31.687560 35.740000 0.000000 4.712387 0.000000 1.000000 1.000000 1.000000
SM_Trim_01 113.630000 31.687560 29.240000 0.000000 3.141588 0.000000 1.000000 1.000000 1.000000
SM_Trim_01 113.630000 19.687560 29.240000 0.000000 3.141588 0.000000 1.000000 1.000000 1.000000
SM_Trim_01 120.130000 19.687560 35.740000 0.000000 4.712387 0.000000 1.000000 1.000000 1.000000
SM_Trim_01 107.130000 19.687560 35.740000 0.000000 4.712387 0.000000 1.000000 1.000000 1.000000
SM_Trim_01 120.130000 31.687560 35.740000 0.000000 4.712387 0.000000 1.000000 1.000000 1.000000
SM_Trim_01 120.130000 7.687559 35.740000 0.000000 4.712387 0.000000 1.000000 1.000000 1.000000
SM_Trim_01 120.130000 13.687560 35.740000 0.000000 4.712387 0.000000 1.000000 1.000000 1.000000
SM_Trim_01 113.630000 25.687560 42.240000 0.000000 0.000000 0.000000 1.000000 1.000000 1.000000
SM_Trim_01 113.630000 13.687560 29.240000 0.000000 3.141588 0.000000 1.000000 1.000000 1.000000
SM_Trim_01 120.130000 25.687560 35.740000 0.000000 4.712387 0.000000 1.000000 1.000000 1.000000
SM_Ruins_02 119.940000 1.952925 21.030000 0.000000 4.758291 0.000000 1.000000 1.000000 1.000000
SM_Ruins_02 140.521800 1.952923 28.610000 0.000000 0.000000 0.000000 1.000000 1.000000 1.000000
SM_Ash_Tree_02 133.250400 2.170000 31.600410 0.000000 0.000000 0.000000 1.000000 1.000000 1.000000
SM_Portcullis_01 140.445800 1.867790 28.599870 0.000000 0.000000 0.000000 1.000000 1.000000 1.000000
SM_Rock_Formation_01 132.864100 1.867790 24.210720 0.000000 0.000000 0.000000 1.000000 1.000000 1.000000
SM_Rock_Large_01 138.986200 1.867789 31.444160 0.000000 0.000000 0.000000 1.000000 1.000000 1.000000
SM_Rock_Formation_03 150.082500 1.867788 32.542590 0.000000 0.000000 0.000000 1.000000 1.000000 1.000000
SM_Ruins_09 157.520000 1.942353 27.970000 0.000000 0.000000 0.000000 1.000000 1.000000 1.000000
SM_Debris_Floor_05 137.550600 1.670000 65.909550 0.000000 1.360798 0.000000 1.000000 1.000000 1.000000
SM_Debris_Floor_03 136.230000 1.690000 64.110000 0.000000 1.415244 0.000000 1.000000 1.000000 1.000000
SM_Debris_Floor_06 139.140000 1.810000 62.050000 0.000000 1.395903 0.000000 1.000000 1.000000 1.000000
SM_Circle_01 139.320100 1.730000 52.249980 0.000000 0.000000 0.000000 1.000000 1.000000 1.000000
SM_Floor_Ruined_09 139.560000 1.980000 55.770000 0.000000 4.550986 0.000000 1.000000 1.000000 1.000000
SM_Floor_Ruined_11 139.840000 1.980000 44.800000 0.000000 1.488977 0.000000 1.000000 1.000000 1.000000
SM_Debris_02 133.976000 1.867793 38.921710 0.000000 0.000000 0.000000 1.000000 1.000000 1.000000
SM_Floor_Ruined_08 137.440000 2.040000 38.130000 0.000000 1.536930 0.000000 1.000000 1.000000 1.000000
SM_Debris_Floor_04 140.381700 1.630000 36.137710 0.000000 1.635780 0.000000 1.000000 1.000000 1.000000
SM_Debris_Floor_08 141.521900 1.820000 36.430520 0.000000 1.538453 0.000000 1.000000 1.000000 1.000000
SM_Bush_07 134.903600 1.230000 48.588830 0.000000 0.000000 0.000000 1.000000 1.000000 1.000000
SM_Grass_Patch_11 134.495400 1.978785 53.484260 0.000000 0.000000 0.000000 1.000000 1.000000 1.000000
SM_Grass_Patch_05 135.838900 1.973989 56.292330 0.000000 0.000000 0.000000 1.000000 1.000000 1.000000
SM_Grass_Patch_09 134.603900 2.021086 55.740280 0.000000 0.000000 0.000000 1.000000 1.000000 1.000000
SM_Bush_08 144.313200 1.820000 51.072000 0.000000 0.000000 0.000000 1.000000 1.000000 1.000000
SM_Rock_Formation_01 125.507200 0.650000 38.808640 0.000000 4.846670 0.000000 1.000000 1.000000 1.000000
SM_Barrels_02 154.273500 1.827810 56.294280 0.000000 0.000000 0.000000 1.000000 1.000000 1.000000
SM_Wooden_Ramp_01 109.821000 1.039000 36.896940 0.000000 0.000000 0.000000 1.000000 1.000000 1.000000
SM_Wooden_Support_08 113.043800 1.758042 36.598690 0.000000 0.000000 0.000000 1.000000 1.000000 1.000000
SM_Grass_Patch_06 136.483200 2.047141 59.156890 0.000000 0.000000 0.000000 1.000000 1.000000 1.000000
SM_Bush_03 137.511900 2.020197 59.017720 0.000000 0.000000 0.000000 1.000000 1.000000 1.000000
SM_Bush_01 139.068700 1.879780 60.861790 0.000000 0.000000 0.000000 1.000000 1.000000 1.000000
SM_Bush_02 140.239300 1.879781 62.340050 0.000000 0.000000 0.000000 1.000000 1.000000 1.000000
SM_Bush_03 139.855700 1.900334 64.706540 0.000000 0.000000 0.000000 1.000000 1.000000 1.000000
SM_Bush_08 139.486200 1.948000 66.015090 0.000000 0.000000 0.000000 1.000000 1.000000 1.000000
SM_Grass_Patch_02 138.407200 1.721000 65.100600 0.000000 0.000000 0.000000 1.000000 1.000000 1.000000
SM_Grass_Patch_02 136.894600 1.760000 65.039580 0.000000 0.000000 0.000000 1.000000 1.000000 1.000000
SM_Grass_Patch_10 137.206100 1.723000 62.647590 0.000000 0.000000 0.000000 1.000000 1.000000 1.000000
SM_Grass_Patch_10 138.188100 1.690000 62.951430 0.000000 0.915259 0.000000 1.000000 1.000000 1.000000
SM_Grass_Patch_11 135.099000 1.827000 63.709560 0.000000 0.000000 0.000000 1.000000 1.000000 1.000000
SM_Ivy_Preset_07 119.970000 13.135740 39.796810 0.000000 0.000000 0.000000 1.000000 1.000000 1.000000
SM_Ivy_Preset_04 120.520000 17.355000 33.400670 0.000000 0.000000 0.000000 1.000000 1.000000 1.000000
SM_Ivy_Preset_02 120.440000 28.273340 39.566410 0.000000 0.000000 0.000000 1.000000 1.000000 1.000000
SM_Ivy_04 120.340000 22.179460 42.130000 0.000000 1.593344 0.000000 1.000000 1.000000 1.000000
SM_Ivy_Preset_04 125.810000 12.550000 29.920000 0.000000 4.865566 0.000000 1.000000 1.000000 1.000000
SM_Ivy_01 141.073000 3.972348 75.585000 0.000000 4.286822 0.000000 1.000000 1.000000 1.000000
SM_Ivy_Corner_01 133.130000 1.630000 64.510000 0.000000 5.911245 0.000000 1.000000 1.000000 1.000000
SM_Ivy_Preset_01 156.190000 9.040000 45.540000 0.000000 3.295800 0.000000 1.000000 1.000000 1.000000
SM_Ivy_Preset_04 84.997640 16.080000 97.914550 0.000000 3.050734 0.000000 1.000000 1.000000 1.000000
SM_Ivy_Preset_03 92.963830 14.892820 105.688400 0.000000 0.000000 0.000000 1.000000 1.000000 1.000000
SM_Ivy_Preset_02 93.689740 14.870000 95.177080 0.000000 0.000000 0.000000 1.000000 1.000000 1.000000
SM_Ivy_Preset_04 115.630000 23.740000 42.580000 0.000000 4.725572 0.000000 1.000000 1.000000 1.000000
SM_Bush_03 85.379400 0.691762 104.891200 0.000000 0.000000 0.000000 1.000000 1.000000 1.000000
SM_Bush_04 16.434970 3.408586 15.745430 0.000000 0.000000 0.000000 1.000000 1.000000 1.000000
SM_Bush_08 19.861650 3.560000 14.405880 0.000000 0.000000 0.000000 1.000000 1.000000 1.000000
SM_Rock_Large_01 24.790000 3.374000 17.519000 0.000000 3.267182 0.000000 1.000000 1.000000 1.000000
SM_Fern_09 24.435840 3.508818 19.304160 0.000000 0.000000 0.000000 1.000000 1.000000 1.000000
SM_Grass_Patch_05 25.491000 3.451000 20.832000 0.000000 0.000000 0.185297 1.000000 1.000000 1.000000
SM_Grass_Patch_11 25.661980 3.407094 24.330490 0.000000 0.000000 0.000000 1.000000 1.000000 1.000000
SM_Rock_Small_01 24.709260 3.512793 24.751640 0.000000 0.000000 0.000000 1.000000 1.000000 1.000000
SM_Rock_Small_03 24.310150 3.402000 24.786340 0.000000 5.550745 0.000000 1.000000 1.000000 1.000000
SM_Bush_02 17.990910 3.897000 25.406600 6.275550 6.257232 5.997117 1.000000 1.000000 1.000000
SM_Grass_Patch_05 17.352110 3.698000 24.125010 0.190804 0.575288 5.998658 1.000000 1.000000 1.000000
SM_Bush_08 15.194410 3.512000 21.377770 0.000000 0.000000 0.000000 1.000000 1.000000 1.000000
SM_Bush_07 14.281470 2.913000 19.293500 0.000000 4.313918 0.000000 1.000000 1.000000 1.000000
SM_Debris_Floor_06 32.267720 3.350000 41.472650 0.000000 5.148542 0.000000 1.000000 1.000000 1.000000
SM_Grass_Patch_02 29.891860 3.466274 39.582270 0.000000 0.000000 0.000000 1.000000 1.000000 1.000000
SM_Grass_Patch_10 33.340880 3.451107 38.381080 0.000000 0.000000 0.000000 1.000000 1.000000 1.000000
SM_Grass_Patch_11 30.962240 3.321000 37.432550 0.000000 5.531372 0.000000 1.000000 1.000000 1.000000
SM_Grass_Patch_02 26.085180 3.466275 32.988660 0.000000 0.000000 0.000000 1.000000 1.000000 1.000000
SM_Grass_Patch_08 26.696000 3.263000 33.940000 0.000000 0.000000 0.000000 1.000000 1.000000 1.000000
SM_Bush_07 24.858590 3.019000 33.026820 0.000000 4.236559 0.000000 1.000000 1.000000 1.000000
SM_Grass_Patch_08 42.542000 1.333000 56.004000 0.339463 0.624583 0.000000 1.000000 1.000000 1.000000
SM_Grass_Patch_09 41.597000 1.896000 54.038000 0.000000 5.629094 5.920179 1.000000 1.000000 1.000000
SM_Grass_Patch_07 40.590000 1.800000 57.100000 0.000000 5.682815 5.755980 1.000000 1.000000 1.000000
SM_Grass_Patch_08 39.739000 3.031000 52.478000 0.369723 0.493681 0.000000 1.000000 1.000000 1.000000
SM_Grass_Patch_05 38.690000 2.803000 64.848000 0.000000 0.420883 5.479771 1.000000 1.000000 1.000000
SM_Grass_Patch_09 37.520410 2.857234 63.055680 0.046900 0.295164 5.788061 1.000000 1.000000 1.000000
SM_Bush_07 38.327000 1.989000 64.575000 0.000000 0.256292 6.001338 1.000000 1.000000 1.000000
SM_Grass_Patch_08 45.260000 2.600000 70.670000 0.000000 0.479158 5.462555 1.000000 1.000000 1.000000
SM_Grass_Patch_09 46.509000 1.828000 71.818000 5.869164 5.648628 0.000000 1.000000 1.000000 1.000000
SM_Grass_Patch_11 45.618000 2.900000 71.656000 0.000000 0.387033 5.979727 1.000000 1.000000 1.000000
SM_Bush_03 45.287270 3.441202 71.051790 0.000000 0.000000 0.000000 1.000000 1.000000 1.000000
SM_Bush_01 46.057170 3.598008 71.891970 0.000000 0.444725 6.017179 1.000000 1.000000 1.000000
SM_Bush_02 45.225000 1.919000 69.194000 0.000000 0.431638 5.870863 1.000000 1.000000 1.000000
SM_Bush_01 53.611410 0.937567 75.607430 0.000000 0.000000 0.000000 1.000000 1.000000 1.000000
SM_Bush_07 57.568310 0.230000 81.546940 0.000000 0.000000 0.000000 1.000000 1.000000 1.000000
SM_Fence_01 69.776850 0.500000 79.913840 0.000000 0.000000 0.000000 1.000000 1.000000 1.000000
SM_Crate_04 70.657100 1.157096 80.949050 0.000000 0.000000 0.000000 1.000000 1.000000 1.000000
SM_Branch_06 68.709440 0.768684 93.017540 0.000000 0.000000 0.000000 1.000000 1.000000 1.000000
SM_Bush_08 70.780950 0.400000 94.771900 0.000000 5.503569 0.000000 1.000000 1.000000 1.000000
SM_Bush_03 73.346270 0.203166 96.181860 0.000000 0.000000 0.000000 1.000000 1.000000 1.000000
SM_Grass_Patch_10 74.844620 0.081759 94.456640 0.000000 0.875984 0.000000 1.000000 1.000000 1.000000
SM_Grass_Patch_02 74.242500 0.096931 95.602690 0.000000 0.000000 0.000000 1.000000 1.000000 1.000000
SM_Grass_Patch_03 79.544960 0.200122 90.740780 0.000000 0.000000 0.000000 1.000000 1.000000 1.000000
SM_Bush_01 76.060000 0.200000 98.040000 0.000000 4.985787 0.000000 1.000000 1.000000 1.000000
SM_Ivy_04 112.487000 2.572468 106.296000 0.000000 3.631118 0.000000 1.000000 1.000000 1.000000
SM_Ivy_Preset_01 123.021800 4.900000 96.074580 0.000000 3.711008 0.000000 0.304660 0.304660 0.304660
SM_Ivy_Preset_07 99.000000 8.990000 84.980000 0.000000 5.175186 0.000000 1.000000 1.000000 1.000000
SM_Ivy_02 60.760000 5.985000 95.070000 0.000000 2.173905 0.000000 1.000000 1.000000 1.000000
SM_Ivy_Preset_03 118.040000 8.896603 63.870000 0.000000 4.719466 0.000000 1.000000 1.000000 1.000000
SM_Ivy_01 121.171000 3.300973 69.082000 0.000000 0.897772 0.000000 1.000000 1.000000 1.000000
SM_Rock_Large_01 16.362700 3.600000 6.418299 0.000000 5.881564 0.000000 1.000000 1.000000 1.000000
SM_Grass_Patch_06 13.340000 3.480000 3.209999 0.119468 5.739588 0.000000 1.000000 1.000000 1.000000
SM_Bush_02 15.280000 3.330000 3.689999 0.089595 5.716151 0.000000 1.000000 1.000000 1.000000
SM_Rock_Small_02 13.655930 3.431932 6.397926 0.000000 0.000000 0.000000 1.000000 1.000000 1.000000
SM_Rock_Small_03 11.136870 3.431932 4.003399 0.000000 0.000000 0.000000 1.000000 1.000000 1.000000
SM_Rock_Small_01 17.270200 3.557067 19.107950 0.000000 6.110554 0.000000 1.000000 1.000000 1.000000
SM_Rock_Small_01 20.358660 3.563200 17.642640 0.000000 4.773875 0.000000 0.876260 0.876260 0.876260
SM_Grass_Patch_02 109.554600 -0.086000 93.176610 0.000000 0.000000 0.000000 1.000000 1.000000 1.000000
SM_Grass_Patch_02 109.387700 -0.151000 93.860950 0.000000 0.000000 0.000000 1.000000 1.000000 1.000000
SM_Grass_Patch_02 109.818000 -0.039000 92.790000 0.000000 0.000000 0.000000 1.000000 1.000000 1.000000
SM_Grass_Patch_02 109.526000 -0.114000 95.156000 0.000000 0.143994 0.000000 1.000000 1.000000 1.000000
SM_Grass_Patch_02 109.923400 -0.215000 94.390030 0.000000 0.000000 0.000000 1.000000 1.000000 1.000000
SM_Bush_02 110.423600 0.078000 97.271400 0.000000 0.652970 0.000000 1.000000 1.000000 1.000000
SM_Rock_Medium_01 108.392600 0.076000 88.586180 0.000000 5.489515 0.000000 1.000000 1.000000 1.000000
SM_Ash_Tree_01 145.100000 0.439470 97.149380 0.000000 0.941145 0.000000 1.536200 1.536200 1.536200
SM_Scaffolding_09 144.960000 0.140000 97.310000 0.000000 0.000000 0.000000 1.000000 1.000000 1.000000
SM_Rack_05 144.110900 0.620000 93.501020 0.000000 0.000000 0.000000 1.000000 1.000000 1.000000
SM_Wooden_Ramp_01 141.530000 0.510000 96.790000 0.000000 3.154436 0.000000 1.000000 1.000000 1.000000
SM_Wooden_Floor_Ruined_06 133.683000 0.450000 99.109930 0.000000 0.000000 0.000000 1.000000 1.000000 1.000000
SM_Barrels_01 137.494900 0.890000 101.210700 0.000000 0.000000 0.000000 1.000000 1.000000 1.000000
SM_Rock_Formation_01 108.320400 1.117008 71.464080 0.000000 0.000000 0.000000 1.000000 1.000000 1.000000
SM_Bush_02 22.560880 3.399650 52.012720 0.000000 0.000000 0.000000 1.000000 1.000000 1.000000
SM_Grass_Patch_09 28.873260 3.415028 58.218700 0.000000 0.000000 0.000000 1.000000 1.000000 1.000000
SM_Grass_Patch_08 29.545650 3.567504 61.287760 0.000000 0.000000 0.000000 1.000000 1.000000 1.000000
SM_Grass_Patch_08 32.036630 3.632604 63.993110 0.000000 0.000000 0.000000 1.000000 1.000000 1.000000
SM_Grass_Patch_09 36.852340 4.103899 68.511080 0.000000 0.000000 0.000000 1.000000 1.000000 1.000000
SM_Bush_08 33.790380 3.994136 66.799790 0.000000 0.000000 0.000000 1.000000 1.000000 1.000000
SM_Grass_Patch_08 27.763140 4.256232 70.844510 0.000000 0.000000 0.000000 1.000000 1.000000 1.000000
SM_Grass_Patch_08 29.080690 3.799588 68.147710 0.000000 0.000000 0.000000 1.000000 1.000000 1.000000
SM_Grass_Patch_09 31.485490 4.257368 77.030910 0.000000 0.000000 0.000000 1.000000 1.000000 1.000000
SM_Rock_Large_01 24.809190 4.053084 72.951970 0.000000 0.000000 0.000000 1.000000 1.000000 1.000000
SM_Rock_Formation_04 16.830630 3.431932 62.349170 0.000000 0.000000 0.000000 1.000000 1.000000 1.000000
SM_Cliff_Formation_02 20.750000 -3.350000 103.140000 0.000000 0.000000 0.000000 1.203965 1.203965 1.203965
SM_Cliff_Formation_02 6.199999 -2.600000 83.100000 0.000000 2.265707 0.000000 1.203965 1.203965 1.203965
SM_Bush_01 49.364520 3.601076 21.817830 0.000000 0.000000 0.000000 1.000000 1.000000 1.000000
SM_Grass_Patch_08 46.257340 3.290880 17.996570 0.000000 0.000000 0.000000 1.000000 1.000000 1.000000
SM_Grass_Patch_09 49.068670 3.616459 35.036050 0.000000 0.000000 0.000000 1.000000 1.000000 1.000000
SM_Grass_Patch_09 43.272310 3.080000 32.630890 0.000000 1.016725 0.000000 1.954600 1.954600 1.954600
SM_Rock_Formation_01 51.410000 3.589087 29.120000 0.000000 4.240459 0.000000 1.000000 1.000000 1.000000
SM_Grass_Patch_09 60.013020 0.155150 15.199360 0.000000 0.000000 0.000000 1.000000 1.000000 1.000000
SM_Bush_08 55.809730 0.779418 16.196650 0.000000 0.000000 0.000000 1.000000 1.000000 1.000000
SM_Grass_Patch_09 49.263000 1.300000 18.723000 0.000000 0.000000 0.000000 3.109500 3.109500 3.109500
SM_Rock_Pile_01 56.532780 0.544082 18.228730 0.000000 0.000000 0.000000 1.000000 1.000000 1.000000
SM_Rock_Pile_01 49.276970 0.819098 11.449870 0.000000 2.231314 0.000000 1.000000 1.000000 1.000000
SM_Grass_Patch_08 45.645150 3.615324 29.392380 0.000000 0.000000 0.000000 1.000000 1.000000 1.000000
SM_Grass_Patch_09 19.292440 3.459304 61.167900 0.000000 0.000000 0.000000 1.000000 1.000000 1.000000
SM_Grass_Patch_08 25.024430 3.420000 61.136000 0.000000 0.000000 0.000000 1.000000 1.000000 1.000000
SM_Ash_Tree_02 82.800000 0.340000 74.780000 0.000000 0.000000 0.000000 1.954600 1.954600 1.954600
SM_Bush_07 83.958490 0.118527 80.577460 0.000000 0.000000 0.000000 1.000000 1.000000 1.000000
SM_Grass_Patch_09 81.930030 0.027373 76.017320 0.000000 0.000000 0.000000 1.000000 1.000000 1.000000
SM_Grass_Patch_11 82.879920 0.019434 78.018000 0.000000 0.000000 0.000000 1.000000 1.000000 1.000000
SM_Grass_Patch_05 87.406210 0.014640 70.633090 0.000000 0.000000 0.000000 1.000000 1.000000 1.000000
SM_Grass_Patch_07 84.850000 -0.420000 71.882000 0.000000 0.000000 0.000000 2.449600 2.449600 2.449600
SM_Grass_Patch_08 88.870220 -0.480000 76.110330 0.000000 5.650795 0.000000 1.771900 1.771900 1.771900
SM_Grass_Patch_08 42.870040 4.256232 87.614470 0.000000 0.000000 0.000000 1.000000 1.000000 1.000000
SM_Bush_07 42.790070 4.330212 91.820010 0.000000 0.000000 0.000000 1.000000 1.000000 1.000000
SM_Ash_Tree_03 46.667560 4.229992 89.777760 0.000000 0.000000 0.000000 1.000000 1.000000 1.000000
SM_Fern_01 39.670880 4.235543 89.518060 0.000000 0.000000 0.000000 1.000000 1.000000 1.000000
SM_Grass_Patch_08 45.159870 4.256236 87.968000 0.000000 0.000000 0.000000 1.000000 1.000000 1.000000
SM_Grass_Patch_09 46.863350 4.257363 89.654650 0.000000 0.000000 0.000000 1.000000 1.000000 1.000000
SM_Grass_Patch_08 38.042820 4.036495 73.354380 0.000000 0.000000 0.000000 1.000000 1.000000 1.000000
SM_Grass_Patch_08 34.953780 4.133000 71.854870 0.000000 5.579630 0.000000 1.000000 1.000000 1.000000
SM_Grass_Patch_09 60.002870 1.069284 57.120100 0.000000 0.000000 0.000000 1.000000 1.000000 1.000000
SM_Grass_Patch_08 62.413590 0.136104 61.589070 0.000000 0.000000 0.000000 1.000000 1.000000 1.000000
SM_Bush_03 87.412680 0.691760 110.679700 0.000000 0.000000 0.000000 1.000000 1.000000 1.000000
SM_Grass_Patch_08 88.550690 0.685458 111.671900 0.000000 0.000000 0.000000 1.000000 1.000000 1.000000
SM_Chest_01 86.656620 0.666777 111.914100 0.000000 0.000000 0.000000 1.000000 1.000000 1.000000
SM_Chest_lid_01 87.934340 0.631000 110.278000 0.000000 0.654079 0.000000 1.000000 1.000000 1.000000
SM_Ash_Tree_03 124.532500 -1.311600 100.750900 0.000000 1.894988 0.000000 1.660000 1.660000 1.660000
SM_Grass_Patch_09 123.890800 0.668277 102.965800 0.000000 0.000000 0.000000 1.000000 1.000000 1.000000
SM_Bush_07 104.092900 1.217230 74.641750 0.000000 0.000000 0.000000 1.000000 1.000000 1.000000
SM_Bush_08 116.272100 1.428461 66.154010 0.000000 0.733268 0.000000 1.000000 1.000000 1.000000
SM_Grass_Patch_01 116.851200 0.499567 67.820290 0.000000 0.000000 0.000000 1.000000 1.000000 1.000000
SM_Grass_Patch_08 114.426800 1.384439 69.106090 0.000000 0.000000 0.000000 1.000000 1.000000 1.000000
SM_Grass_Patch_09 113.033300 1.633054 70.122700 0.000000 0.694129 0.000000 1.000000 1.000000 1.000000
SM_Ash_Tree_02 113.410000 1.390000 68.194270 0.000000 0.000000 0.000000 0.534480 0.534480 0.534480
SM_Grass_Patch_08 113.333000 1.912340 61.540180 0.000000 0.000000 0.000000 1.000000 1.000000 1.000000
SM_Bush_08 112.596700 2.178230 60.924600 0.000000 0.000000 0.000000 1.000000 1.000000 1.000000
SM_Rock_Medium_01 113.823900 2.523837 61.196900 0.000000 0.000000 0.000000 1.000000 1.000000 1.000000
SM_Rock_Small_02 117.641500 0.811795 65.580360 0.000000 0.000000 0.000000 1.000000 1.000000 1.000000
SM_Bush_02 117.743400 1.898091 59.941940 0.000000 0.000000 0.000000 1.000000 1.000000 1.000000
SM_Bush_03 113.918300 3.223575 61.391040 0.000000 0.000000 0.000000 1.000000 1.000000 1.000000
SM_Bush_01 114.142000 3.165652 60.789510 0.000000 0.000000 0.000000 1.000000 1.000000 1.000000
SM_Grass_Patch_11 124.319000 1.847000 60.425000 0.000000 0.000000 0.000000 1.000000 1.000000 1.000000
SM_Bush_07 140.063800 1.986315 26.286500 0.000000 0.000000 0.000000 1.000000 1.000000 1.000000
SM_Rock_Small_01 138.468000 2.011234 25.618430 0.000000 0.000000 0.000000 1.000000 1.000000 1.000000
SM_Rock_Formation_05 141.414900 1.886100 24.854310 0.000000 5.521047 0.000000 1.000000 1.000000 1.000000
SM_Grass_Patch_08 137.906400 1.912337 23.458070 0.000000 0.000000 0.000000 1.000000 1.000000 1.000000
SM_Grass_Patch_09 142.598000 1.913469 21.865310 0.000000 0.000000 0.000000 1.000000 1.000000 1.000000
SM_Ash_Tree_01 152.850000 1.009501 21.999960 0.000000 0.650643 0.000000 1.076600 1.076600 1.076600
SM_Grass_Patch_09 150.729600 1.730000 24.520070 0.000000 0.000000 0.000000 1.000000 1.000000 1.000000
SM_Bush_07 154.305000 1.986316 18.799950 0.000000 0.000000 0.000000 1.000000 1.000000 1.000000
SM_Bush_07 149.509800 1.986314 69.028060 0.000000 0.854336 0.000000 1.000000 1.000000 1.000000
SM_Grass_Patch_11 148.541900 1.905536 68.031360 0.000000 0.000000 0.000000 1.000000 1.000000 1.000000
SM_Grass_Patch_09 148.493200 1.913476 69.364530 0.000000 0.000000 0.000000 1.000000 1.000000 1.000000
SM_Grass_Patch_06 98.425990 0.131144 101.313900 0.000000 0.000000 0.000000 1.000000 1.000000 1.000000
SM_Bush_07 91.926930 0.500335 103.458200 0.000000 0.000000 0.000000 1.000000 1.000000 1.000000
SM_Grass_Patch_06 85.464120 0.410000 102.762200 0.000000 1.194196 0.000000 1.000000 1.000000 1.000000
SM_Grass_Patch_10 86.559590 0.240000 103.071400 0.000000 0.000000 0.000000 1.000000 1.000000 1.000000
SM_Bush_07 77.554900 -0.185000 98.952540 0.000000 0.883460 0.000000 0.528590 0.528590 0.528590
SM_Bush_04 78.758960 0.020925 99.108460 0.000000 0.000000 0.000000 1.000000 1.000000 1.000000
SM_Bush_03 74.264800 0.372882 97.209360 0.000000 0.000000 0.000000 1.000000 1.000000 1.000000
SM_Bush_07 63.667020 0.357196 65.386820 0.000000 1.464242 0.000000 1.000000 1.000000 1.000000
SM_Grass_Patch_11 42.249590 4.652288 76.935930 0.000000 0.000000 0.000000 1.000000 1.000000 1.000000
SM_Grass_Patch_09 42.450700 4.912402 75.524350 0.000000 0.000000 0.000000 1.000000 1.000000 1.000000
SM_Grass_Patch_08 40.280850 3.944932 75.275630 0.000000 0.000000 0.000000 1.000000 1.000000 1.000000
SM_Grass_Patch_04 40.601240 4.670520 78.906840 0.000000 0.000000 0.000000 1.000000 1.000000 1.000000
SM_Grass_Patch_08 42.336030 4.972742 78.908770 6.094280 0.000000 0.000000 1.000000 1.000000 1.000000
SM_Grass_Patch_09 43.935420 4.817725 80.099780 6.212908 0.392787 6.254100 1.000000 1.000000 1.000000
SM_Grass_Patch_09 41.778380 4.800000 81.637010 0.000000 0.000000 0.000000 1.000000 1.000000 1.000000
SM_Ash_Tree_03 41.977570 4.767000 81.214650 0.000000 0.000000 0.000000 1.000000 1.000000 1.000000
SM_Bush_08 34.935530 4.360000 83.749310 0.000000 0.556712 0.000000 1.000000 1.000000 1.000000
SM_Grass_Patch_09 38.794330 4.307000 83.053710 0.000000 0.000000 0.000000 1.000000 1.000000 1.000000
SM_Grass_Patch_08 35.351690 4.256233 87.624710 0.000000 0.000000 0.000000 1.000000 1.000000 1.000000
SM_Cliff_Formation_02 45.344590 3.675000 132.228900 0.000000 0.727944 0.000000 1.141350 1.141350 1.141350
SM_Rock_Formation_01 41.316890 3.272447 114.381000 0.000000 0.000000 0.000000 1.000000 1.000000 1.000000
SM_Ash_Tree_03 40.112110 6.391179 113.811300 0.000000 0.000000 0.000000 1.000000 1.000000 1.000000
SM_Ash_Tree_01 44.808000 2.270000 100.113200 0.000000 1.518613 0.000000 1.807300 1.807300 1.807300
SM_Cliff_Formation_05 138.400600 4.890000 111.482500 0.000000 0.944679 0.000000 0.664000 0.664000 0.664000
SM_Bush_08 134.013400 5.420988 117.139300 0.000000 0.000000 0.000000 1.000000 1.000000 1.000000
SM_Ash_Tree_03 139.825900 5.283318 115.103600 0.000000 0.000000 0.000000 1.000000 1.000000 1.000000
SM_Grass_Patch_09 139.113600 5.271138 117.132900 0.000000 0.000000 0.000000 1.000000 1.000000 1.000000
SM_Grass_Patch_08 139.622800 5.394351 112.563100 0.000000 0.000000 0.000000 1.000000 1.000000 1.000000
SM_Cliff_Formation_06 158.660000 8.510000 97.970000 0.000000 1.400323 0.000000 0.664000 0.664000 0.664000
SM_Rock_Formation_01 151.906300 0.002641 106.807500 0.000000 0.415663 0.000000 1.453700 1.453700 1.453700
SM_Grass_Patch_04 21.708930 3.146622 37.426490 0.000000 0.000000 0.000000 0.929651 0.929651 0.929651
SM_Grass_Patch_04 20.793520 3.234287 38.962290 0.000000 0.000000 0.000000 0.937460 0.937460 0.937460
SM_Grass_Patch_04 22.905780 2.732494 38.845250 0.000000 0.000000 0.000000 1.045626 1.045626 1.045626
SM_Grass_Patch_04 19.417000 3.921191 36.447950 0.000000 0.000000 0.000000 0.912141 0.912141 0.912141
SM_Grass_Patch_04 20.029250 3.855048 37.330340 0.000000 0.000000 0.000000 1.009737 1.009737 1.009737
SM_Grass_Patch_04 19.770810 3.928861 34.845460 0.000000 0.000000 0.000000 0.944106 0.944106 0.944106
SM_Grass_Patch_04 19.044590 3.647912 33.101840 0.000000 0.000000 0.000000 0.904596 0.904596 0.904596
SM_Grass_Patch_04 18.140030 3.747203 31.304700 0.000000 0.000000 0.000000 1.009296 1.009296 1.009296
SM_Grass_Patch_04 17.682000 4.105616 32.667870 0.000000 0.000000 0.000000 0.902556 0.902556 0.902556
SM_Grass_Patch_04 17.550900 3.491789 30.182660 0.000000 0.000000 0.000000 0.934832 0.934832 0.934832
SM_Grass_Patch_04 16.368190 3.949994 28.579080 0.000000 0.000000 0.000000 0.966815 0.966815 0.966815
SM_Grass_Patch_04 17.618410 3.605981 28.265930 0.000000 0.000000 0.000000 0.995972 0.995972 0.995972
SM_Grass_Patch_04 16.384630 3.751070 29.957370 0.000000 0.000000 0.000000 1.097865 1.097865 1.097865
SM_Grass_Patch_04 15.311290 4.229409 30.699720 0.000000 0.000000 0.000000 1.011957 1.011957 1.011957
SM_Grass_Patch_04 14.515530 4.233616 28.508300 0.000000 0.000000 0.000000 1.092968 1.092968 1.092968
SM_Grass_Patch_04 15.475480 4.266618 27.798790 0.000000 0.000000 0.000000 0.904488 0.904488 0.904488
SM_Grass_Patch_04 14.956930 4.156748 29.581830 0.000000 0.000000 0.000000 0.929385 0.929385 0.929385
SM_Grass_Patch_04 15.509810 4.173709 26.649640 0.000000 0.000000 0.000000 0.928189 0.928189 0.928189
SM_Grass_Patch_04 16.635640 4.153206 26.622940 0.000000 0.000000 0.000000 1.015476 1.015476 1.015476
SM_Grass_Patch_04 16.145970 4.156748 25.171720 0.000000 0.000000 0.000000 1.023102 1.023102 1.023102
SM_Grass_Patch_04 14.233630 4.166903 25.484720 0.000000 0.000000 0.000000 0.920330 0.920330 0.920330
SM_Grass_Patch_04 14.343740 4.325216 26.915660 0.000000 0.000000 0.000000 1.046936 1.046936 1.046936
SM_Grass_Patch_04 13.529090 4.156748 24.539580 0.000000 0.000000 0.000000 0.913599 0.913599 0.913599
SM_Grass_Patch_04 14.592350 4.156748 24.010090 0.000000 0.000000 0.000000 0.929616 0.929616 0.929616
SM_Grass_Patch_04 14.310730 4.170604 22.990570 0.000000 0.000000 0.000000 0.987153 0.987153 0.987153
SM_Grass_Patch_04 12.760460 4.300192 25.960910 0.000000 0.000000 0.000000 0.970925 0.970925 0.970925
SM_Grass_Patch_04 12.770430 4.266618 21.156360 0.000000 0.000000 0.000000 0.935340 0.935340 0.935340
SM_Grass_Patch_04 11.820700 4.224410 24.329280 0.000000 0.000000 0.000000 1.008720 1.008720 1.008720
SM_Grass_Patch_04 12.257140 4.244621 22.666460 0.000000 0.000000 0.000000 1.006627 1.006627 1.006627
SM_Grass_Patch_04 11.008000 4.441472 22.729170 0.000000 0.000000 0.000000 0.930353 0.930353 0.930353
SM_Grass_Patch_04 11.456230 4.308461 21.241410 0.000000 0.000000 0.000000 1.005306 1.005306 1.005306
SM_Grass_Patch_04 10.423310 4.376352 24.064810 0.000000 0.000000 0.000000 1.046111 1.046111 1.046111
SM_Grass_Patch_04 10.172190 3.956082 20.082950 0.000000 0.000000 0.000000 0.959140 0.959140 0.959140
SM_Grass_Patch_04 9.282795 4.611017 23.277310 0.000000 0.000000 0.000000 0.932622 0.932622 0.932622
SM_Grass_Patch_04 12.308350 3.947746 20.041660 0.000000 0.000000 0.000000 1.077668 1.077668 1.077668
SM_Grass_Patch_04 8.825817 4.081201 20.848600 0.000000 0.000000 0.000000 1.064557 1.064557 1.064557
SM_Grass_Patch_04 9.908287 4.483003 21.892230 0.000000 0.000000 0.000000 1.041895 1.041895 1.041895
SM_Grass_Patch_04 11.215850 3.787388 19.517910 0.000000 0.000000 0.000000 1.046436 1.046436 1.046436
SM_Grass_Patch_04 8.514248 4.419306 22.272870 0.000000 0.000000 0.000000 1.045354 1.045354 1.045354
SM_Grass_Patch_04 13.670690 4.204978 21.756230 0.000000 0.000000 0.000000 1.003036 1.003036 1.003036
SM_Grass_Patch_04 9.314552 3.951777 19.337040 0.000000 0.000000 0.000000 1.045744 1.045744 1.045744
SM_Grass_Patch_04 11.951570 3.654846 17.994230 0.000000 0.000000 0.000000 0.929635 0.929635 0.929635
SM_Grass_Patch_04 9.979603 3.812412 18.175850 0.000000 0.000000 0.000000 0.939137 0.939137 0.939137
SM_Grass_Patch_04 10.809600 3.808826 17.004710 0.000000 0.000000 0.000000 0.974754 0.974754 0.974754
SM_Grass_Patch_04 10.131180 3.785982 16.041470 0.000000 0.000000 0.000000 1.075128 1.075128 1.075128
SM_Grass_Patch_04 9.323460 3.822651 17.110930 0.000000 0.000000 0.000000 0.988564 0.988564 0.988564
SM_Grass_Patch_04 9.170033 3.753891 15.569990 0.000000 0.000000 0.000000 0.978366 0.978366 0.978366
SM_Grass_Patch_04 9.968204 3.753891 14.429950 0.000000 0.000000 0.000000 1.022145 1.022145 1.022145
SM_Grass_Patch_04 8.166199 3.753891 13.749430 0.000000 0.000000 0.000000 0.962916 0.962916 0.962916
SM_Grass_Patch_04 8.386940 3.753891 14.781180 0.000000 0.000000 0.000000 1.075433 1.075433 1.075433
SM_Grass_Patch_04 7.612877 3.753891 12.662070 0.000000 0.000000 0.000000 0.981238 0.981238 0.981238
SM_Grass_Patch_04 7.320324 3.753891 14.785970 0.000000 0.000000 0.000000 1.011387 1.011387 1.011387
SM_Grass_Patch_04 6.863529 3.753891 13.802760 0.000000 0.000000 0.000000 1.049483 1.049483 1.049483
SM_Grass_Patch_04 6.846111 3.753891 11.606840 0.000000 0.000000 0.000000 0.998398 0.998398 0.998398
SM_Grass_Patch_04 6.816570 3.753891 10.358630 0.000000 0.000000 0.000000 0.931126 0.931126 0.931126
SM_Grass_Patch_04 5.492023 3.753891 10.843270 0.000000 0.000000 0.000000 1.003151 1.003151 1.003151
SM_Grass_Patch_04 5.185459 3.753891 9.471460 0.000000 0.000000 0.000000 1.086197 1.086197 1.086197
SM_Grass_Patch_04 5.629749 3.753891 11.924530 0.000000 0.000000 0.000000 0.999020 0.999020 0.999020
SM_Grass_Patch_04 4.633385 3.753891 8.299187 0.000000 0.000000 0.000000 0.947484 0.947484 0.947484
SM_Grass_Patch_04 3.697884 3.753891 10.398710 0.000000 0.000000 0.000000 0.958953 0.958953 0.958953
SM_Grass_Patch_04 3.858219 3.753891 9.163052 0.000000 0.000000 0.000000 0.940217 0.940217 0.940217
SM_Grass_Patch_04 6.494400 3.753891 12.638750 0.000000 0.000000 0.000000 0.995723 0.995723 0.995723
SM_Grass_Patch_04 7.008717 3.753891 15.873790 0.000000 0.000000 0.000000 1.080197 1.080197 1.080197
SM_Grass_Patch_04 6.083950 3.753891 14.877030 0.000000 0.000000 0.000000 0.967683 0.967683 0.967683
SM_Grass_Patch_04 8.364422 3.753891 16.616260 0.000000 0.000000 0.000000 1.075678 1.075678 1.075678
SM_Grass_Patch_04 7.403828 3.808826 17.244940 0.000000 0.000000 0.000000 1.089244 1.089244 1.089244
SM_Grass_Patch_04 7.329441 3.923209 18.672980 0.000000 0.000000 0.000000 1.025935 1.025935 1.025935
SM_Grass_Patch_04 6.183315 3.765574 16.941460 0.000000 0.000000 0.000000 1.041796 1.041796 1.041796
SM_Grass_Patch_04 8.576168 3.895759 17.994520 0.000000 0.000000 0.000000 1.056660 1.056660 1.056660
SM_Grass_Patch_04 6.396194 3.965943 19.861300 0.000000 0.000000 0.000000 0.979339 0.979339 0.979339
SM_Grass_Patch_04 7.202915 4.041360 20.858760 0.000000 0.000000 0.000000 1.058418 1.058418 1.058418
SM_Grass_Patch_04 6.035542 3.882253 18.751540 0.000000 0.000000 0.000000 1.042363 1.042363 1.042363
SM_Grass_Patch_04 7.993557 3.968935 19.959930 0.000000 0.000000 0.000000 1.025078 1.025078 1.025078
SM_Grass_Patch_04 5.662918 3.980296 21.455480 0.000000 0.000000 0.000000 1.007130 1.007130 1.007130
SM_Grass_Patch_04 6.859692 4.221720 22.223700 0.000000 0.000000 0.000000 0.993423 0.993423 0.993423
SM_Grass_Patch_04 4.764771 3.854505 22.297690 0.000000 0.000000 0.000000 1.032740 1.032740 1.032740
SM_Grass_Patch_04 7.860470 4.623311 23.440390 0.000000 0.000000 0.000000 0.960104 0.960104 0.960104
SM_Grass_Patch_04 4.654961 3.876353 20.793470 0.000000 0.000000 0.000000 0.914160 0.914160 0.914160
SM_Grass_Patch_04 6.721470 4.462298 23.291800 0.000000 0.000000 0.000000 1.000775 1.000775 1.000775
SM_Grass_Patch_04 4.942348 3.819892 19.251340 0.000000 0.000000 0.000000 1.082187 1.082187 1.082187
SM_Grass_Patch_04 4.747814 3.753891 17.632560 0.000000 0.000000 0.000000 0.934515 0.934515 0.934515
SM_Grass_Patch_04 3.322250 3.753891 16.684710 0.000000 0.000000 0.000000 0.929811 0.929811 0.929811
SM_Grass_Patch_04 4.956352 3.753891 16.465520 0.000000 0.000000 0.000000 1.059276 1.059276 1.059276
SM_Grass_Patch_04 4.987858 3.753891 13.913480 0.000000 0.000000 0.000000 0.963301 0.963301 0.963301
SM_Grass_Patch_04 3.620209 3.753891 14.706390 0.000000 0.000000 0.000000 0.901730 0.901730 0.901730
SM_Grass_Patch_04 3.311939 3.753891 20.530400 0.000000 0.000000 0.000000 0.952087 0.952087 0.952087
SM_Grass_Patch_04 5.382362 4.278694 23.721360 0.000000 0.000000 0.000000 0.979808 0.979808 0.979808
SM_Grass_Patch_04 4.500973 4.099224 24.443740 0.000000 0.000000 0.000000 0.939150 0.939150 0.939150
SM_Grass_Patch_04 1.384323 3.717268 19.543590 0.000000 0.000000 0.000000 1.031702 1.031702 1.031702
SM_Grass_Patch_04 2.323284 3.753891 18.747630 0.000000 0.000000 0.000000 0.900988 0.900988 0.900988
SM_Grass_Patch_04 1.913280 3.735579 20.897060 0.000000 0.000000 0.000000 0.928771 0.928771 0.928771
SM_Grass_Patch_04 3.421234 3.735579 22.635570 0.000000 0.000000 0.000000 0.996192 0.996192 0.996192
SM_Grass_Patch_04 2.490856 3.735579 23.858910 0.000000 0.000000 0.000000 0.999279 0.999279 0.999279
SM_Grass_Patch_04 3.868790 4.005468 26.080590 0.000000 0.000000 0.000000 1.059174 1.059174 1.059174
SM_Grass_Patch_04 2.822407 3.736160 25.762020 0.000000 0.000000 0.000000 0.988020 0.988020 0.988020
SM_Grass_Patch_04 2.336208 3.343507 27.903280 0.000000 0.000000 0.000000 0.923608 0.923608 0.923608
SM_Grass_Patch_04 1.527260 3.080895 26.029340 0.000000 0.000000 0.000000 1.028758 1.028758 1.028758
SM_Grass_Patch_04 5.313278 4.384680 27.014030 0.000000 0.000000 0.000000 1.052489 1.052489 1.052489
SM_Grass_Patch_04 2.614918 2.839594 29.721040 0.000000 0.000000 0.000000 1.036133 1.036133 1.036133
SM_Grass_Patch_04 4.883980 3.893787 28.300010 0.000000 0.000000 0.000000 1.094079 1.094079 1.094079
SM_Grass_Patch_04 1.437962 3.676941 24.816420 0.000000 0.000000 0.000000 1.055577 1.055577 1.055577
SM_Grass_Patch_04 2.869148 3.735579 21.714170 0.000000 0.000000 0.000000 1.086542 1.086542 1.086542
SM_Grass_Patch_04 1.742535 3.735579 22.328750 0.000000 0.000000 0.000000 0.900514 0.900514 0.900514
SM_Grass_Patch_04 4.155659 3.790617 23.412130 0.000000 0.000000 0.000000 1.015690 1.015690 1.015690
SM_Grass_Patch_04 6.068268 4.504670 24.627330 0.000000 0.000000 0.000000 0.958892 0.958892 0.958892
SM_Grass_Patch_04 6.167141 4.350328 26.154280 0.000000 0.000000 0.000000 1.039344 1.039344 1.039344
SM_Grass_Patch_04 7.256313 4.409683 25.263190 0.000000 0.000000 0.000000 0.960931 0.960931 0.960931
SM_Grass_Patch_04 3.726875 3.735579 29.261360 0.000000 0.000000 0.000000 0.955080 0.955080 0.955080
SM_Grass_Patch_04 6.939312 4.447781 27.944340 0.000000 0.000000 0.000000 0.992834 0.992834 0.992834
SM_Grass_Patch_04 6.140427 4.198664 28.908720 0.000000 0.000000 0.000000 0.961625 0.961625 0.961625
SM_Grass_Patch_04 8.468464 4.515557 27.703500 0.000000 0.000000 0.000000 1.022663 1.022663 1.022663
SM_Grass_Patch_04 6.908443 4.174360 30.570050 0.000000 0.000000 0.000000 0.993392 0.993392 0.993392
SM_Grass_Patch_04 8.803230 4.518857 30.748600 0.000000 0.000000 0.000000 1.068548 1.068548 1.068548
SM_Grass_Patch_04 7.643276 3.599415 34.286870 0.000000 0.000000 0.000000 1.002425 1.002425 1.002425
SM_Grass_Patch_04 9.417114 3.519707 35.503650 0.000000 0.000000 0.000000 0.949694 0.949694 0.949694
SM_Grass_Patch_04 10.668320 4.479767 30.833420 0.000000 0.000000 0.000000 0.932207 0.932207 0.932207
SM_Grass_Patch_04 10.478740 4.705129 29.438220 0.000000 0.000000 0.000000 0.901386 0.901386 0.901386
SM_Grass_Patch_04 11.646880 4.574254 29.665620 0.000000 0.000000 0.000000 1.040117 1.040117 1.040117
SM_Grass_Patch_04 9.042835 4.881152 28.788810 0.000000 0.000000 0.000000 1.003587 1.003587 1.003587
SM_Grass_Patch_04 9.532032 4.542552 25.801950 0.000000 0.000000 0.000000 1.082581 1.082581 1.082581
SM_Grass_Patch_04 8.652477 4.421162 26.501860 0.000000 0.000000 0.000000 1.082796 1.082796 1.082796
SM_Grass_Patch_04 8.659824 4.599291 24.550200 0.000000 0.000000 0.000000 0.983740 0.983740 0.983740
SM_Grass_Patch_04 9.882587 4.601379 27.451820 0.000000 0.000000 0.000000 0.964339 0.964339 0.964339
SM_Grass_Patch_04 10.817330 4.448570 26.872860 0.000000 0.000000 0.000000 1.088453 1.088453 1.088453
SM_Grass_Patch_04 8.193680 4.173494 32.521050 0.000000 0.000000 0.000000 0.918618 0.918618 0.918618
SM_Grass_Patch_04 10.691140 3.476631 36.339150 0.000000 0.000000 0.000000 1.082134 1.082134 1.082134
SM_Grass_Patch_04 8.794754 1.605667 44.286730 0.000000 0.000000 0.000000 1.083940 1.083940 1.083940
SM_Grass_Patch_04 10.307250 4.319218 33.452180 0.000000 0.000000 0.000000 1.022260 1.022260 1.022260
SM_Grass_Patch_04 12.458500 4.312091 27.463030 0.000000 0.000000 0.000000 0.900161 0.900161 0.900161
SM_Grass_Patch_04 12.771210 4.420308 32.516790 0.000000 0.000000 0.000000 0.944281 0.944281 0.944281
SM_Grass_Patch_04 9.482197 4.544149 31.645320 0.000000 0.000000 0.000000 0.916222 0.916222 0.916222
SM_Grass_Patch_04 11.627700 4.337574 32.708220 0.000000 0.000000 0.000000 1.034753 1.034753 1.034753
SM_Grass_Patch_04 12.276210 4.388709 34.663530 0.000000 0.000000 0.000000 1.007391 1.007391 1.007391
SM_Grass_Patch_04 12.158130 3.803578 35.721830 0.000000 0.000000 0.000000 1.008353 1.008353 1.008353
SM_Grass_Patch_04 13.441750 4.575807 33.410000 0.000000 0.000000 0.000000 1.072616 1.072616 1.072616
SM_Grass_Patch_04 14.484370 4.361340 34.107010 0.000000 0.000000 0.000000 1.055418 1.055418 1.055418
SM_Grass_Patch_04 14.112620 4.492923 32.338380 0.000000 0.000000 0.000000 1.000010 1.000010 1.000010
SM_Grass_Patch_04 12.740710 4.449162 29.966550 0.000000 0.000000 0.000000 1.022514 1.022514 1.022514
SM_Grass_Patch_04 12.769430 4.483273 28.497320 0.000000 0.000000 0.000000 0.935564 0.935564 0.935564
SM_Grass_Patch_04 13.658470 4.327908 29.282880 0.000000 0.000000 0.000000 1.059463 1.059463 1.059463
SM_Grass_Patch_04 11.442740 4.383158 28.248810 0.000000 0.000000 0.000000 0.942133 0.942133 0.942133
SM_Grass_Patch_04 13.654290 4.493453 31.154760 0.000000 0.000000 0.000000 1.093735 1.093735 1.093735
SM_Grass_Patch_04 18.169690 3.387658 7.075253 0.000000 0.000000 0.000000 1.090953 1.090953 1.090953
SM_Grass_Patch_04 19.403210 3.387658 9.232052 0.000000 0.000000 0.000000 0.947436 0.947436 0.947436
SM_Grass_Patch_04 20.744900 3.387658 10.420680 0.000000 0.000000 0.000000 1.017671 1.017671 1.017671
SM_Grass_Patch_04 20.454060 3.741966 8.181629 0.000000 0.000000 0.000000 0.979903 0.979903 0.979903
SM_Grass_Patch_04 22.084340 3.655447 10.836140 0.000000 0.000000 0.000000 1.009933 1.009933 1.009933
SM_Grass_Patch_04 24.020730 4.038988 11.968450 0.000000 0.000000 0.000000 0.979772 0.979772 0.979772
SM_Grass_Patch_04 22.687290 3.656930 11.884700 0.000000 0.000000 0.000000 0.978451 0.978451 0.978451
SM_Grass_Patch_04 23.874160 4.211683 10.175930 0.000000 0.000000 0.000000 1.077985 1.077985 1.077985
SM_Grass_Patch_04 23.790910 3.613282 13.270550 0.000000 0.000000 0.000000 0.997134 0.997134 0.997134
SM_Grass_Patch_04 25.694740 4.114895 13.260310 0.000000 0.000000 0.000000 0.986213 0.986213 0.986213
SM_Grass_Patch_04 25.225110 4.180777 12.315030 0.000000 0.000000 0.000000 1.087364 1.087364 1.087364
SM_Grass_Patch_04 24.635350 4.211683 11.023830 0.000000 0.000000 0.000000 1.078577 1.078577 1.078577
SM_Grass_Patch_04 24.374980 3.514041 15.281820 0.000000 0.000000 0.000000 1.069829 1.069829 1.069829
SM_Grass_Patch_04 21.923220 4.166237 8.741354 0.000000 0.000000 0.000000 1.096153 1.096153 1.096153
SM_Grass_Patch_04 19.915950 4.016502 6.455322 0.000000 0.000000 0.000000 0.915514 0.915514 0.915514
SM_Grass_Patch_04 21.748520 3.218043 6.244740 0.000000 0.000000 0.000000 0.982712 0.982712 0.982712
SM_Grass_Patch_04 20.939690 2.606748 5.130230 0.000000 0.000000 0.000000 1.085276 1.085276 1.085276
SM_Grass_Patch_04 18.025040 3.473170 5.452625 0.000000 0.000000 0.000000 0.927669 0.927669 0.927669
SM_Grass_Patch_04 19.337670 3.260186 4.596859 0.000000 0.000000 0.000000 0.927073 0.927073 0.927073
SM_Grass_Patch_04 19.400040 3.492413 7.374958 0.000000 0.000000 0.000000 1.020502 1.020502 1.020502
SM_Grass_Patch_04 19.941910 1.972211 3.365700 0.000000 0.000000 0.000000 0.973838 0.973838 0.973838
SM_Grass_Patch_04 20.915810 1.350709 1.137066 0.000000 0.000000 0.000000 0.980504 0.980504 0.980504
SM_Grass_Patch_04 21.143670 1.753932 3.114746 0.000000 0.000000 0.000000 1.078375 1.078375 1.078375
SM_Grass_Patch_04 22.993140 1.171396 1.443707 0.000000 0.000000 0.000000 1.031415 1.031415 1.031415
SM_Grass_Patch_04 19.716160 1.331875 2.032116 0.000000 0.000000 0.000000 0.949703 0.949703 0.949703
SM_Grass_Patch_04 19.279340 0.634268 0.217133 0.000000 0.000000 0.000000 0.923840 0.923840 0.923840
SM_Grass_Patch_04 16.509370 3.670105 3.855797 0.000000 0.000000 0.000000 1.090681 1.090681 1.090681
SM_Grass_Patch_04 19.083620 3.817024 5.724773 0.000000 0.000000 0.000000 1.011405 1.011405 1.011405
SM_Grass_Patch_04 17.086890 3.972738 2.938725 0.000000 0.000000 0.000000 1.017535 1.017535 1.017535
SM_Grass_Patch_04 18.597310 1.658038 2.623199 0.000000 0.000000 0.000000 0.956858 0.956858 0.956858
SM_Grass_Patch_04 17.180790 2.510649 1.864265 0.000000 0.000000 0.000000 0.955682 0.955682 0.955682
SM_Grass_Patch_04 18.207390 3.419311 3.859394 0.000000 0.000000 0.000000 0.942206 0.942206 0.942206
SM_Grass_Patch_04 14.736380 3.945905 2.291908 0.000000 0.000000 0.000000 1.076594 1.076594 1.076594
SM_Grass_Patch_04 14.640840 3.602538 1.201389 0.000000 0.000000 0.000000 1.070444 1.070444 1.070444
SM_Grass_Patch_04 16.802220 0.713012 0.466465 0.000000 0.000000 0.000000 0.990778 0.990778 0.990778
SM_Grass_Patch_04 15.831400 4.032498 2.033031 0.000000 0.000000 0.000000 1.036164 1.036164 1.036164
SM_Grass_Patch_04 24.510520 4.082802 9.321892 0.000000 0.000000 0.000000 0.957952 0.957952 0.957952
SM_Grass_Patch_04 23.053620 3.855284 8.065355 0.000000 0.000000 0.000000 1.084189 1.084189 1.084189
SM_Grass_Patch_04 22.587020 4.135055 9.585417 0.000000 0.000000 0.000000 0.987759 0.987759 0.987759
SM_Grass_Patch_04 26.512510 4.114008 9.834831 0.000000 0.000000 0.000000 0.922895 0.922895 0.922895
SM_Grass_Patch_04 27.401740 4.211683 11.002540 0.000000 0.000000 0.000000 1.002288 1.002288 1.002288
SM_Grass_Patch_04 27.933470 4.211683 13.410160 0.000000 0.000000 0.000000 0.939636 0.939636 0.939636
SM_Grass_Patch_04 28.757160 4.211683 15.203830 0.000000 0.000000 0.000000 1.078247 1.078247 1.078247
SM_Grass_Patch_04 26.111000 3.845449 15.300910 0.000000 0.000000 0.000000 0.997820 0.997820 0.997820
SM_Grass_Patch_04 28.140520 4.211683 12.056210 0.000000 0.000000 0.000000 1.095642 1.095642 1.095642
SM_Grass_Patch_04 27.270050 3.933729 15.698650 0.000000 0.000000 0.000000 1.032795 1.032795 1.032795
SM_Grass_Patch_04 30.339010 4.211683 14.071570 0.000000 0.000000 0.000000 1.075455 1.075455 1.075455
SM_Grass_Patch_04 29.952260 3.997998 17.458910 0.000000 0.000000 0.000000 1.087266 1.087266 1.087266
SM_Grass_Patch_04 30.686880 4.211683 15.104000 0.000000 0.000000 0.000000 1.023960 1.023960 1.023960
SM_Grass_Patch_04 31.612860 4.211683 15.676170 0.000000 0.000000 0.000000 1.016478 1.016478 1.016478
SM_Grass_Patch_04 32.669250 4.211683 15.135800 0.000000 0.000000 0.000000 1.091263 1.091263 1.091263
SM_Grass_Patch_04 31.578790 4.070740 18.671560 0.000000 0.000000 0.000000 0.934155 0.934155 0.934155
SM_Grass_Patch_04 32.698550 4.211683 16.188360 0.000000 0.000000 0.000000 1.003371 1.003371 1.003371
SM_Grass_Patch_04 30.775980 4.193371 16.425710 0.000000 0.000000 0.000000 0.966841 0.966841 0.966841
SM_Grass_Patch_04 33.288340 4.211683 18.405210 0.000000 0.000000 0.000000 1.050513 1.050513 1.050513
SM_Grass_Patch_04 31.505530 4.211683 14.410690 0.000000 0.000000 0.000000 0.952671 0.952671 0.952671
SM_Grass_Patch_04 33.501130 4.166582 13.859820 0.000000 0.000000 0.000000 0.935638 0.935638 0.935638
SM_Grass_Patch_04 32.077090 4.211683 12.570650 0.000000 0.000000 0.000000 1.004902 1.004902 1.004902
SM_Grass_Patch_04 31.032970 3.574648 10.152110 0.000000 0.000000 0.000000 1.017144 1.017144 1.017144
SM_Grass_Patch_04 32.311290 3.668144 10.796770 0.000000 0.000000 0.000000 0.925024 0.925024 0.925024
SM_Grass_Patch_04 30.802340 4.211683 12.569010 0.000000 0.000000 0.000000 0.974512 0.974512 0.974512
SM_Grass_Patch_04 29.760140 4.211683 11.699790 0.000000 0.000000 0.000000 1.014239 1.014239 1.014239
SM_Grass_Patch_04 29.592770 4.211683 13.115270 0.000000 0.000000 0.000000 1.024143 1.024143 1.024143
SM_Grass_Patch_04 34.020740 4.211683 16.584660 0.000000 0.000000 0.000000 0.966111 0.966111 0.966111
SM_Grass_Patch_04 28.886390 4.211683 10.930680 0.000000 0.000000 0.000000 1.015873 1.015873 1.015873
SM_Grass_Patch_04 28.843250 2.095597 7.587412 0.000000 0.000000 0.000000 0.940403 0.940403 0.940403
SM_Grass_Patch_04 28.433850 4.089326 9.791920 0.000000 0.000000 0.000000 0.901015 0.901015 0.901015
SM_Grass_Patch_04 26.363200 4.211683 12.077830 0.000000 0.000000 0.000000 1.080210 1.080210 1.080210
SM_Grass_Patch_04 26.883850 4.021434 14.449130 0.000000 0.000000 0.000000 0.943797 0.943797 0.943797
SM_Grass_Patch_04 26.918380 4.211683 13.019850 0.000000 0.000000 0.000000 0.999660 0.999660 0.999660
SM_Grass_Patch_04 27.980170 2.503381 8.842403 0.000000 0.000000 0.000000 0.971533 0.971533 0.971533
SM_Grass_Patch_04 26.655020 1.386413 4.232723 0.000000 0.000000 0.000000 1.009076 1.009076 1.009076
SM_Grass_Patch_04 26.750030 2.642223 8.760250 0.000000 0.000000 0.000000 1.039321 1.039321 1.039321
SM_Grass_Patch_04 29.664060 4.198982 16.154250 0.000000 0.000000 0.000000 0.943196 0.943196 0.943196
SM_Grass_Patch_04 28.615300 3.845449 18.188370 0.000000 0.000000 0.000000 0.974045 0.974045 0.974045
SM_Grass_Patch_04 27.870190 3.845449 17.410450 0.000000 0.000000 0.000000 1.019092 1.019092 1.019092
SM_Grass_Patch_04 29.684990 3.845449 18.658780 0.000000 0.000000 0.000000 1.040682 1.040682 1.040682
SM_Grass_Patch_04 29.690180 4.171904 10.142790 0.000000 0.000000 0.000000 0.962588 0.962588 0.962588
SM_Grass_Patch_04 29.336180 3.845449 20.087020 0.000000 0.000000 0.000000 1.030451 1.030451 1.030451
SM_Grass_Patch_04 30.707250 3.845449 21.325990 0.000000 0.000000 0.000000 1.064358 1.064358 1.064358
SM_Grass_Patch_04 33.333530 4.050384 21.376340 0.000000 0.000000 0.000000 1.087646 1.087646 1.087646
SM_Grass_Patch_04 32.028390 3.595238 23.480180 0.000000 0.000000 0.000000 0.975472 0.975472 0.975472
SM_Grass_Patch_04 31.938080 4.004508 20.924910 0.000000 0.000000 0.000000 0.932190 0.932190 0.932190
SM_Grass_Patch_04 33.275740 3.757670 22.887990 0.000000 0.000000 0.000000 1.078822 1.078822 1.078822
SM_Grass_Patch_04 31.826950 3.778077 22.150420 0.000000 0.000000 0.000000 1.018541 1.018541 1.018541
SM_Grass_Patch_04 34.080290 3.970622 23.706530 0.000000 0.000000 0.000000 0.973730 0.973730 0.973730
SM_Grass_Patch_04 33.713270 4.038550 24.692320 0.000000 0.000000 0.000000 0.959563 0.959563 0.959563
SM_Grass_Patch_04 29.922620 3.523998 22.777690 0.000000 0.000000 0.000000 1.056572 1.056572 1.056572
SM_Grass_Patch_04 34.372040 3.982108 21.805630 0.000000 0.000000 0.000000 1.057320 1.057320 1.057320
SM_Grass_Patch_04 31.283290 4.159278 17.490100 0.000000 0.000000 0.000000 0.951903 0.951903 0.951903
SM_Grass_Patch_04 34.318690 4.211683 15.421330 0.000000 0.000000 0.000000 0.928207 0.928207 0.928207
SM_Grass_Patch_04 34.871900 4.211683 17.365360 0.000000 0.000000 0.000000 0.990380 0.990380 0.990380
SM_Grass_Patch_04 34.354460 4.211683 18.536710 0.000000 0.000000 0.000000 0.938883 0.938883 0.938883
SM_Grass_Patch_04 34.435840 4.192622 20.365390 0.000000 0.000000 0.000000 0.972175 0.972175 0.972175
SM_Grass_Patch_04 32.388760 4.137193 19.915330 0.000000 0.000000 0.000000 0.937632 0.937632 0.937632
SM_Grass_Patch_04 34.215220 4.074669 25.615940 0.000000 0.000000 0.000000 0.971717 0.971717 0.971717
SM_Grass_Patch_04 35.404830 3.994653 24.478100 0.000000 0.000000 0.000000 0.949655 0.949655 0.949655
SM_Grass_Patch_04 32.637590 3.560033 26.227910 0.000000 0.000000 0.000000 1.033103 1.033103 1.033103
SM_Grass_Patch_04 35.523130 4.115257 23.341590 0.000000 0.000000 0.000000 0.946919 0.946919 0.946919
SM_Grass_Patch_04 36.946520 4.146101 22.000970 0.000000 0.000000 0.000000 1.055227 1.055227 1.055227
SM_Grass_Patch_04 35.067170 4.211683 19.369610 0.000000 0.000000 0.000000 1.046099 1.046099 1.046099
SM_Grass_Patch_04 36.430700 4.041044 21.044100 0.000000 0.000000 0.000000 0.927426 0.927426 0.927426
SM_Grass_Patch_04 36.918590 3.387658 19.262530 0.000000 0.000000 0.000000 1.049070 1.049070 1.049070
SM_Grass_Patch_04 36.524600 3.426502 17.194310 0.000000 0.000000 0.000000 0.909061 0.909061 0.909061
SM_Grass_Patch_04 36.345430 3.564420 14.483430 0.000000 0.000000 0.000000 1.012358 1.012358 1.012358
SM_Grass_Patch_04 34.219810 3.861203 13.026650 0.000000 0.000000 0.000000 0.959480 0.959480 0.959480
SM_Grass_Patch_04 35.218860 3.998241 16.226550 0.000000 0.000000 0.000000 0.952094 0.952094 0.952094
SM_Grass_Patch_04 36.658890 4.284929 23.366210 0.000000 0.000000 0.000000 0.968445 0.968445 0.968445
SM_Grass_Patch_04 35.638340 3.892840 26.151450 0.000000 0.000000 0.000000 0.988160 0.988160 0.988160
SM_Grass_Patch_04 36.773090 3.931831 26.164410 0.000000 0.000000 0.000000 0.997189 0.997189 0.997189
SM_Grass_Patch_04 37.506460 4.034220 25.120250 0.000000 0.000000 0.000000 1.032139 1.032139 1.032139
SM_Grass_Patch_04 37.875200 4.200661 22.965980 0.000000 0.000000 0.000000 1.053464 1.053464 1.053464
SM_Grass_Patch_04 38.159610 3.613348 21.371100 0.000000 0.000000 0.000000 0.959686 0.959686 0.959686
SM_Grass_Patch_04 38.489720 3.504795 20.252330 0.000000 0.000000 0.000000 0.998238 0.998238 0.998238
SM_Grass_Patch_04 35.005390 3.760512 14.313110 0.000000 0.000000 0.000000 0.956453 0.956453 0.956453
SM_Grass_Patch_04 35.136330 3.636009 28.830090 0.000000 0.000000 0.000000 1.084164 1.084164 1.084164
SM_Grass_Patch_04 38.159060 4.046878 26.755200 0.000000 0.000000 0.000000 1.000796 1.000796 1.000796
SM_Grass_Patch_04 37.232090 4.011199 27.560720 0.000000 0.000000 0.000000 1.009187 1.009187 1.009187
SM_Grass_Patch_04 36.447510 3.129743 30.994000 0.000000 0.000000 0.000000 0.914288 0.914288 0.914288
SM_Grass_Patch_04 34.699220 3.624490 30.620210 0.000000 0.000000 0.000000 0.939392 0.939392 0.939392
SM_Grass_Patch_04 36.104200 2.794727 32.107040 0.000000 0.000000 0.000000 0.922924 0.922924 0.922924
SM_Grass_Patch_04 38.595540 4.138854 29.466080 0.000000 0.000000 0.000000 1.053797 1.053797 1.053797
SM_Grass_Patch_04 38.588760 4.052914 32.784180 0.000000 0.000000 0.000000 0.964448 0.964448 0.964448
SM_Grass_Patch_04 38.660100 4.020015 31.614180 0.000000 0.000000 0.000000 1.096276 1.096276 1.096276
SM_Grass_Patch_04 37.423070 3.196361 32.394230 0.000000 0.000000 0.000000 0.993313 0.993313 0.993313
SM_Grass_Patch_04 38.061980 3.495270 34.179820 0.000000 0.000000 0.000000 0.970105 0.970105 0.970105
SM_Grass_Patch_04 39.544520 4.035396 30.177430 0.000000 0.000000 0.000000 1.066955 1.066955 1.066955
SM_Grass_Patch_04 36.909760 3.742895 29.452620 0.000000 0.000000 0.000000 0.981777 0.981777 0.981777
SM_Grass_Patch_04 39.151910 3.774727 22.721890 0.000000 0.000000 0.000000 0.937599 0.937599 0.937599
SM_Grass_Patch_04 40.080960 4.176383 29.129520 0.000000 0.000000 0.000000 0.971950 0.971950 0.971950
SM_Grass_Patch_04 39.271710 3.986362 27.505410 0.000000 0.000000 0.000000 0.930556 0.930556 0.930556
SM_Grass_Patch_04 35.910610 3.357582 30.011360 0.000000 0.000000 0.000000 1.002908 1.002908 1.002908
SM_Grass_Patch_04 37.919120 3.943171 30.526230 0.000000 0.000000 0.000000 1.084190 1.084190 1.084190
SM_Grass_Patch_04 39.624870 4.093758 34.475010 0.000000 0.000000 0.000000 0.956906 0.956906 0.956906
SM_Grass_Patch_04 37.762870 3.513837 35.306720 0.000000 0.000000 0.000000 1.059142 1.059142 1.059142
SM_Grass_Patch_04 39.400360 4.242123 36.043020 0.000000 0.000000 0.000000 1.066244 1.066244 1.066244
SM_Grass_Patch_04 36.035760 2.541976 33.654600 0.000000 0.000000 0.000000 1.017318 1.017318 1.017318
SM_Grass_Patch_04 36.063010 3.850382 27.151080 0.000000 0.000000 0.000000 0.960120 0.960120 0.960120
SM_Grass_Patch_04 34.561700 3.885100 27.294750 0.000000 0.000000 0.000000 0.947804 0.947804 0.947804
SM_Grass_Patch_04 34.907570 3.202893 32.318870 0.000000 0.000000 0.000000 0.979040 0.979040 0.979040
SM_Grass_Patch_04 33.616650 3.460629 30.861970 0.000000 0.000000 0.000000 0.984277 0.984277 0.984277
SM_Grass_Patch_04 33.811900 3.104050 32.825330 0.000000 0.000000 0.000000 0.944484 0.944484 0.944484
SM_Grass_Patch_04 33.107660 3.748908 29.565100 0.000000 0.000000 0.000000 1.071698 1.071698 1.071698
SM_Grass_Patch_04 31.922760 3.445695 25.273060 0.000000 0.000000 0.000000 0.987005 0.987005 0.987005
SM_Grass_Patch_04 31.166670 3.872236 27.827820 0.000000 0.000000 0.000000 1.002553 1.002553 1.002553
SM_Grass_Patch_04 32.315040 3.283050 30.794540 0.000000 0.000000 0.000000 0.996790 0.996790 0.996790
SM_Grass_Patch_04 33.595490 3.710414 28.004560 0.000000 0.000000 0.000000 1.024398 1.024398 1.024398
SM_Grass_Patch_04 31.720820 3.842080 29.010020 0.000000 0.000000 0.000000 0.940485 0.940485 0.940485
SM_Grass_Patch_04 34.071900 3.804979 29.006250 0.000000 0.000000 0.000000 0.924591 0.924591 0.924591
SM_Grass_Patch_04 31.330420 3.429786 26.462840 0.000000 0.000000 0.000000 1.097588 1.097588 1.097588
SM_Grass_Patch_04 32.412140 3.713051 28.101960 0.000000 0.000000 0.000000 1.081469 1.081469 1.081469
SM_Grass_Patch_04 30.498100 3.264038 24.789880 0.000000 0.000000 0.000000 1.002576 1.002576 1.002576
SM_Grass_Patch_04 30.965220 3.465392 23.119710 0.000000 0.000000 0.000000 0.955445 0.955445 0.955445
SM_Grass_Patch_04 30.352560 3.845449 19.785620 0.000000 0.000000 0.000000 0.988727 0.988727 0.988727
SM_Grass_Patch_04 28.183180 3.845449 20.224120 0.000000 0.000000 0.000000 0.987258 0.987258 0.987258
SM_Grass_Patch_04 29.770500 3.345444 23.907140 0.000000 0.000000 0.000000 1.044932 1.044932 1.044932
SM_Grass_Patch_04 25.658140 3.723094 16.260950 0.000000 0.000000 0.000000 1.081112 1.081112 1.081112
SM_Grass_Patch_04 26.723160 3.845449 17.799710 0.000000 0.000000 0.000000 0.911267 0.911267 0.911267
SM_Grass_Patch_02 17.802450 3.475170 23.358390 0.000000 0.000000 0.000000 1.061649 1.061649 1.061649
SM_Grass_Patch_02 17.063200 3.879446 24.333580 0.000000 0.000000 0.000000 1.054834 1.054834 1.054834
SM_Grass_Patch_02 18.923140 3.387658 23.889470 0.000000 0.000000 0.000000 0.924012 0.924012 0.924012
SM_Grass_Patch_02 17.371800 4.062840 25.873900 0.000000 0.000000 0.000000 0.996574 0.996574 0.996574
SM_Grass_Patch_02 15.803080 4.038121 23.779530 0.000000 0.000000 0.000000 0.927500 0.927500 0.927500
SM_Grass_Patch_02 16.446620 3.567985 22.713690 0.000000 0.000000 0.000000 1.020579 1.020579 1.020579
SM_Grass_Patch_02 17.343010 3.391942 22.103610 0.000000 0.000000 0.000000 0.967273 0.967273 0.967273
SM_Grass_Patch_02 15.313720 3.518700 21.373290 0.000000 0.000000 0.000000 1.089381 1.089381 1.089381
SM_Grass_Patch_02 14.382420 3.877716 20.664980 0.000000 0.000000 0.000000 0.928482 0.928482 0.928482
SM_Grass_Patch_02 15.582100 3.387658 20.297330 0.000000 0.000000 0.000000 1.062814 1.062814 1.062814
SM_Grass_Patch_02 16.529660 3.387658 21.178850 0.000000 0.000000 0.000000 0.983048 0.983048 0.983048
SM_Grass_Patch_02 14.921810 3.387658 19.261770 0.000000 0.000000 0.000000 1.029328 1.029328 1.029328
SM_Grass_Patch_02 13.354850 3.510048 19.111390 0.000000 0.000000 0.000000 0.902816 0.902816 0.902816
SM_Grass_Patch_02 13.765060 3.387658 17.997850 0.000000 0.000000 0.000000 1.017974 1.017974 1.017974
SM_Grass_Patch_02 12.612150 3.594254 16.989120 0.000000 0.000000 0.000000 1.028297 1.028297 1.028297
SM_Grass_Patch_02 13.993100 3.399858 16.697330 0.000000 0.000000 0.000000 1.096213 1.096213 1.096213
SM_Grass_Patch_02 12.607540 3.532583 15.856720 0.000000 0.000000 0.000000 1.037996 1.037996 1.037996
SM_Grass_Patch_02 11.648490 3.538024 16.326040 0.000000 0.000000 0.000000 0.933298 0.933298 0.933298
SM_Grass_Patch_02 12.338390 3.524053 14.773890 0.000000 0.000000 0.000000 1.051447 1.051447 1.051447
SM_Grass_Patch_02 13.862960 3.441046 15.654810 0.000000 0.000000 0.000000 1.060137 1.060137 1.060137
SM_Grass_Patch_02 11.341070 3.484553 15.171290 0.000000 0.000000 0.000000 1.061977 1.061977 1.061977
SM_Grass_Patch_02 8.262486 3.753891 11.332530 0.000000 0.000000 0.000000 0.941938 0.941938 0.941938
SM_Grass_Patch_02 6.675114 3.753891 9.206865 0.000000 0.000000 0.000000 0.999880 0.999880 0.999880
SM_Grass_Patch_02 5.640205 3.645589 7.414890 0.000000 0.000000 0.000000 0.918150 0.918150 0.918150
SM_Grass_Patch_02 5.682903 3.753891 8.539293 0.000000 0.000000 0.000000 1.093373 1.093373 1.093373
SM_Grass_Patch_02 15.880470 3.387658 5.001572 0.000000 0.000000 0.000000 1.031167 1.031167 1.031167
SM_Grass_Patch_02 16.824400 3.387658 5.483376 0.000000 0.000000 0.000000 1.000509 1.000509 1.000509
SM_Grass_Patch_02 17.098690 3.387658 6.551723 0.000000 0.000000 0.000000 1.083287 1.083287 1.083287
SM_Grass_Patch_02 17.540870 3.387658 8.019997 0.000000 0.000000 0.000000 1.026415 1.026415 1.026415
SM_Grass_Patch_02 18.626960 3.387658 8.515747 0.000000 0.000000 0.000000 1.081311 1.081311 1.081311
SM_Grass_Patch_02 19.626560 3.387658 10.312910 0.000000 0.000000 0.000000 1.022528 1.022528 1.022528
SM_Grass_Patch_02 21.408020 3.387658 11.770560 0.000000 0.000000 0.000000 1.049519 1.049519 1.049519
SM_Grass_Patch_02 29.121380 3.795512 21.996020 0.000000 0.000000 0.000000 1.024816 1.024816 1.024816
SM_Grass_Patch_02 25.270850 3.387658 25.113050 0.000000 0.000000 0.000000 1.093512 1.093512 1.093512
SM_Grass_Patch_02 24.642490 3.387658 24.057980 0.000000 0.000000 0.000000 1.023653 1.023653 1.023653
SM_Grass_Patch_02 25.521930 3.387658 26.162040 0.000000 0.000000 0.000000 0.920886 0.920886 0.920886
SM_Grass_Patch_02 24.045520 3.387658 24.950520 0.000000 0.000000 0.000000 1.086608 1.086608 1.086608
SM_Grass_Patch_02 24.326560 3.387658 25.997050 0.000000 0.000000 0.000000 1.010893 1.010893 1.010893
SM_Grass_Patch_02 23.252460 3.387658 25.832680 0.000000 0.000000 0.000000 0.973306 0.973306 0.973306
SM_Grass_Patch_02 23.245980 3.387658 24.266530 0.000000 0.000000 0.000000 0.949002 0.949002 0.949002
SM_Grass_Patch_02 22.357660 3.387658 25.053940 0.000000 0.000000 0.000000 1.057140 1.057140 1.057140
SM_Grass_Patch_02 23.689020 3.387658 26.965960 0.000000 0.000000 0.000000 0.936145 0.936145 0.936145
SM_Grass_Patch_02 32.508490 3.075365 32.040090 0.000000 0.000000 0.000000 1.059860 1.059860 1.059860
SM_Grass_Patch_02 34.792780 3.009407 33.383490 0.000000 0.000000 0.000000 0.946174 0.946174 0.946174
SM_Grass_Patch_02 38.154500 3.867921 36.431390 0.000000 0.000000 0.000000 1.008800 1.008800 1.008800
SM_Grass_Patch_04 28.864970 3.573873 26.583820 0.000000 0.000000 0.000000 0.930535 0.930535 0.930535
SM_Grass_Patch_04 29.268200 3.457638 28.827320 0.000000 0.000000 0.000000 1.008946 1.008946 1.008946
SM_Grass_Patch_04 29.609580 3.596450 30.915720 0.000000 0.000000 0.000000 1.033005 1.033005 1.033005
SM_Grass_Patch_04 27.637300 3.443314 23.746920 0.000000 0.000000 0.000000 1.086681 1.086681 1.086681
SM_Grass_Patch_04 19.373760 3.387658 12.581040 0.000000 0.000000 0.000000 1.057668 1.057668 1.057668
SM_Grass_Patch_04 20.769730 3.387658 14.459510 0.000000 0.000000 0.000000 0.952943 0.952943 0.952943
SM_Grass_Patch_04 17.440880 3.387658 10.551090 0.000000 0.000000 0.000000 0.969658 0.969658 0.969658
SM_Grass_Patch_04 15.772830 3.387658 12.194480 0.000000 0.000000 0.000000 1.016282 1.016282 1.016282
SM_Grass_Patch_04 14.700030 3.387658 10.232490 0.000000 0.000000 0.000000 0.957231 0.957231 0.957231
SM_Grass_Patch_04 25.580490 3.733272 20.138670 0.000000 0.000000 0.000000 0.904673 0.904673 0.904673
SM_Grass_Patch_04 39.098700 3.877743 43.547590 0.000000 0.000000 0.000000 0.914513 0.914513 0.914513
SM_Grass_Patch_04 39.875410 3.515339 45.594920 0.000000 0.000000 0.000000 1.018417 1.018417 1.018417
SM_Grass_Patch_04 35.308340 3.529197 42.362810 0.000000 0.000000 0.000000 0.906925 0.906925 0.906925
SM_Grass_Patch_04 37.541260 3.523093 42.137630 0.000000 0.000000 0.000000 1.063735 1.063735 1.063735
SM_Grass_Patch_04 38.744090 3.769780 42.410990 0.000000 0.000000 0.000000 0.972668 0.972668 0.972668
SM_Grass_Patch_04 41.203190 3.520535 44.714280 0.000000 0.000000 0.000000 0.944679 0.944679 0.944679
SM_Grass_Patch_04 41.289160 3.304493 46.497580 0.000000 0.000000 0.000000 1.076827 1.076827 1.076827
SM_Grass_Patch_04 41.131240 3.497082 43.442210 0.000000 0.000000 0.000000 1.069971 1.069971 1.069971
SM_Grass_Patch_04 41.371690 3.535865 40.068480 0.000000 0.000000 0.000000 0.982353 0.982353 0.982353
SM_Grass_Patch_04 40.335760 3.581596 38.368190 0.000000 0.000000 0.000000 0.942052 0.942052 0.942052
SM_Grass_Patch_04 40.602390 4.217516 36.503610 0.000000 0.000000 0.000000 0.988902 0.988902 0.988902
SM_Grass_Patch_04 41.447740 3.794233 38.121040 0.000000 0.000000 0.000000 0.927763 0.927763 0.927763
SM_Grass_Patch_04 42.830700 3.768301 42.135120 0.000000 0.000000 0.000000 1.078631 1.078631 1.078631
SM_Grass_Patch_04 43.867680 3.463280 44.317210 0.000000 0.000000 0.000000 0.932429 0.932429 0.932429
SM_Grass_Patch_04 42.243180 3.462649 43.963010 0.000000 0.000000 0.000000 0.930226 0.930226 0.930226
SM_Grass_Patch_04 44.137250 3.561223 45.545730 0.000000 0.000000 0.000000 1.085208 1.085208 1.085208
SM_Grass_Patch_04 45.664690 2.731287 47.150480 0.000000 0.000000 0.000000 1.027880 1.027880 1.027880
SM_Grass_Patch_04 47.047420 3.419260 45.664700 0.000000 0.000000 0.000000 0.989815 0.989815 0.989815
SM_Grass_Patch_04 45.202350 2.974237 46.144370 0.000000 0.000000 0.000000 0.958073 0.958073 0.958073
SM_Grass_Patch_04 47.524790 1.811043 47.812130 0.000000 0.000000 0.000000 1.069853 1.069853 1.069853
SM_Grass_Patch_04 45.941840 2.536009 48.826400 0.000000 0.000000 0.000000 1.085832 1.085832 1.085832
SM_Grass_Patch_04 44.093910 2.973632 47.046000 0.000000 0.000000 0.000000 0.988725 0.988725 0.988725
SM_Grass_Patch_04 42.961570 3.442593 45.112450 0.000000 0.000000 0.000000 0.940624 0.940624 0.940624
SM_Grass_Patch_04 42.368870 3.769575 40.711290 0.000000 0.000000 0.000000 0.969224 0.969224 0.969224
SM_Grass_Patch_04 39.601600 3.760107 41.774110 0.000000 0.000000 0.000000 0.902059 0.902059 0.902059
SM_Grass_Patch_04 38.414500 3.606302 44.495170 0.000000 0.000000 0.000000 1.046757 1.046757 1.046757
SM_Grass_Patch_04 36.687580 3.648223 42.884210 0.000000 0.000000 0.000000 0.935586 0.935586 0.935586
SM_Grass_Patch_04 36.896310 2.684586 34.546580 0.000000 0.000000 0.000000 0.988970 0.988970 0.988970
SM_Grass_Patch_04 36.451480 3.439434 41.783010 0.000000 0.000000 0.000000 1.097662 1.097662 1.097662
SM_Grass_Patch_04 30.108190 3.879246 27.902600 0.000000 0.000000 0.000000 1.056949 1.056949 1.056949
SM_Grass_Patch_04 29.545850 3.494826 32.076080 0.000000 0.000000 0.000000 0.939072 0.939072 0.939072
SM_Grass_Patch_04 31.090370 3.426487 31.392290 0.000000 0.000000 0.000000 1.034429 1.034429 1.034429
SM_Grass_Patch_04 32.714290 3.241839 33.154090 0.000000 0.000000 0.000000 0.996046 0.996046 0.996046
SM_Grass_Patch_04 30.962540 3.442593 34.026760 0.000000 0.000000 0.000000 0.927716 0.927716 0.927716
SM_Grass_Patch_04 31.828600 3.442593 34.687690 0.000000 0.000000 0.000000 0.961333 0.961333 0.961333
SM_Grass_Patch_04 34.356170 3.258720 36.018730 0.000000 0.000000 0.000000 1.022053 1.022053 1.022053
SM_Grass_Patch_04 33.192290 3.393577 36.178570 0.000000 0.000000 0.000000 0.910612 0.910612 0.910612
SM_Grass_Patch_04 34.530640 3.374344 37.933570 0.000000 0.000000 0.000000 0.926249 0.926249 0.926249
SM_Grass_Patch_04 36.746750 2.878092 36.505810 0.000000 0.000000 0.000000 0.959454 0.959454 0.959454
SM_Grass_Patch_04 35.107160 3.222536 36.841080 0.000000 0.000000 0.000000 0.905092 0.905092 0.905092
SM_Grass_Patch_04 34.881340 3.585372 39.907170 0.000000 0.000000 0.000000 1.096320 1.096320 1.096320
SM_Grass_Patch_04 38.423130 3.612272 40.398420 0.000000 0.000000 0.000000 0.937979 0.937979 0.937979
SM_Grass_Patch_04 37.512150 3.585550 38.849290 0.000000 0.000000 0.000000 1.003979 1.003979 1.003979
SM_Grass_Patch_04 35.251990 3.583989 41.163020 0.000000 0.000000 0.000000 1.043346 1.043346 1.043346
SM_Grass_Patch_04 36.046630 3.460775 37.874540 0.000000 0.000000 0.000000 1.067845 1.067845 1.067845
SM_Grass_Patch_04 33.663130 3.209532 33.925450 0.000000 0.000000 0.000000 0.901546 0.901546 0.901546
SM_Grass_Patch_04 35.141140 3.157217 35.276650 0.000000 0.000000 0.000000 0.901436 0.901436 0.901436
SM_Grass_Patch_04 35.361530 3.603536 38.807460 0.000000 0.000000 0.000000 1.032045 1.032045 1.032045
SM_Grass_Patch_04 36.120420 3.401289 40.482020 0.000000 0.000000 0.000000 1.095332 1.095332 1.095332
SM_Grass_Patch_04 38.089770 3.719300 37.601400 0.000000 0.000000 0.000000 0.987168 0.987168 0.987168
SM_Grass_Patch_04 39.037450 3.740678 38.122040 0.000000 0.000000 0.000000 0.930706 0.930706 0.930706
SM_Grass_Patch_04 40.637950 3.703848 41.372000 0.000000 0.000000 0.000000 0.963722 0.963722 0.963722
SM_Grass_Patch_04 41.572570 3.188576 47.529970 0.000000 0.000000 0.000000 1.023487 1.023487 1.023487
SM_Grass_Patch_04 40.215110 3.243990 46.703450 0.000000 0.000000 0.000000 1.031367 1.031367 1.031367
SM_Grass_Patch_04 42.408370 3.523912 46.279090 0.000000 0.000000 0.000000 1.086484 1.086484 1.086484
SM_Grass_Patch_04 42.731110 2.426396 49.812840 0.000000 0.000000 0.000000 0.931602 0.931602 0.931602
SM_Grass_Patch_04 43.415910 2.329376 50.721890 0.000000 0.000000 0.000000 1.005813 1.005813 1.005813
SM_Grass_Patch_04 42.009180 2.801358 51.006490 0.000000 0.000000 0.000000 0.975951 0.975951 0.975951
SM_Grass_Patch_04 41.785290 2.235775 53.474880 0.000000 0.000000 0.000000 1.010503 1.010503 1.010503
SM_Grass_Patch_04 44.218920 1.535240 54.703990 0.000000 0.000000 0.000000 1.019102 1.019102 1.019102
SM_Grass_Patch_04 45.432340 2.077292 53.102040 0.000000 0.000000 0.000000 0.926927 0.926927 0.926927
SM_Grass_Patch_04 43.306980 2.037801 53.617030 0.000000 0.000000 0.000000 0.910762 0.910762 0.910762
SM_Grass_Patch_04 45.634330 1.394098 54.614900 0.000000 0.000000 0.000000 1.062830 1.062830 1.062830
SM_Grass_Patch_04 45.152970 2.288958 52.014600 0.000000 0.000000 0.000000 1.001765 1.001765 1.001765
SM_Grass_Patch_04 42.171890 2.410242 52.164150 0.000000 0.000000 0.000000 0.938671 0.938671 0.938671
SM_Grass_Patch_04 45.633960 2.420102 50.279870 0.000000 0.000000 0.000000 0.908302 0.908302 0.908302
SM_Grass_Patch_04 42.729190 2.890131 47.969690 0.000000 0.000000 0.000000 0.930632 0.930632 0.930632
SM_Grass_Patch_04 44.567870 2.666151 47.989120 0.000000 0.000000 0.000000 1.052132 1.052132 1.052132
SM_Grass_Patch_04 40.315470 3.276518 50.938900 0.000000 0.000000 0.000000 1.005375 1.005375 1.005375
SM_Grass_Patch_04 40.851280 3.198951 49.463060 0.000000 0.000000 0.000000 0.955349 0.955349 0.955349
SM_Grass_Patch_04 40.819570 2.394538 52.928090 0.000000 0.000000 0.000000 1.053568 1.053568 1.053568
SM_Grass_Patch_04 43.531270 2.227216 52.522400 0.000000 0.000000 0.000000 0.905831 0.905831 0.905831
SM_Grass_Patch_04 47.296700 1.101865 55.287510 0.000000 0.000000 0.000000 0.913518 0.913518 0.913518
SM_Grass_Patch_04 46.582270 0.903349 56.600300 0.000000 0.000000 0.000000 1.034043 1.034043 1.034043
SM_Grass_Patch_04 45.419330 0.764528 58.447480 0.000000 0.000000 0.000000 0.906826 0.906826 0.906826
SM_Grass_Patch_04 45.908600 1.224107 55.776020 0.000000 0.000000 0.000000 1.017062 1.017062 1.017062
SM_Grass_Patch_04 47.809360 0.567110 58.292080 0.000000 0.000000 0.000000 0.969714 0.969714 0.969714
SM_Grass_Patch_04 48.848830 0.999857 57.432990 0.000000 0.000000 0.000000 1.081482 1.081482 1.081482
SM_Grass_Patch_04 46.983990 0.133732 59.601460 0.000000 0.000000 0.000000 1.079446 1.079446 1.079446
SM_Grass_Patch_04 46.631310 0.518942 58.439080 0.000000 0.000000 0.000000 0.972921 0.972921 0.972921
SM_Grass_Patch_04 48.554130 0.970518 55.764800 0.000000 0.000000 0.000000 0.901230 0.901230 0.901230
SM_Grass_Patch_04 46.841810 1.691357 53.372760 0.000000 0.000000 0.000000 0.960341 0.960341 0.960341
SM_Grass_Patch_04 48.636430 1.011893 54.443760 0.000000 0.000000 0.000000 1.057422 1.057422 1.057422
SM_Grass_Patch_04 49.316660 0.430011 59.340070 0.000000 0.000000 0.000000 1.096209 1.096209 1.096209
SM_Grass_Patch_04 51.353920 1.196212 56.249240 0.000000 0.000000 0.000000 1.044101 1.044101 1.044101
SM_Grass_Patch_04 51.502440 1.267740 58.972760 0.000000 0.000000 0.000000 0.982577 0.982577 0.982577
SM_Grass_Patch_04 49.946320 0.169081 60.805750 0.000000 0.000000 0.000000 0.993636 0.993636 0.993636
SM_Grass_Patch_04 49.888690 1.184981 54.760310 0.000000 0.000000 0.000000 1.045464 1.045464 1.045464
SM_Grass_Patch_04 49.249840 1.198709 52.673230 0.000000 0.000000 0.000000 0.934857 0.934857 0.934857
SM_Grass_Patch_04 49.786170 1.090035 56.376150 0.000000 0.000000 0.000000 0.931855 0.931855 0.931855
SM_Grass_Patch_04 51.531870 1.208570 57.671660 0.000000 0.000000 0.000000 1.064596 1.064596 1.064596
SM_Grass_Patch_04 52.293490 1.135323 55.632330 0.000000 0.000000 0.000000 1.005628 1.005628 1.005628
SM_Grass_Patch_04 52.750920 1.135323 56.701480 0.000000 0.000000 0.000000 1.014171 1.014171 1.014171
SM_Grass_Patch_04 52.155420 1.208570 60.472950 0.000000 0.000000 0.000000 0.992724 0.992724 0.992724
SM_Grass_Patch_04 51.912190 1.057815 61.604760 0.000000 0.000000 0.000000 0.980037 0.980037 0.980037
SM_Grass_Patch_04 55.716890 1.208570 61.083470 0.000000 0.000000 0.000000 1.002426 1.002426 1.002426
SM_Grass_Patch_04 53.297480 1.182106 62.429540 0.000000 0.000000 0.000000 0.974473 0.974473 0.974473
SM_Grass_Patch_04 54.852410 1.208570 60.233070 0.000000 0.000000 0.000000 0.962854 0.962854 0.962854
SM_Grass_Patch_04 53.357320 1.281816 60.312580 0.000000 0.000000 0.000000 1.030577 1.030577 1.030577
SM_Grass_Patch_04 50.314090 1.267239 58.375370 0.000000 0.000000 0.000000 0.916040 0.916040 0.916040
SM_Grass_Patch_04 53.052820 1.281816 59.203960 0.000000 0.000000 0.000000 0.900142 0.900142 0.900142
SM_Grass_Patch_04 50.892070 0.414207 62.087900 0.000000 0.000000 0.000000 0.915008 0.915008 0.915008
SM_Grass_Patch_04 53.994520 1.022654 64.614470 0.000000 0.000000 0.000000 1.063045 1.063045 1.063045
SM_Grass_Patch_04 52.867170 0.082492 66.273120 0.000000 0.000000 0.000000 1.035191 1.035191 1.035191
SM_Grass_Patch_04 55.946220 0.962804 67.032390 0.000000 0.000000 0.000000 0.999936 0.999936 0.999936
SM_Grass_Patch_04 56.738490 0.894274 67.873730 0.000000 0.000000 0.000000 1.025775 1.025775 1.025775
SM_Grass_Patch_04 55.124400 1.014442 66.030750 0.000000 0.000000 0.000000 0.910619 0.910619 0.910619
SM_Grass_Patch_04 54.941000 0.120729 68.589900 0.000000 0.000000 0.000000 0.953841 0.953841 0.953841
SM_Grass_Patch_04 56.411090 1.061510 65.551690 0.000000 0.000000 0.000000 0.944103 0.944103 0.944103
SM_Grass_Patch_04 51.814600 0.214160 64.234910 0.000000 0.000000 0.000000 0.934544 0.934544 0.934544
SM_Grass_Patch_04 51.592660 0.436604 62.984830 0.000000 0.000000 0.000000 0.956833 0.956833 0.956833
SM_Grass_Patch_04 54.596440 1.208570 62.769860 0.000000 0.000000 0.000000 0.975174 0.975174 0.975174
SM_Grass_Patch_04 50.692680 1.012053 60.015490 0.000000 0.000000 0.000000 0.910745 0.910745 0.910745
SM_Grass_Patch_04 57.499840 0.834534 65.848070 0.000000 0.000000 0.000000 0.993671 0.993671 0.993671
SM_Grass_Patch_04 58.197230 0.605597 66.778020 0.000000 0.000000 0.000000 1.003421 1.003421 1.003421
SM_Grass_Patch_04 56.320430 1.208570 59.718990 0.000000 0.000000 0.000000 1.023486 1.023486 1.023486
SM_Grass_Patch_04 55.219720 1.208570 57.829860 0.000000 0.000000 0.000000 1.006783 1.006783 1.006783
SM_Grass_Patch_04 53.513650 1.169046 54.909700 0.000000 0.000000 0.000000 0.928633 0.928633 0.928633
SM_Grass_Patch_04 55.555350 1.190258 64.850300 0.000000 0.000000 0.000000 0.986054 0.986054 0.986054
SM_Grass_Patch_04 58.014790 1.019066 63.065890 0.000000 0.000000 0.000000 1.013642 1.013642 1.013642
SM_Grass_Patch_04 56.798860 1.201583 61.056730 0.000000 0.000000 0.000000 1.010691 1.010691 1.010691
SM_Grass_Patch_04 54.318270 1.208570 61.641170 0.000000 0.000000 0.000000 0.972324 0.972324 0.972324
SM_Grass_Patch_04 53.848490 1.208570 56.771960 0.000000 0.000000 0.000000 0.920818 0.920818 0.920818
SM_Grass_Patch_04 53.696560 1.248102 58.069660 0.000000 0.000000 0.000000 0.983451 0.983451 0.983451
SM_Grass_Patch_04 56.177890 1.190258 62.715270 0.000000 0.000000 0.000000 0.903845 0.903845 0.903845
SM_Grass_Patch_04 56.524640 1.139760 64.043190 0.000000 0.000000 0.000000 1.073025 1.073025 1.073025
SM_Grass_Patch_04 58.840110 0.618144 64.757700 0.000000 0.000000 0.000000 0.965645 0.965645 0.965645
SM_Grass_Patch_04 54.628950 1.208570 58.770280 0.000000 0.000000 0.000000 1.076963 1.076963 1.076963
SM_Grass_Patch_04 52.693330 0.822674 63.523000 0.000000 0.000000 0.000000 0.946675 0.946675 0.946675
SM_Grass_Patch_04 50.465460 0.037395 63.786230 0.000000 0.000000 0.000000 1.026431 1.026431 1.026431
SM_Grass_Patch_04 49.321320 0.095201 61.910610 0.000000 0.000000 0.000000 1.055118 1.055118 1.055118
SM_Grass_Patch_04 49.737800 0.000000 64.709900 0.000000 0.000000 0.000000 0.967253 0.967253 0.967253
SM_Grass_Patch_04 51.300240 0.073246 66.847530 0.000000 0.000000 0.000000 1.047228 1.047228 1.047228
SM_Grass_Patch_04 48.382640 0.036623 60.400260 0.000000 0.000000 0.000000 0.904971 0.904971 0.904971
SM_Grass_Patch_04 44.699370 1.145478 56.062890 0.000000 0.000000 0.000000 0.958820 0.958820 0.958820
SM_Grass_Patch_04 46.704190 2.136461 52.100470 0.000000 0.000000 0.000000 0.989354 0.989354 0.989354
SM_Grass_Patch_04 44.066650 2.281384 49.600030 0.000000 0.000000 0.000000 0.936785 0.936785 0.936785
SM_Grass_Patch_04 43.284430 1.524074 55.301340 0.000000 0.000000 0.000000 0.916493 0.916493 0.916493
SM_Grass_Patch_04 45.781460 0.036623 59.760820 0.000000 0.000000 0.000000 1.010402 1.010402 1.010402
SM_Grass_Patch_04 43.254550 0.978308 58.462510 0.000000 0.000000 0.000000 1.053838 1.053838 1.053838
SM_Grass_Patch_04 44.414710 0.798772 58.891940 0.000000 0.000000 0.000000 0.982328 0.982328 0.982328
SM_Grass_Patch_04 42.853620 0.556310 60.660180 0.000000 0.000000 0.000000 1.085947 1.085947 1.085947
SM_Grass_Patch_04 43.742570 0.116404 61.383080 0.000000 0.000000 0.000000 1.021630 1.021630 1.021630
SM_Grass_Patch_04 41.553950 0.771469 61.564670 0.000000 0.000000 0.000000 0.923802 0.923802 0.923802
SM_Grass_Patch_04 40.628300 1.063265 60.922410 0.000000 0.000000 0.000000 0.960785 0.960785 0.960785
SM_Grass_Patch_04 42.582710 0.202075 63.560300 0.000000 0.000000 0.000000 1.082411 1.082411 1.082411
SM_Grass_Patch_04 44.558120 0.059367 60.643650 0.000000 0.000000 0.000000 0.956328 0.956328 0.956328
SM_Grass_Patch_04 43.797210 0.989234 57.027810 0.000000 0.000000 0.000000 1.001004 1.001004 1.001004
SM_Grass_Patch_04 43.646690 0.597074 59.940420 0.000000 0.000000 0.000000 1.043652 1.043652 1.043652
SM_Grass_Patch_04 41.533340 1.250293 58.501160 0.000000 0.000000 0.000000 0.926804 0.926804 0.926804
SM_Grass_Patch_04 41.893970 0.870161 59.627940 0.000000 0.000000 0.000000 0.995740 0.995740 0.995740
SM_Grass_Patch_04 40.132720 1.120769 61.918200 0.000000 0.000000 0.000000 1.050940 1.050940 1.050940
SM_Grass_Patch_04 41.208190 0.750778 62.782940 0.000000 0.000000 0.000000 0.944761 0.944761 0.944761
SM_Grass_Patch_04 39.208640 1.541998 60.065240 0.000000 0.000000 0.000000 0.964678 0.964678 0.964678
SM_Grass_Patch_04 40.321080 0.750778 63.507100 0.000000 0.000000 0.000000 0.980356 0.980356 0.980356
SM_Grass_Patch_04 37.581180 3.060568 61.681030 0.000000 0.000000 0.000000 1.055434 1.055434 1.055434
SM_Grass_Patch_04 37.594540 1.731399 58.485340 0.000000 0.000000 0.000000 1.060330 1.060330 1.060330
SM_Grass_Patch_04 37.846830 2.190714 59.936040 0.000000 0.000000 0.000000 1.057207 1.057207 1.057207
SM_Grass_Patch_04 40.133890 1.936052 55.793840 0.000000 0.000000 0.000000 0.948234 0.948234 0.948234
SM_Grass_Patch_04 39.531000 1.463759 58.038720 0.000000 0.000000 0.000000 0.928338 0.928338 0.928338
SM_Grass_Patch_04 40.742680 1.436225 57.700610 0.000000 0.000000 0.000000 0.937741 0.937741 0.937741
SM_Grass_Patch_04 39.910210 1.219093 59.138480 0.000000 0.000000 0.000000 0.907660 0.907660 0.907660
SM_Grass_Patch_04 35.997440 2.423182 56.254230 0.000000 0.000000 0.000000 0.996121 0.996121 0.996121
SM_Grass_Patch_04 35.657860 3.244294 60.043530 0.000000 0.000000 0.000000 0.998009 0.998009 0.998009
SM_Grass_Patch_04 38.393150 2.432616 55.957080 0.000000 0.000000 0.000000 0.906768 0.906768 0.906768
SM_Grass_Patch_04 36.729030 2.989056 55.042870 0.000000 0.000000 0.000000 1.048066 1.048066 1.048066
SM_Grass_Patch_04 41.007630 2.048825 54.467630 0.000000 0.000000 0.000000 1.078639 1.078639 1.078639
SM_Grass_Patch_04 42.337240 1.959978 54.531820 0.000000 0.000000 0.000000 1.098000 1.098000 1.098000
SM_Grass_Patch_04 41.343360 1.779486 55.509650 0.000000 0.000000 0.000000 1.041134 1.041134 1.041134
SM_Grass_Patch_04 39.908600 2.321217 54.475450 0.000000 0.000000 0.000000 0.975393 0.975393 0.975393
SM_Grass_Patch_04 37.932440 1.943500 56.985790 0.000000 0.000000 0.000000 1.012274 1.012274 1.012274
SM_Grass_Patch_04 42.461600 1.259907 56.863180 0.000000 0.000000 0.000000 0.995418 0.995418 0.995418
SM_Grass_Patch_04 39.310610 1.964277 56.621960 0.000000 0.000000 0.000000 0.991281 0.991281 0.991281
SM_Grass_Patch_04 36.968310 3.243202 52.940580 0.000000 0.000000 0.000000 1.079472 1.079472 1.079472
SM_Grass_Patch_04 35.252020 3.319418 54.541580 0.000000 0.000000 0.000000 1.064681 1.064681 1.064681
SM_Grass_Patch_04 35.603100 3.259476 52.162620 0.000000 0.000000 0.000000 1.043460 1.043460 1.043460
SM_Grass_Patch_04 32.865060 3.222853 53.579870 0.000000 0.000000 0.000000 1.077317 1.077317 1.077317
SM_Grass_Patch_04 34.124070 3.297688 53.692920 0.000000 0.000000 0.000000 1.040545 1.040545 1.040545
SM_Grass_Patch_04 41.689670 2.970670 48.597160 0.000000 0.000000 0.000000 1.087589 1.087589 1.087589
SM_Grass_Patch_04 40.488260 3.173427 48.394780 0.000000 0.000000 0.000000 0.954080 0.954080 0.954080
SM_Grass_Patch_04 39.529120 3.277788 48.872190 0.000000 0.000000 0.000000 0.981966 0.981966 0.981966
SM_Grass_Patch_04 32.822430 3.222853 52.478340 0.000000 0.000000 0.000000 1.005988 1.005988 1.005988
SM_Grass_Patch_04 38.872280 3.277788 51.828210 0.000000 0.000000 0.000000 1.049629 1.049629 1.049629
SM_Grass_Patch_04 38.967980 2.694497 53.541110 0.000000 0.000000 0.000000 1.011945 1.011945 1.011945
SM_Grass_Patch_04 33.282780 3.405970 55.266160 0.000000 0.000000 0.000000 1.027686 1.027686 1.027686
SM_Grass_Patch_04 32.533620 3.524599 56.574550 0.000000 0.000000 0.000000 0.932511 0.932511 0.932511
SM_Grass_Patch_04 33.651030 3.452614 57.476320 0.000000 0.000000 0.000000 0.998087 0.998087 0.998087
SM_Grass_Patch_04 32.194760 3.520048 57.794550 0.000000 0.000000 0.000000 1.072384 1.072384 1.072384
SM_Grass_Patch_04 30.212560 3.552463 55.988340 0.000000 0.000000 0.000000 0.923630 0.923630 0.923630
SM_Grass_Patch_04 34.961110 3.302183 59.145300 0.000000 0.000000 0.000000 1.022283 1.022283 1.022283
SM_Grass_Patch_04 35.217010 2.758958 57.577460 0.000000 0.000000 0.000000 1.014160 1.014160 1.014160
SM_Grass_Patch_04 33.471980 3.594696 58.773930 0.000000 0.000000 0.000000 1.042230 1.042230 1.042230
SM_Grass_Patch_04 36.226960 3.302689 61.188470 0.000000 0.000000 0.000000 1.028972 1.028972 1.028972
SM_Grass_Patch_04 35.721150 3.271032 62.153900 0.000000 0.000000 0.000000 1.025665 1.025665 1.025665
SM_Grass_Patch_04 37.532180 3.984834 63.789580 0.000000 0.000000 0.000000 0.916291 0.916291 0.916291
SM_Grass_Patch_04 38.588890 2.163768 62.888490 0.000000 0.000000 0.000000 0.925840 0.925840 0.925840
SM_Grass_Patch_04 31.428930 3.245106 49.753810 0.000000 0.000000 0.000000 1.023907 1.023907 1.023907
SM_Grass_Patch_04 31.966710 3.407060 47.959440 0.000000 0.000000 0.000000 1.013355 1.013355 1.013355
SM_Grass_Patch_04 30.676950 3.466993 47.255390 0.000000 0.000000 0.000000 1.058021 1.058021 1.058021
SM_Grass_Patch_04 31.616360 3.387658 46.119020 0.000000 0.000000 0.000000 0.908589 0.908589 0.908589
SM_Grass_Patch_04 29.315260 3.658023 45.900040 0.000000 0.000000 0.000000 1.041488 1.041488 1.041488
SM_Grass_Patch_04 30.347500 3.469615 45.648840 0.000000 0.000000 0.000000 0.996405 0.996405 0.996405
SM_Grass_Patch_04 29.064050 3.740183 44.769170 0.000000 0.000000 0.000000 0.922017 0.922017 0.922017
SM_Grass_Patch_04 30.097470 3.592618 48.368660 0.000000 0.000000 0.000000 1.082473 1.082473 1.082473
SM_Grass_Patch_04 33.021390 3.387658 47.867530 0.000000 0.000000 0.000000 1.014037 1.014037 1.014037
SM_Grass_Patch_04 30.921460 3.387658 52.098730 0.000000 0.000000 0.000000 0.972114 0.972114 0.972114
SM_Grass_Patch_04 32.545870 3.235074 49.991650 0.000000 0.000000 0.000000 0.921110 0.921110 0.921110
SM_Grass_Patch_04 34.125460 3.222853 51.829030 0.000000 0.000000 0.000000 0.979431 0.979431 0.979431
SM_Grass_Patch_04 28.544520 3.387658 50.449310 0.000000 0.000000 0.000000 0.954882 0.954882 0.954882
SM_Grass_Patch_04 30.189960 3.507354 49.519800 0.000000 0.000000 0.000000 1.010463 1.010463 1.010463
SM_Grass_Patch_04 27.991260 3.425320 48.801510 0.000000 0.000000 0.000000 0.987057 0.987057 0.987057
SM_Grass_Patch_04 29.575750 3.656265 47.239190 0.000000 0.000000 0.000000 1.004623 1.004623 1.004623
SM_Grass_Patch_04 26.824550 3.624904 47.715530 0.000000 0.000000 0.000000 1.018991 1.018991 1.018991
SM_Grass_Patch_04 28.262390 3.765699 46.200330 0.000000 0.000000 0.000000 1.076840 1.076840 1.076840
SM_Grass_Patch_04 26.619350 3.634915 46.280560 0.000000 0.000000 0.000000 0.937224 0.937224 0.937224
SM_Grass_Patch_04 25.642340 3.490519 48.410110 0.000000 0.000000 0.000000 0.997517 0.997517 0.997517
SM_Grass_Patch_04 28.498120 3.693809 47.856420 0.000000 0.000000 0.000000 1.050022 1.050022 1.050022
SM_Grass_Patch_04 30.204870 3.387658 51.304930 0.000000 0.000000 0.000000 0.966526 0.966526 0.966526
SM_Grass_Patch_04 28.457970 3.387658 52.777530 0.000000 0.000000 0.000000 1.080128 1.080128 1.080128
SM_Grass_Patch_04 29.628670 3.387658 52.813000 0.000000 0.000000 0.000000 1.022030 1.022030 1.022030
SM_Grass_Patch_04 31.676410 3.236202 55.238260 0.000000 0.000000 0.000000 0.931523 0.931523 0.931523
SM_Grass_Patch_04 29.178980 3.387658 53.956580 0.000000 0.000000 0.000000 0.961266 0.961266 0.961266
SM_Grass_Patch_04 27.105640 3.387658 50.999570 0.000000 0.000000 0.000000 0.912531 0.912531 0.912531
SM_Grass_Patch_04 28.065370 3.387658 51.663620 0.000000 0.000000 0.000000 1.097175 1.097175 1.097175
SM_Grass_Patch_04 22.808950 3.387658 46.945500 0.000000 0.000000 0.000000 1.025809 1.025809 1.025809
SM_Grass_Patch_04 23.189650 3.387658 48.598490 0.000000 0.000000 0.000000 0.918889 0.918889 0.918889
SM_Grass_Patch_04 24.902270 3.644021 44.988140 0.000000 0.000000 0.000000 0.996898 0.996898 0.996898
SM_Grass_Patch_04 24.412880 3.387658 48.474030 0.000000 0.000000 0.000000 1.057094 1.057094 1.057094
SM_Grass_Patch_04 25.497700 3.387658 50.313630 0.000000 0.000000 0.000000 1.025122 1.025122 1.025122
SM_Grass_Patch_04 30.641800 3.351282 53.862140 0.000000 0.000000 0.000000 1.049204 1.049204 1.049204
SM_Grass_Patch_04 36.031120 3.289858 53.549850 0.000000 0.000000 0.000000 0.911677 0.911677 0.911677
SM_Grass_Patch_04 37.114690 3.277788 51.622060 0.000000 0.000000 0.000000 1.009006 1.009006 1.009006
SM_Grass_Patch_04 39.558190 3.281583 50.118430 0.000000 0.000000 0.000000 0.954653 0.954653 0.954653
SM_Grass_Patch_04 38.478310 2.785072 54.727580 0.000000 0.000000 0.000000 0.983218 0.983218 0.983218
SM_Grass_Patch_04 38.625610 3.260871 46.017480 0.000000 0.000000 0.000000 0.962561 0.962561 0.962561
SM_Grass_Patch_04 32.947710 3.222853 50.980450 0.000000 0.000000 0.000000 1.096420 1.096420 1.096420
SM_Grass_Patch_04 31.910750 3.222853 51.269370 0.000000 0.000000 0.000000 0.914654 0.914654 0.914654
SM_Grass_Patch_04 33.830430 3.362493 48.571800 0.000000 0.000000 0.000000 0.905132 0.905132 0.905132
SM_Grass_Patch_04 34.636880 3.222853 49.860400 0.000000 0.000000 0.000000 0.919309 0.919309 0.919309
SM_Grass_Patch_04 35.484400 3.259476 51.081270 0.000000 0.000000 0.000000 1.001408 1.001408 1.001408
SM_Grass_Patch_04 28.043280 3.554430 44.177990 0.000000 0.000000 0.000000 0.950071 0.950071 0.950071
SM_Grass_Patch_04 23.391920 2.697303 39.892420 0.000000 0.000000 0.000000 1.003624 1.003624 1.003624
SM_Grass_Patch_04 23.834530 3.185509 41.366200 0.000000 0.000000 0.000000 0.931515 0.931515 0.931515
SM_Grass_Patch_04 28.921910 3.454524 42.453740 0.000000 0.000000 0.000000 1.050569 1.050569 1.050569
SM_Grass_Patch_04 25.772830 3.610616 42.357480 0.000000 0.000000 0.000000 1.045619 1.045619 1.045619
SM_Grass_Patch_04 26.297680 3.210431 40.656540 0.000000 0.000000 0.000000 1.070005 1.070005 1.070005
SM_Grass_Patch_04 25.126450 3.140921 41.368520 0.000000 0.000000 0.000000 0.949954 0.949954 0.949954
SM_Grass_Patch_04 27.700160 3.709275 42.251260 0.000000 0.000000 0.000000 0.913903 0.913903 0.913903
SM_Grass_Patch_04 27.060690 3.405439 38.494330 0.000000 0.000000 0.000000 0.951915 0.951915 0.951915
SM_Grass_Patch_04 25.770420 3.199799 38.623380 0.000000 0.000000 0.000000 1.064838 1.064838 1.064838
SM_Grass_Patch_04 27.908310 3.442593 37.058810 0.000000 0.000000 0.000000 0.994120 0.994120 0.994120
SM_Grass_Patch_04 23.870130 2.992698 37.586440 0.000000 0.000000 0.000000 1.052203 1.052203 1.052203
SM_Grass_Patch_04 25.385350 3.314406 34.494870 0.000000 0.000000 0.000000 0.955270 0.955270 0.955270
SM_Grass_Patch_04 26.984910 3.431888 35.442310 0.000000 0.000000 0.000000 1.042977 1.042977 1.042977
SM_Grass_Patch_04 22.881390 3.082189 35.349900 0.000000 0.000000 0.000000 1.009301 1.009301 1.009301
SM_Grass_Patch_04 22.919540 2.909524 36.588510 0.000000 0.000000 0.000000 1.091631 1.091631 1.091631
SM_Grass_Patch_04 24.874610 3.216053 37.005060 0.000000 0.000000 0.000000 0.905868 0.905868 0.905868
SM_Grass_Patch_04 23.731050 3.340637 33.829240 0.000000 0.000000 0.000000 1.020399 1.020399 1.020399
SM_Grass_Patch_04 24.654230 3.063018 35.286120 0.000000 0.000000 0.000000 1.055711 1.055711 1.055711
SM_Grass_Patch_04 22.085440 3.306905 31.766470 0.000000 0.000000 0.000000 0.974064 0.974064 0.974064
SM_Grass_Patch_04 22.219060 3.442515 34.016050 0.000000 0.000000 0.000000 1.029812 1.029812 1.029812
SM_Grass_Patch_04 21.491120 3.443864 32.752470 0.000000 0.000000 0.000000 1.014642 1.014642 1.014642
SM_Grass_Patch_04 23.244890 3.442593 32.712940 0.000000 0.000000 0.000000 1.068923 1.068923 1.068923
SM_Grass_Patch_04 20.508600 3.558864 33.433920 0.000000 0.000000 0.000000 1.094764 1.094764 1.094764
SM_Grass_Patch_04 20.960700 3.387658 29.524310 0.000000 0.000000 0.000000 1.012002 1.012002 1.012002
SM_Grass_Patch_04 19.291440 3.456384 31.092860 0.000000 0.000000 0.000000 0.953923 0.953923 0.953923
SM_Grass_Patch_04 18.907740 3.395790 27.986220 0.000000 0.000000 0.000000 0.919337 0.919337 0.919337
SM_Grass_Patch_04 19.465310 3.387658 27.014280 0.000000 0.000000 0.000000 0.963194 0.963194 0.963194
SM_Grass_Patch_04 20.684160 3.387658 27.889100 0.000000 0.000000 0.000000 0.985422 0.985422 0.985422
SM_Grass_Patch_04 20.405220 3.387658 26.199350 0.000000 0.000000 0.000000 0.986068 0.986068 0.986068
SM_Grass_Patch_04 18.562880 3.387658 29.424720 0.000000 0.000000 0.000000 0.947596 0.947596 0.947596
SM_Grass_Patch_04 17.920600 3.681545 27.053970 0.000000 0.000000 0.000000 1.064645 1.064645 1.064645
SM_Grass_Patch_04 19.319260 3.387658 25.378030 0.000000 0.000000 0.000000 1.025322 1.025322 1.025322
SM_Grass_Patch_04 19.957400 3.387658 30.086420 0.000000 0.000000 0.000000 0.950689 0.950689 0.950689
SM_Grass_Patch_04 21.831990 3.659067 35.862430 0.000000 0.000000 0.000000 1.057436 1.057436 1.057436
SM_Grass_Patch_04 19.608830 3.387658 43.953930 0.000000 0.000000 0.000000 0.916821 0.916821 0.916821
SM_Grass_Patch_04 20.688910 3.387658 45.545230 0.000000 0.000000 0.000000 1.076301 1.076301 1.076301
SM_Grass_Patch_04 18.067410 3.607978 41.995060 0.000000 0.000000 0.000000 1.068517 1.068517 1.068517
SM_Grass_Patch_04 18.564580 3.837269 40.657300 0.000000 0.000000 0.000000 0.910347 0.910347 0.910347
SM_Grass_Patch_04 20.925440 3.339635 40.065010 0.000000 0.000000 0.000000 0.955923 0.955923 0.955923
SM_Grass_Patch_04 18.437440 4.191536 38.781380 0.000000 0.000000 0.000000 1.034580 1.034580 1.034580
SM_Grass_Patch_04 17.203660 4.034801 36.997560 0.000000 0.000000 0.000000 0.952175 0.952175 0.952175
SM_Grass_Patch_04 15.064850 3.762519 36.491850 0.000000 0.000000 0.000000 0.981742 0.981742 0.981742
SM_Grass_Patch_04 17.224380 4.045621 34.853810 0.000000 0.000000 0.000000 1.076693 1.076693 1.076693
SM_Grass_Patch_04 15.542900 4.221305 32.827250 0.000000 0.000000 0.000000 0.902755 0.902755 0.902755
SM_Grass_Patch_04 16.570980 4.211683 33.209870 0.000000 0.000000 0.000000 1.028569 1.028569 1.028569
SM_Grass_Patch_04 18.436660 3.845449 35.771950 0.000000 0.000000 0.000000 0.913289 0.913289 0.913289
SM_Grass_Patch_04 17.116760 4.076276 40.632510 0.000000 0.000000 0.000000 1.083553 1.083553 1.083553
SM_Grass_Patch_04 20.996870 3.387658 44.075390 0.000000 0.000000 0.000000 1.053028 1.053028 1.053028
SM_Grass_Patch_04 20.365880 3.387658 46.588980 0.000000 0.000000 0.000000 1.025919 1.025919 1.025919
SM_Grass_Patch_04 17.334950 4.211683 39.520050 0.000000 0.000000 0.000000 0.930290 0.930290 0.930290
SM_Grass_Patch_04 15.655250 4.157476 34.086540 0.000000 0.000000 0.000000 0.996830 0.996830 0.996830
SM_Grass_Patch_04 16.086150 4.068828 35.383860 0.000000 0.000000 0.000000 1.090237 1.090237 1.090237
SM_Grass_Patch_04 16.933160 4.211683 38.396080 0.000000 0.000000 0.000000 0.972789 0.972789 0.972789
SM_Grass_Patch_04 19.256570 3.387658 42.899770 0.000000 0.000000 0.000000 1.073665 1.073665 1.073665
SM_Grass_Patch_04 21.571950 3.387658 42.506630 0.000000 0.000000 0.000000 0.905786 0.905786 0.905786
SM_Grass_Patch_04 19.041100 3.532234 41.594800 0.000000 0.000000 0.000000 1.004373 1.004373 1.004373
SM_Grass_Patch_04 19.757540 3.657244 39.203790 0.000000 0.000000 0.000000 0.925527 0.925527 0.925527
SM_Grass_Patch_04 16.728490 4.110773 31.350880 0.000000 0.000000 0.000000 0.905901 0.905901 0.905901
SM_Grass_Patch_04 16.263660 4.096232 36.467270 0.000000 0.000000 0.000000 1.055189 1.055189 1.055189
SM_Grass_Patch_04 22.899830 3.392775 42.342160 0.000000 0.000000 0.000000 1.069242 1.069242 1.069242
SM_Grass_Patch_04 22.262810 3.387658 43.571470 0.000000 0.000000 0.000000 0.952140 0.952140 0.952140
SM_Grass_Patch_04 20.206730 3.390381 42.141030 0.000000 0.000000 0.000000 0.907625 0.907625 0.907625
SM_Grass_Patch_04 22.115460 3.329532 40.534810 0.000000 0.000000 0.000000 0.964361 0.964361 0.964361
SM_Grass_Patch_04 14.081830 3.792210 35.869140 0.000000 0.000000 0.000000 0.998421 0.998421 0.998421
SM_Grass_Patch_04 18.387950 3.387658 44.853760 0.000000 0.000000 0.000000 0.984515 0.984515 0.984515
SM_Grass_Patch_04 21.296240 3.882291 34.869980 0.000000 0.000000 0.000000 1.077755 1.077755 1.077755
SM_Grass_Patch_04 20.324340 3.542786 31.763170 0.000000 0.000000 0.000000 0.947136 0.947136 0.947136
SM_Grass_Patch_04 25.125840 2.733405 39.653210 0.000000 0.000000 0.000000 0.923334 0.923334 0.923334
SM_Grass_Patch_04 24.991410 3.644021 43.149600 0.000000 0.000000 0.000000 0.929016 0.929016 0.929016
SM_Grass_Patch_04 28.265380 3.508193 40.811580 0.000000 0.000000 0.000000 1.084146 1.084146 1.084146
SM_Grass_Patch_04 26.668580 3.351035 44.797430 0.000000 0.000000 0.000000 0.924035 0.924035 0.924035
SM_Grass_Patch_04 26.992780 3.291116 39.698410 0.000000 0.000000 0.000000 1.022984 1.022984 1.022984
SM_Grass_Patch_04 26.825590 3.475233 43.564320 0.000000 0.000000 0.000000 0.918518 0.918518 0.918518
SM_Grass_Patch_04 55.131440 1.440658 82.609250 0.000000 0.000000 0.000000 0.903006 0.903006 0.903006
SM_Grass_Patch_04 53.896400 2.134387 84.519170 0.000000 0.000000 0.000000 0.957212 0.957212 0.957212
SM_Grass_Patch_04 53.200230 1.708123 82.341530 0.000000 0.000000 0.000000 0.903156 0.903156 0.903156
SM_Grass_Patch_04 55.396530 0.469764 79.913680 0.000000 0.000000 0.000000 1.023373 1.023373 1.023373
SM_Grass_Patch_04 53.031120 1.667129 79.740020 0.000000 0.000000 0.000000 0.936711 0.936711 0.936711
SM_Grass_Patch_04 56.069660 0.825252 81.713570 0.000000 0.000000 0.000000 0.913895 0.913895 0.913895
SM_Grass_Patch_04 54.085040 1.013398 79.133450 0.000000 0.000000 0.000000 1.000944 1.000944 1.000944
SM_Grass_Patch_04 56.114830 0.081211 79.090850 0.000000 0.000000 0.000000 1.072014 1.072014 1.072014
SM_Grass_Patch_04 52.418170 1.380722 78.563840 0.000000 0.000000 0.000000 1.095951 1.095951 1.095951
SM_Grass_Patch_04 54.103000 1.579776 80.777370 0.000000 0.000000 0.000000 1.000773 1.000773 1.000773
SM_Grass_Patch_04 55.524980 0.094415 78.076590 0.000000 0.000000 0.000000 0.915880 0.915880 0.915880
SM_Grass_Patch_04 51.720310 1.867435 79.528230 0.000000 0.000000 0.000000 0.980444 0.980444 0.980444
SM_Grass_Patch_04 51.134410 1.554629 78.359990 0.000000 0.000000 0.000000 1.041256 1.041256 1.041256
SM_Grass_Patch_04 54.195450 0.146894 76.309560 0.000000 0.000000 0.000000 1.011473 1.011473 1.011473
SM_Grass_Patch_04 51.169780 0.848276 75.586480 0.000000 0.000000 0.000000 0.990218 0.990218 0.990218
SM_Grass_Patch_04 52.585120 1.019014 76.343220 0.000000 0.000000 0.000000 1.019897 1.019897 1.019897
SM_Grass_Patch_04 54.175820 0.598619 77.894810 0.000000 0.000000 0.000000 0.986716 0.986716 0.986716
SM_Grass_Patch_04 50.031100 1.609182 76.367200 0.000000 0.000000 0.000000 1.077071 1.077071 1.077071
SM_Grass_Patch_04 51.420440 1.144490 76.693930 0.000000 0.000000 0.000000 1.031646 1.031646 1.031646
SM_Grass_Patch_04 52.835410 0.360292 75.114830 0.000000 0.000000 0.000000 0.909475 0.909475 0.909475
SM_Grass_Patch_04 50.843740 0.326864 74.018220 0.000000 0.000000 0.000000 0.962686 0.962686 0.962686
SM_Grass_Patch_04 52.481390 0.054935 73.745890 0.000000 0.000000 0.000000 1.039102 1.039102 1.039102
SM_Grass_Patch_04 50.024570 1.249805 75.169750 0.000000 0.000000 0.000000 0.928937 0.928937 0.928937
SM_Grass_Patch_04 49.313260 0.943278 73.616900 0.000000 0.000000 0.000000 0.989960 0.989960 0.989960
SM_Grass_Patch_04 51.698240 0.054935 73.014340 0.000000 0.000000 0.000000 0.979617 0.979617 0.979617
SM_Grass_Patch_04 50.621170 0.284547 71.954670 0.000000 0.000000 0.000000 1.051194 1.051194 1.051194
SM_Grass_Patch_04 48.899430 0.897272 72.554770 0.000000 0.000000 0.000000 0.983804 0.983804 0.983804
SM_Grass_Patch_04 50.182990 0.528241 72.922360 0.000000 0.000000 0.000000 1.026473 1.026473 1.026473
SM_Grass_Patch_04 48.324560 0.741372 71.074780 0.000000 0.000000 0.000000 1.019948 1.019948 1.019948
SM_Grass_Patch_04 46.239470 2.492703 72.054810 0.000000 0.000000 0.000000 0.929319 0.929319 0.929319
SM_Grass_Patch_04 46.025140 1.613764 70.238950 0.000000 0.000000 0.000000 0.953325 0.953325 0.953325
SM_Grass_Patch_04 46.869430 0.698296 68.762570 0.000000 0.000000 0.000000 1.025525 1.025525 1.025525
SM_Grass_Patch_04 46.215560 0.933895 67.512790 0.000000 0.000000 0.000000 0.995822 0.995822 0.995822
SM_Grass_Patch_04 44.562920 0.730867 66.677470 0.000000 0.000000 0.000000 1.003545 1.003545 1.003545
SM_Grass_Patch_04 44.965370 1.038104 67.814130 0.000000 0.000000 0.000000 1.042717 1.042717 1.042717
SM_Grass_Patch_04 44.316430 0.058763 65.360710 0.000000 0.000000 0.000000 0.904350 0.904350 0.904350
SM_Grass_Patch_04 44.019200 2.099786 68.804600 0.000000 0.000000 0.000000 0.978454 0.978454 0.978454
SM_Grass_Patch_04 42.421130 0.479718 66.319330 0.000000 0.000000 0.000000 0.966884 0.966884 0.966884
SM_Grass_Patch_04 41.685370 0.443480 65.495520 0.000000 0.000000 0.000000 1.022252 1.022252 1.022252
SM_Grass_Patch_04 40.590040 0.796235 64.563660 0.000000 0.000000 0.000000 0.994959 0.994959 0.994959
SM_Grass_Patch_04 39.585380 2.168983 65.258090 0.000000 0.000000 0.000000 0.949898 0.949898 0.949898
SM_Grass_Patch_04 41.502680 1.239806 66.955350 0.000000 0.000000 0.000000 1.063564 1.063564 1.063564
SM_Grass_Patch_04 38.344320 2.334233 60.916480 0.000000 0.000000 0.000000 1.002827 1.002827 1.002827
SM_Grass_Patch_04 37.922460 3.874753 64.870230 0.000000 0.000000 0.000000 0.982199 0.982199 0.982199
SM_Grass_Patch_04 41.582280 3.038888 68.675320 0.000000 0.000000 0.000000 0.930448 0.930448 0.930448
SM_Grass_Patch_04 39.587570 3.853544 68.609070 0.000000 0.000000 0.000000 1.055665 1.055665 1.055665
SM_Grass_Patch_04 43.273010 1.385246 67.560280 0.000000 0.000000 0.000000 1.084081 1.084081 1.084081
SM_Grass_Patch_04 42.836300 3.189931 69.330760 0.000000 0.000000 0.000000 0.916737 0.916737 0.916737
SM_Grass_Patch_04 45.586480 1.210493 69.017660 0.000000 0.000000 0.000000 0.980812 0.980812 0.980812
SM_Grass_Patch_04 44.032660 3.923217 71.786610 0.000000 0.000000 0.000000 1.084017 1.084017 1.084017
SM_Grass_Patch_04 47.442440 1.239892 71.897320 0.000000 0.000000 0.000000 1.064564 1.064564 1.064564
SM_Grass_Patch_04 46.535760 2.755379 74.206700 0.000000 0.000000 0.000000 1.024703 1.024703 1.024703
SM_Grass_Patch_04 45.428330 3.867713 74.044970 0.000000 0.000000 0.000000 1.051586 1.051586 1.051586
SM_Grass_Patch_04 47.366370 1.805732 73.486270 0.000000 0.000000 0.000000 1.001421 1.001421 1.001421
SM_Grass_Patch_04 48.648010 2.350221 76.936690 0.000000 0.000000 0.000000 0.917021 0.917021 0.917021
SM_Grass_Patch_04 48.417320 1.525520 74.932570 0.000000 0.000000 0.000000 0.902104 0.902104 0.902104
SM_Grass_Patch_04 49.791980 1.702691 78.046580 0.000000 0.000000 0.000000 0.968899 0.968899 0.968899
SM_Grass_Patch_04 45.059990 3.852723 72.852240 0.000000 0.000000 0.000000 1.001923 1.001923 1.001923
SM_Grass_Patch_04 44.972590 3.192736 70.912970 0.000000 0.000000 0.000000 0.994203 0.994203 0.994203
SM_Grass_Patch_04 43.590760 3.708876 70.535440 0.000000 0.000000 0.000000 0.999950 0.999950 0.999950
SM_Grass_Patch_04 44.713670 2.559100 69.806490 0.000000 0.000000 0.000000 0.987640 0.987640 0.987640
SM_Grass_Patch_04 40.542800 1.737640 66.529600 0.000000 0.000000 0.000000 1.049896 1.049896 1.049896
SM_Grass_Patch_04 48.684620 0.432806 70.053440 0.000000 0.000000 0.000000 0.993473 0.993473 0.993473
SM_Grass_Patch_04 49.813870 0.213817 70.755980 0.000000 0.000000 0.000000 0.904285 0.904285 0.904285
SM_Bush_03 47.410950 0.844837 69.895660 0.000000 0.000000 0.000000 1.009568 1.009568 1.009568
SM_Bush_03 47.728800 0.261465 68.062890 0.000000 0.000000 0.000000 0.952458 0.952458 0.952458
SM_Bush_03 48.254010 0.381894 69.023950 0.000000 0.000000 0.000000 1.039588 1.039588 1.039588
SM_Bush_03 46.782300 0.469113 65.940100 0.000000 0.000000 0.000000 0.995722 0.995722 0.995722
SM_Bush_03 44.682130 0.000000 64.213260 0.000000 0.000000 0.000000 1.045619 1.045619 1.045619
SM_Bush_03 43.489270 0.556429 66.439510 0.000000 0.000000 0.000000 0.952112 0.952112 0.952112
SM_Bush_03 41.445030 0.537574 63.911510 0.000000 0.000000 0.000000 1.038060 1.038060 1.038060
SM_Bush_03 43.627910 0.078049 63.450880 0.000000 0.000000 0.000000 0.919107 0.919107 0.919107
SM_Bush_03 42.786630 0.041172 65.051900 0.000000 0.000000 0.000000 1.062833 1.062833 1.062833
SM_Bush_03 46.747150 2.756391 75.427300 0.000000 0.000000 0.000000 1.070256 1.070256 1.070256
SM_Bush_03 48.067580 2.076092 75.928800 0.000000 0.000000 0.000000 1.083634 1.083634 1.083634
SM_Bush_03 45.400300 0.413163 65.968550 0.000000 0.000000 0.000000 1.014820 1.014820 1.014820
SM_Bush_03 46.882770 1.136142 70.882550 0.000000 0.000000 0.000000 0.973054 0.973054 0.973054
SM_Bush_03 43.999410 4.109577 72.989230 0.000000 0.000000 0.000000 1.042368 1.042368 1.042368
SM_Bush_03 45.302300 4.125504 75.216920 0.000000 0.000000 0.000000 1.067534 1.067534 1.067534
SM_Bush_03 46.068340 3.822920 76.487690 0.000000 0.000000 0.000000 0.958277 0.958277 0.958277
SM_Bush_03 40.570670 3.023154 68.107960 0.000000 0.000000 0.000000 1.017062 1.017062 1.017062
SM_Grass_Patch_04 56.931320 0.726304 82.387860 0.000000 0.000000 0.000000 1.020632 1.020632 1.020632
SM_Grass_Patch_04 56.218320 0.929437 84.477370 0.000000 0.000000 0.000000 0.901796 0.901796 0.901796
SM_Grass_Patch_04 58.694440 0.119100 82.596100 0.000000 0.000000 0.000000 1.027880 1.027880 1.027880
SM_Grass_Patch_04 57.903630 1.129974 84.632120 0.000000 0.000000 0.000000 1.050266 1.050266 1.050266
SM_Grass_Patch_04 56.449510 1.250858 86.196040 0.000000 0.000000 0.000000 1.043096 1.043096 1.043096
SM_Grass_Patch_04 59.595620 1.040670 88.149940 0.000000 0.000000 0.000000 0.911945 0.911945 0.911945
SM_Grass_Patch_04 59.454750 0.828984 85.178420 0.000000 0.000000 0.000000 1.085992 1.085992 1.085992
SM_Grass_Patch_04 57.719400 1.269831 85.869320 0.000000 0.000000 0.000000 0.937444 0.937444 0.937444
SM_Grass_Patch_04 57.718030 1.336751 87.105640 0.000000 0.000000 0.000000 0.961769 0.961769 0.961769
SM_Grass_Patch_04 59.654700 0.032721 83.371400 0.000000 0.000000 0.000000 1.025687 1.025687 1.025687
SM_Grass_Patch_04 55.143330 1.122009 81.110310 0.000000 0.000000 0.000000 0.981660 0.981660 0.981660
SM_Grass_Patch_04 58.936700 1.226882 89.859730 0.000000 0.000000 0.000000 0.937701 0.937701 0.937701
SM_Grass_Patch_04 58.293360 1.228719 88.036430 0.000000 0.000000 0.000000 1.076948 1.076948 1.076948
SM_Grass_Patch_04 56.675030 1.171947 89.477200 0.000000 0.000000 0.000000 1.039388 1.039388 1.039388
SM_Grass_Patch_04 55.357480 1.179855 87.614890 0.000000 0.000000 0.000000 1.031839 1.031839 1.031839
SM_Grass_Patch_04 54.212260 1.368776 87.164850 0.000000 0.000000 0.000000 1.059934 1.059934 1.059934
SM_Grass_Patch_04 57.097400 1.208570 58.449420 0.000000 0.000000 0.000000 0.918270 0.918270 0.918270
SM_Grass_Patch_04 58.489390 1.187915 60.664990 0.000000 0.000000 0.000000 0.929010 0.929010 0.929010
SM_Grass_Patch_04 60.023700 0.274675 65.564990 0.000000 0.000000 0.000000 0.969954 0.969954 0.969954
SM_Grass_Patch_04 59.427810 0.274675 67.283420 0.000000 0.000000 0.000000 1.030028 1.030028 1.030028
SM_Grass_Patch_04 63.531980 0.274675 67.577550 0.000000 0.000000 0.000000 1.086619 1.086619 1.086619
SM_Grass_Patch_04 62.134360 0.274675 69.243900 0.000000 0.000000 0.000000 1.042925 1.042925 1.042925
SM_Grass_Patch_04 62.157610 0.274675 67.790560 0.000000 0.000000 0.000000 1.035853 1.035853 1.035853
SM_Grass_Patch_04 62.267700 0.287114 70.292470 0.000000 0.000000 0.000000 1.078271 1.078271 1.078271
SM_Grass_Patch_04 63.704610 0.274675 69.911660 0.000000 0.000000 0.000000 1.037293 1.037293 1.037293
SM_Grass_Patch_04 60.262500 0.274675 66.620160 0.000000 0.000000 0.000000 1.061354 1.061354 1.061354
SM_Grass_Patch_04 61.022050 0.274675 68.717230 0.000000 0.000000 0.000000 0.937333 0.937333 0.937333
SM_Grass_Patch_04 65.246730 0.274675 68.422110 0.000000 0.000000 0.000000 0.915177 0.915177 0.915177
SM_Grass_Patch_04 67.834080 0.059065 71.470430 0.000000 0.000000 0.000000 1.021073 1.021073 1.021073
SM_Grass_Patch_04 69.349740 0.001480 71.374390 0.000000 0.000000 0.000000 1.082417 1.082417 1.082417
SM_Grass_Patch_04 54.448810 0.304548 67.032390 0.000000 0.000000 0.000000 1.026726 1.026726 1.026726
SM_Grass_Patch_04 57.785410 0.772834 68.365920 0.000000 0.000000 0.000000 1.079583 1.079583 1.079583
SM_Grass_Patch_04 58.582550 0.329610 70.781490 0.000000 0.000000 0.000000 0.930167 0.930167 0.930167
SM_Grass_Patch_04 57.414910 0.417607 70.793400 0.000000 0.000000 0.000000 1.076085 1.076085 1.076085
SM_Grass_Patch_04 57.718010 0.556105 69.558760 0.000000 0.000000 0.000000 0.986112 0.986112 0.986112
SM_Grass_Patch_04 57.798870 0.012252 72.082960 0.000000 0.000000 0.000000 0.973057 0.973057 0.973057
SM_Grass_Patch_04 60.544320 0.279030 70.834400 0.000000 0.000000 0.000000 0.957813 0.957813 0.957813
SM_Grass_Patch_04 59.036230 0.608603 69.465180 0.000000 0.000000 0.000000 0.948793 0.948793 0.948793
SM_Grass_Patch_04 58.858050 0.235945 72.052160 0.000000 0.000000 0.000000 0.910198 0.910198 0.910198
SM_Grass_Patch_04 61.132680 0.329610 69.818140 0.000000 0.000000 0.000000 0.964142 0.964142 0.964142
SM_Grass_Patch_04 62.919010 0.274675 71.674620 0.000000 0.000000 0.000000 0.926644 0.926644 0.926644
SM_Grass_Patch_04 62.154820 0.305553 72.913890 0.000000 0.000000 0.000000 1.084578 1.084578 1.084578
SM_Grass_Patch_04 61.711330 0.219740 71.604550 0.000000 0.000000 0.000000 0.907328 0.907328 0.907328
SM_Grass_Patch_04 60.141140 0.211528 73.045360 0.000000 0.000000 0.000000 1.002112 1.002112 1.002112
SM_Grass_Patch_04 62.363850 0.037810 73.944090 0.000000 0.000000 0.000000 0.943386 0.943386 0.943386
SM_Grass_Patch_04 61.190420 0.029296 74.208350 0.000000 0.000000 0.000000 0.917991 0.917991 0.917991
SM_Grass_Patch_04 60.686360 0.219740 72.035710 0.000000 0.000000 0.000000 0.904834 0.904834 0.904834
SM_Grass_Patch_04 64.209010 0.274675 71.968000 0.000000 0.000000 0.000000 0.942527 0.942527 0.942527
SM_Grass_Patch_04 63.787440 0.274675 68.711640 0.000000 0.000000 0.000000 1.056949 1.056949 1.056949
SM_Grass_Patch_04 66.168690 0.274675 70.515660 0.000000 0.000000 0.000000 1.065786 1.065786 1.065786
SM_Grass_Patch_04 65.118900 0.274675 71.147150 0.000000 0.000000 0.000000 1.045999 1.045999 1.045999
SM_Grass_Patch_04 67.098300 0.043411 72.473360 0.000000 0.000000 0.000000 1.003196 1.003196 1.003196
SM_Grass_Patch_04 66.771330 0.216520 71.441600 0.000000 0.000000 0.000000 1.093792 1.093792 1.093792
SM_Grass_Patch_04 68.814800 0.000000 74.532460 0.000000 0.000000 0.000000 0.905298 0.905298 0.905298
SM_Grass_Patch_04 66.928440 0.000000 73.893480 0.000000 0.000000 0.000000 0.959837 0.959837 0.959837
SM_Grass_Patch_04 69.317230 0.000000 73.365720 0.000000 0.000000 0.000000 0.981275 0.981275 0.981275
SM_Grass_Patch_04 65.022410 0.274675 69.593650 0.000000 0.000000 0.000000 1.068420 1.068420 1.068420
SM_Grass_Patch_04 65.880120 0.169040 72.434520 0.000000 0.000000 0.000000 1.033340 1.033340 1.033340
SM_Grass_Patch_04 68.560720 0.000000 72.596700 0.000000 0.000000 0.000000 1.091157 1.091157 1.091157
SM_Grass_Patch_04 70.584230 1.121362 77.795300 0.000000 0.000000 0.000000 1.007322 1.007322 1.007322
SM_Grass_Patch_04 70.563030 0.895578 76.643470 0.000000 0.000000 0.000000 1.037793 1.037793 1.037793
SM_Grass_Patch_04 71.203660 1.341799 78.844690 0.000000 0.000000 0.000000 0.930968 0.930968 0.930968
SM_Grass_Patch_04 69.081440 0.666483 80.065400 0.000000 0.000000 0.000000 0.929825 0.929825 0.929825
SM_Grass_Patch_04 70.403750 1.198617 80.518460 0.000000 0.000000 0.000000 0.908254 0.908254 0.908254
SM_Grass_Patch_04 71.946490 1.690030 80.061520 0.000000 0.000000 0.000000 0.980473 0.980473 0.980473
SM_Grass_Patch_04 71.747180 0.762714 82.385170 0.000000 0.000000 0.000000 0.906550 0.906550 0.906550
SM_Grass_Patch_04 68.214510 0.311389 81.940660 0.000000 0.000000 0.000000 0.931611 0.931611 0.931611
SM_Grass_Patch_04 70.611660 0.824807 83.532040 0.000000 0.000000 0.000000 1.057137 1.057137 1.057137
SM_Grass_Patch_04 71.410160 1.116911 81.338300 0.000000 0.000000 0.000000 0.927467 0.927467 0.927467
SM_Grass_Patch_04 70.029770 0.792940 81.899570 0.000000 0.000000 0.000000 1.014138 1.014138 1.014138
SM_Grass_Patch_04 69.783700 0.933796 78.917920 0.000000 0.000000 0.000000 1.062820 1.062820 1.062820
SM_Grass_Patch_04 73.009700 1.411625 78.074730 0.000000 0.000000 0.000000 1.039374 1.039374 1.039374
SM_Grass_Patch_04 70.156140 0.513205 84.547640 0.000000 0.000000 0.000000 0.945397 0.945397 0.945397
SM_Grass_Patch_04 71.474140 0.734232 85.253460 0.000000 0.000000 0.000000 0.938483 0.938483 0.938483
SM_Grass_Patch_04 73.230330 0.984831 83.780100 0.000000 0.000000 0.000000 1.049186 1.049186 1.049186
SM_Grass_Patch_04 72.702100 1.586109 81.217090 0.000000 0.000000 0.000000 1.045792 1.045792 1.045792
SM_Grass_Patch_04 71.767740 0.755684 83.978490 0.000000 0.000000 0.000000 1.091500 1.091500 1.091500
SM_Grass_Patch_04 70.430360 0.280650 85.907060 0.000000 0.000000 0.000000 1.090463 1.090463 1.090463
SM_Grass_Patch_04 74.510540 1.129229 84.948000 0.000000 0.000000 0.000000 0.995635 0.995635 0.995635
SM_Grass_Patch_04 74.627910 1.834659 81.645770 0.000000 0.000000 0.000000 1.001273 1.001273 1.001273
SM_Grass_Patch_04 73.241110 1.405756 82.302310 0.000000 0.000000 0.000000 0.947463 0.947463 0.947463
SM_Grass_Patch_04 74.643390 1.287555 83.763700 0.000000 0.000000 0.000000 1.018401 1.018401 1.018401
SM_Grass_Patch_04 72.442290 0.519247 86.003650 0.000000 0.000000 0.000000 0.925471 0.925471 0.925471
SM_Grass_Patch_04 75.637900 1.619988 83.039050 0.000000 0.000000 0.000000 0.934302 0.934302 0.934302
SM_Grass_Patch_04 74.228610 1.614038 82.748980 0.000000 0.000000 0.000000 1.027078 1.027078 1.027078
SM_Grass_Patch_04 76.130710 1.517738 81.930730 0.000000 0.000000 0.000000 0.921587 0.921587 0.921587
SM_Grass_Patch_04 76.454300 1.473844 84.006530 0.000000 0.000000 0.000000 1.079214 1.079214 1.079214
SM_Grass_Patch_04 74.929320 0.387894 87.635860 0.000000 0.000000 0.000000 1.035384 1.035384 1.035384
SM_Grass_Patch_04 76.737490 0.621272 86.391890 0.000000 0.000000 0.000000 0.903773 0.903773 0.903773
SM_Grass_Patch_04 77.282230 1.640840 82.806430 0.000000 0.000000 0.000000 0.941457 0.941457 0.941457
SM_Grass_Patch_04 74.885490 0.846979 86.497210 0.000000 0.000000 0.000000 1.057880 1.057880 1.057880
SM_Grass_Patch_04 75.673230 1.165612 85.244370 0.000000 0.000000 0.000000 0.905125 0.905125 0.905125
SM_Grass_Patch_04 77.129970 1.294029 85.302720 0.000000 0.000000 0.000000 1.020399 1.020399 1.020399
SM_Grass_Patch_04 78.083630 1.547890 84.646060 0.000000 0.000000 0.000000 1.097402 1.097402 1.097402
SM_Grass_Patch_04 78.637630 1.315822 85.877470 0.000000 0.000000 0.000000 1.062465 1.062465 1.062465
SM_Grass_Patch_04 79.735550 1.306480 86.313030 0.000000 0.000000 0.000000 1.021390 1.021390 1.021390
SM_Grass_Patch_04 77.913440 0.429050 87.224520 0.000000 0.000000 0.000000 1.088521 1.088521 1.088521
SM_Grass_Patch_04 79.235760 1.416163 84.087800 0.000000 0.000000 0.000000 1.008296 1.008296 1.008296
SM_Grass_Patch_04 52.958100 1.939025 83.475620 0.000000 0.000000 0.000000 1.064645 1.064645 1.064645
SM_Grass_Patch_04 58.766170 1.213904 86.703150 0.000000 0.000000 0.000000 0.912742 0.912742 0.912742
SM_Grass_Patch_04 54.961850 1.418510 85.556950 0.000000 0.000000 0.000000 1.009950 1.009950 1.009950
SM_Grass_Patch_04 53.886950 2.043590 85.935240 0.000000 0.000000 0.000000 1.052438 1.052438 1.052438
SM_Grass_Patch_04 56.649390 1.281816 87.635050 0.000000 0.000000 0.000000 0.993818 0.993818 0.993818
SM_Grass_Patch_04 60.149040 1.136637 89.084920 0.000000 0.000000 0.000000 1.070553 1.070553 1.070553
SM_Grass_Patch_04 60.232030 0.952091 87.141600 0.000000 0.000000 0.000000 0.932197 0.932197 0.932197
SM_Grass_Patch_04 60.846130 1.060206 88.248280 0.000000 0.000000 0.000000 1.041848 1.041848 1.041848
SM_Grass_Patch_04 61.753870 1.156837 89.498000 0.000000 0.000000 0.000000 0.908131 0.908131 0.908131
SM_Grass_Patch_04 61.891290 0.626374 87.660710 0.000000 0.000000 0.000000 0.941934 0.941934 0.941934
SM_Grass_Patch_04 60.646610 0.273706 85.460130 0.000000 0.000000 0.000000 1.020907 1.020907 1.020907
SM_Grass_Patch_04 57.542920 0.937617 83.641820 0.000000 0.000000 0.000000 1.045708 1.045708 1.045708
SM_Grass_Patch_04 63.991370 0.363098 89.534550 0.000000 0.000000 0.000000 0.937311 0.937311 0.937311
SM_Grass_Patch_04 62.104020 0.086557 86.164640 0.000000 0.000000 0.000000 0.935056 0.935056 0.935056
SM_Grass_Patch_04 62.646260 1.137250 90.318950 0.000000 0.000000 0.000000 1.020556 1.020556 1.020556
SM_Grass_Patch_04 60.695250 1.171947 91.507120 0.000000 0.000000 0.000000 1.074835 1.074835 1.074835
SM_Grass_Patch_04 63.449260 1.171947 92.355760 0.000000 0.000000 0.000000 1.038645 1.038645 1.038645
SM_Grass_Patch_04 66.481940 0.276715 92.610250 0.000000 0.000000 0.000000 0.958885 0.958885 0.958885
SM_Grass_Patch_04 65.044190 0.672531 94.686740 0.000000 0.000000 0.000000 0.954631 0.954631 0.954631
SM_Grass_Patch_04 66.986820 0.534174 93.584910 0.000000 0.000000 0.000000 0.920462 0.920462 0.920462
SM_Grass_Patch_04 62.611450 1.171947 93.308610 0.000000 0.000000 0.000000 1.093667 1.093667 1.093667
SM_Grass_Patch_04 64.334100 0.734898 90.994040 0.000000 0.000000 0.000000 1.065758 1.065758 1.065758
SM_Grass_Patch_04 64.638140 1.006531 93.332870 0.000000 0.000000 0.000000 1.034550 1.034550 1.034550
SM_Grass_Patch_04 63.477130 0.973341 94.780040 0.000000 0.000000 0.000000 1.024944 1.024944 1.024944
SM_Grass_Patch_04 67.297240 0.622597 95.065690 0.000000 0.000000 0.000000 1.008081 1.008081 1.008081
SM_Grass_Patch_04 64.431300 0.622597 96.070630 0.000000 0.000000 0.000000 0.947773 0.947773 0.947773
SM_Grass_Patch_04 64.199040 0.622597 97.433560 0.000000 0.000000 0.000000 1.048807 1.048807 1.048807
SM_Grass_Patch_04 58.556180 1.171947 90.890080 0.000000 0.000000 0.000000 0.972105 0.972105 0.972105
SM_Grass_Patch_04 60.475480 1.171947 95.154230 0.000000 0.000000 0.000000 0.979528 0.979528 0.979528
SM_Grass_Patch_04 62.427760 1.171947 94.363480 0.000000 0.000000 0.000000 1.078959 1.078959 1.078959
SM_Grass_Patch_04 61.044910 1.171947 97.501270 0.000000 0.000000 0.000000 0.910476 0.910476 0.910476
SM_Grass_Patch_04 64.083450 0.622597 98.901340 0.000000 0.000000 0.000000 0.940062 0.940062 0.940062
SM_Grass_Patch_04 62.704430 0.862022 98.116560 0.000000 0.000000 0.000000 0.986087 0.986087 0.986087
SM_Grass_Patch_04 66.328510 0.668781 97.397880 0.000000 0.000000 0.000000 1.074362 1.074362 1.074362
SM_Grass_Patch_04 62.089930 1.010540 97.256610 0.000000 0.000000 0.000000 1.025164 1.025164 1.025164
SM_Grass_Patch_04 62.177150 1.171947 91.264190 0.000000 0.000000 0.000000 1.084262 1.084262 1.084262
SM_Grass_Patch_04 60.623650 1.171947 94.096650 0.000000 0.000000 0.000000 0.919799 0.919799 0.919799
SM_Grass_Patch_04 61.900310 1.168980 95.450930 0.000000 0.000000 0.000000 1.082138 1.082138 1.082138
SM_Grass_Patch_04 48.468940 3.208229 78.219320 0.000000 0.000000 0.000000 0.974316 0.974316 0.974316
SM_Grass_Patch_04 50.489710 1.997654 79.921700 0.000000 0.000000 0.000000 0.919763 0.919763 0.919763
SM_Grass_Patch_04 50.116130 3.380330 81.752400 0.000000 0.000000 0.000000 1.035764 1.035764 1.035764
SM_Grass_Patch_04 51.827680 1.995971 80.681870 0.000000 0.000000 0.000000 1.022159 1.022159 1.022159
SM_Grass_Patch_04 49.377840 2.950286 79.671910 0.000000 0.000000 0.000000 1.003796 1.003796 1.003796
SM_Grass_Patch_04 47.469190 3.527692 77.213330 0.000000 0.000000 0.000000 1.098154 1.098154 1.098154
SM_Grass_Patch_04 51.313760 2.896248 82.926030 0.000000 0.000000 0.000000 1.096653 1.096653 1.096653
SM_Grass_Patch_04 23.579870 3.387658 49.775100 0.000000 0.000000 0.000000 0.949117 0.949117 0.949117
SM_Grass_Patch_04 65.354580 0.659729 92.381580 0.000000 0.000000 0.000000 1.004388 1.004388 1.004388
SM_Grass_Patch_04 65.217330 0.637710 97.898480 0.000000 0.000000 0.000000 1.002448 1.002448 1.002448
SM_Grass_Patch_04 68.562520 0.815670 97.869140 0.000000 0.000000 0.000000 1.021079 1.021079 1.021079
SM_Grass_Patch_04 66.096340 0.775176 98.689850 0.000000 0.000000 0.000000 0.926008 0.926008 0.926008
SM_Grass_Patch_04 69.740740 0.592593 95.265970 0.000000 0.000000 0.000000 1.003936 1.003936 1.003936
SM_Grass_Patch_04 66.090670 0.622597 95.242430 0.000000 0.000000 0.000000 1.021847 1.021847 1.021847
SM_Grass_Patch_04 69.425060 0.976543 98.645560 0.000000 0.000000 0.000000 1.024030 1.024030 1.024030
SM_Grass_Patch_04 68.439920 0.627057 96.286850 0.000000 0.000000 0.000000 0.954252 0.954252 0.954252
SM_Grass_Patch_04 67.431860 0.691560 97.028770 0.000000 0.000000 0.000000 0.910170 0.910170 0.910170
SM_Grass_Patch_04 67.618630 0.979811 99.046770 0.000000 0.000000 0.000000 0.935203 0.935203 0.935203
SM_Grass_Patch_04 66.786670 0.622597 96.104480 0.000000 0.000000 0.000000 0.971136 0.971136 0.971136
SM_Grass_Patch_04 71.066710 0.753203 97.897800 0.000000 0.000000 0.000000 0.924141 0.924141 0.924141
SM_Grass_Patch_04 69.547820 0.658705 96.455400 0.000000 0.000000 0.000000 0.933039 0.933039 0.933039
SM_Grass_Patch_04 67.898440 0.601626 94.196060 0.000000 0.000000 0.000000 1.093638 1.093638 1.093638
SM_Grass_Patch_04 70.851350 0.697968 96.779950 0.000000 0.000000 0.000000 0.955082 0.955082 0.955082
SM_Grass_Patch_04 65.518680 0.622597 96.264820 0.000000 0.000000 0.000000 0.903827 0.903827 0.903827
SM_Grass_Patch_04 68.669340 0.622597 95.217450 0.000000 0.000000 0.000000 1.057912 1.057912 1.057912
SM_Grass_Patch_04 69.704930 0.760869 97.557400 0.000000 0.000000 0.000000 1.040771 1.040771 1.040771
SM_Grass_Patch_04 70.592540 1.098995 99.667540 0.000000 0.000000 0.000000 0.921925 0.921925 0.921925
SM_Grass_Patch_04 72.601530 0.732467 98.818730 0.000000 0.000000 0.000000 1.029775 1.029775 1.029775
SM_Grass_Patch_04 68.951900 1.171947 99.722530 0.000000 0.000000 0.000000 0.965092 0.965092 0.965092
SM_Grass_Patch_04 71.798160 0.507582 96.118280 0.000000 0.000000 0.000000 1.074132 1.074132 1.074132
SM_Grass_Patch_04 73.475420 0.505767 99.680920 0.000000 0.000000 0.000000 1.078641 1.078641 1.078641
SM_Grass_Patch_04 72.992610 0.521402 97.048710 0.000000 0.000000 0.000000 0.990442 0.990442 0.990442
SM_Grass_Patch_04 71.699460 0.820519 101.676900 0.000000 0.000000 0.000000 1.061731 1.061731 1.061731
SM_Grass_Patch_04 72.544880 0.674804 100.472500 0.000000 0.000000 0.000000 0.990864 0.990864 0.990864
SM_Grass_Patch_04 74.644770 0.233964 99.804430 0.000000 0.000000 0.000000 0.916995 0.916995 0.916995
SM_Grass_Patch_04 72.365430 0.495549 102.932300 0.000000 0.000000 0.000000 1.016411 1.016411 1.016411
SM_Grass_Patch_04 74.876340 0.450152 98.722520 0.000000 0.000000 0.000000 0.932542 0.932542 0.932542
SM_Grass_Patch_04 73.855710 0.054493 101.407700 0.000000 0.000000 0.000000 1.013561 1.013561 1.013561
SM_Grass_Patch_04 75.188290 0.000000 102.935400 0.000000 0.000000 0.000000 0.919743 0.919743 0.919743
SM_Grass_Patch_04 73.570210 0.021070 103.989300 0.000000 0.000000 0.000000 0.901619 0.901619 0.901619
SM_Grass_Patch_04 70.921580 1.078401 100.674800 0.000000 0.000000 0.000000 0.975490 0.975490 0.975490
SM_Grass_Patch_04 75.324790 0.013036 101.340000 0.000000 0.000000 0.000000 1.018520 1.018520 1.018520
SM_Grass_Patch_04 76.759190 0.000000 102.636300 0.000000 0.000000 0.000000 1.081102 1.081102 1.081102
SM_Grass_Patch_04 76.299880 0.041328 100.872400 0.000000 0.000000 0.000000 1.057336 1.057336 1.057336
SM_Grass_Patch_04 77.083270 0.036510 105.728300 0.000000 0.000000 0.000000 0.909549 0.909549 0.909549
SM_Grass_Patch_04 75.967910 0.000000 104.144000 0.000000 0.000000 0.000000 0.991904 0.991904 0.991904
SM_Grass_Patch_04 75.748760 0.000000 106.493500 0.000000 0.000000 0.000000 1.073889 1.073889 1.073889
SM_Grass_Patch_04 78.233800 0.408364 106.131600 0.000000 0.000000 0.000000 0.924755 0.924755 0.924755
SM_Grass_Patch_04 78.427220 0.000000 101.923200 0.000000 0.000000 0.000000 1.096281 1.096281 1.096281
SM_Grass_Patch_04 77.610070 0.000000 103.253000 0.000000 0.000000 0.000000 0.933680 0.933680 0.933680
SM_Grass_Patch_04 78.705150 0.007528 102.941000 0.000000 0.000000 0.000000 0.924911 0.924911 0.924911
SM_Grass_Patch_04 74.734210 0.000000 104.903600 0.000000 0.000000 0.000000 0.987432 0.987432 0.987432
SM_Grass_Patch_04 78.709520 0.267319 104.507300 0.000000 0.000000 0.000000 1.026318 1.026318 1.026318
SM_Grass_Patch_04 69.747940 1.171947 100.840500 0.000000 0.000000 0.000000 0.985204 0.985204 0.985204
SM_Grass_Patch_04 70.723320 1.051691 102.069800 0.000000 0.000000 0.000000 0.994709 0.994709 0.994709
SM_Grass_Patch_04 79.798030 0.582685 104.490900 0.000000 0.000000 0.000000 0.981014 0.981014 0.981014
SM_Grass_Patch_04 76.469830 0.000000 107.868300 0.000000 0.000000 0.000000 0.967951 0.967951 0.967951
SM_Grass_Patch_04 75.280540 0.000000 107.475000 0.000000 0.000000 0.000000 0.947350 0.947350 0.947350
SM_Grass_Patch_04 74.468490 0.000000 106.180300 0.000000 0.000000 0.000000 1.081295 1.081295 1.081295
SM_Grass_Patch_04 72.584930 0.449694 105.085500 0.000000 0.000000 0.000000 0.955099 0.955099 0.955099
SM_Grass_Patch_04 71.693240 0.900038 99.503830 0.000000 0.000000 0.000000 1.056428 1.056428 1.056428
SM_Grass_Patch_04 71.304140 0.863098 103.042100 0.000000 0.000000 0.000000 0.988796 0.988796 0.988796
SM_Grass_Patch_04 68.100590 1.171947 102.270500 0.000000 0.000000 0.000000 1.098921 1.098921 1.098921
SM_Grass_Patch_04 67.016330 1.159094 100.615400 0.000000 0.000000 0.000000 1.017680 1.017680 1.017680
SM_Grass_Patch_04 68.227530 1.171947 100.861800 0.000000 0.000000 0.000000 1.045869 1.045869 1.045869
SM_Grass_Patch_04 69.770450 1.171947 103.052800 0.000000 0.000000 0.000000 0.920770 0.920770 0.920770
SM_Grass_Patch_04 66.678500 1.171947 102.844000 0.000000 0.000000 0.000000 1.062876 1.062876 1.062876
SM_Grass_Patch_04 66.817870 1.171947 101.746700 0.000000 0.000000 0.000000 0.905673 0.905673 0.905673
SM_Grass_Patch_04 65.720980 0.903799 100.370500 0.000000 0.000000 0.000000 1.055917 1.055917 1.055917
SM_Grass_Patch_04 66.606560 0.959431 99.632030 0.000000 0.000000 0.000000 1.071813 1.071813 1.071813
SM_Grass_Patch_04 68.810790 1.171947 104.030000 0.000000 0.000000 0.000000 1.046959 1.046959 1.046959
SM_Grass_Patch_04 65.599030 1.014040 101.810100 0.000000 0.000000 0.000000 0.941923 0.941923 0.941923
SM_Grass_Patch_04 63.669760 0.678944 100.865400 0.000000 0.000000 0.000000 1.018061 1.018061 1.018061
SM_Grass_Patch_04 62.338540 0.977186 99.301820 0.000000 0.000000 0.000000 0.949238 0.949238 0.949238
SM_Grass_Patch_04 64.598110 0.728076 100.014500 0.000000 0.000000 0.000000 0.976697 0.976697 0.976697
SM_Grass_Patch_04 59.345540 1.171947 92.920430 0.000000 0.000000 0.000000 1.011442 1.011442 1.011442
SM_Grass_Patch_04 72.029940 0.767080 106.027600 0.000000 0.000000 0.000000 1.068159 1.068159 1.068159
SM_Grass_Patch_04 71.305590 0.882948 104.096000 0.000000 0.000000 0.000000 1.083887 1.083887 1.083887
SM_Grass_Patch_04 70.308980 1.158225 104.449800 0.000000 0.000000 0.000000 1.066801 1.066801 1.066801
SM_Grass_Patch_04 73.139690 0.410420 106.436400 0.000000 0.000000 0.000000 0.939389 0.939389 0.939389
SM_Grass_Patch_04 62.968580 0.946893 95.872100 0.000000 0.000000 0.000000 1.075289 1.075289 1.075289
SM_Grass_Patch_04 74.025910 0.002144 102.710700 0.000000 0.000000 0.000000 0.983110 0.983110 0.983110
SM_Grass_Patch_04 77.201920 0.039971 100.276700 0.000000 0.000000 0.000000 0.969354 0.969354 0.969354
SM_Grass_Patch_04 77.654720 0.058946 104.762100 0.000000 0.000000 0.000000 0.974569 0.974569 0.974569
SM_Grass_Patch_04 79.649320 0.003399 102.245500 0.000000 0.000000 0.000000 1.025274 1.025274 1.025274
SM_Grass_Patch_04 80.723270 0.659220 105.743600 0.000000 0.000000 0.000000 1.004708 1.004708 1.004708
SM_Grass_Patch_04 79.308350 0.646353 105.851200 0.000000 0.000000 0.000000 1.058701 1.058701 1.058701
SM_Grass_Patch_04 81.568230 0.659220 103.544500 0.000000 0.000000 0.000000 1.048303 1.048303 1.048303
SM_Grass_Patch_04 82.209080 0.659220 106.556800 0.000000 0.000000 0.000000 1.049117 1.049117 1.049117
SM_Grass_Patch_04 81.577450 0.399614 102.492200 0.000000 0.000000 0.000000 0.982221 0.982221 0.982221
SM_Grass_Patch_04 84.006120 0.659220 104.767700 0.000000 0.000000 0.000000 0.925523 0.925523 0.925523
SM_Grass_Patch_04 83.971850 0.659220 106.395900 0.000000 0.000000 0.000000 0.973812 0.973812 0.973812
SM_Grass_Patch_04 82.703220 0.615759 102.939600 0.000000 0.000000 0.000000 0.946459 0.946459 0.946459
SM_Grass_Patch_04 81.060040 0.659220 108.179900 0.000000 0.000000 0.000000 1.011758 1.011758 1.011758
SM_Grass_Patch_04 83.192030 0.659220 108.718800 0.000000 0.000000 0.000000 0.981969 0.981969 0.981969
SM_Grass_Patch_04 86.168370 0.659220 106.982500 0.000000 0.000000 0.000000 0.958876 0.958876 0.958876
SM_Grass_Patch_04 84.749240 0.659220 103.715000 0.000000 0.000000 0.000000 1.056937 1.056937 1.056937
SM_Grass_Patch_04 86.018940 0.659220 105.381600 0.000000 0.000000 0.000000 0.940010 0.940010 0.940010
SM_Grass_Patch_04 85.100470 0.659220 107.292000 0.000000 0.000000 0.000000 1.025539 1.025539 1.025539
SM_Grass_Patch_04 82.045550 0.659220 105.340400 0.000000 0.000000 0.000000 1.042967 1.042967 1.042967
SM_Grass_Patch_04 84.744460 0.659220 108.462600 0.000000 0.000000 0.000000 1.035921 1.035921 1.035921
SM_Grass_Patch_04 88.029430 0.695843 106.266700 0.000000 0.000000 0.000000 0.996527 0.996527 0.996527
SM_Grass_Patch_04 83.336000 0.659220 107.533800 0.000000 0.000000 0.000000 0.984706 0.984706 0.984706
SM_Grass_Patch_04 86.840900 0.659220 107.794800 0.000000 0.000000 0.000000 0.946229 0.946229 0.946229
SM_Grass_Patch_04 87.546540 0.645585 104.984100 0.000000 0.000000 0.000000 1.073525 1.073525 1.073525
SM_Grass_Patch_04 89.107860 0.915583 106.781300 0.000000 0.000000 0.000000 0.911348 0.911348 0.911348
SM_Grass_Patch_04 88.991970 0.659220 108.287500 0.000000 0.000000 0.000000 1.050186 1.050186 1.050186
SM_Grass_Patch_04 85.362120 0.659220 106.232100 0.000000 0.000000 0.000000 0.937743 0.937743 0.937743
SM_Grass_Patch_04 85.877090 0.659220 103.950400 0.000000 0.000000 0.000000 1.011872 1.011872 1.011872
SM_Grass_Patch_04 83.840550 0.459261 102.434500 0.000000 0.000000 0.000000 1.083493 1.083493 1.083493
SM_Grass_Patch_04 82.989310 0.659220 104.058500 0.000000 0.000000 0.000000 1.005993 1.005993 1.005993
SM_Grass_Patch_04 80.409790 0.000000 101.455000 0.000000 0.000000 0.000000 1.062407 1.062407 1.062407
SM_Grass_Patch_04 79.596400 0.000000 100.702400 0.000000 0.000000 0.000000 1.098810 1.098810 1.098810
SM_Grass_Patch_04 80.325000 0.458173 103.430500 0.000000 0.000000 0.000000 1.023993 1.023993 1.023993
SM_Grass_Patch_04 78.154020 0.000000 100.756700 0.000000 0.000000 0.000000 1.090742 1.090742 1.090742
SM_Grass_Patch_04 81.090590 0.659220 104.755200 0.000000 0.000000 0.000000 1.017319 1.017319 1.017319
SM_Grass_Patch_04 77.350460 0.000000 101.462000 0.000000 0.000000 0.000000 1.051424 1.051424 1.051424
SM_Grass_Patch_04 75.991980 0.186419 99.772880 0.000000 0.000000 0.000000 0.999855 0.999855 0.999855
SM_Grass_Patch_04 79.780060 0.659220 109.659900 0.000000 0.000000 0.000000 1.069575 1.069575 1.069575
SM_Grass_Patch_04 79.347790 0.659220 108.196200 0.000000 0.000000 0.000000 1.093232 1.093232 1.093232
SM_Grass_Patch_04 79.522920 0.659220 106.892500 0.000000 0.000000 0.000000 1.032575 1.032575 1.032575
SM_Grass_Patch_04 77.950120 0.440335 108.798500 0.000000 0.000000 0.000000 0.915163 0.915163 0.915163
SM_Grass_Patch_04 77.315860 0.160080 106.833300 0.000000 0.000000 0.000000 0.938980 0.938980 0.938980
SM_Grass_Patch_04 74.151340 0.121875 107.713500 0.000000 0.000000 0.000000 1.094977 1.094977 1.094977
SM_Grass_Patch_04 93.741910 0.784901 110.595600 0.000000 0.000000 0.000000 1.098992 1.098992 1.098992
SM_Grass_Patch_04 91.914890 0.659220 110.660800 0.000000 0.000000 0.000000 0.972034 0.972034 0.972034
SM_Grass_Patch_04 93.077860 0.864323 109.460900 0.000000 0.000000 0.000000 1.094664 1.094664 1.094664
SM_Grass_Patch_04 82.231710 0.659220 107.941400 0.000000 0.000000 0.000000 0.941761 0.941761 0.941761
SM_Grass_Patch_04 90.179830 0.878988 107.312400 0.000000 0.000000 0.000000 1.099137 1.099137 1.099137
SM_Grass_Patch_04 91.104600 0.695843 108.643000 0.000000 0.000000 0.000000 1.081239 1.081239 1.081239
SM_Grass_Patch_04 89.268590 0.752891 105.486800 0.000000 0.000000 0.000000 1.066357 1.066357 1.066357
SM_Grass_Patch_04 88.342480 0.018158 103.652400 0.000000 0.000000 0.000000 0.914841 0.914841 0.914841
SM_Grass_Patch_04 90.495980 0.630609 106.210800 0.000000 0.000000 0.000000 0.956209 0.956209 0.956209
SM_Grass_Patch_04 90.616820 0.677161 104.571800 0.000000 0.000000 0.000000 0.946923 0.946923 0.946923
SM_Grass_Patch_04 91.945810 0.611632 107.373900 0.000000 0.000000 0.000000 1.044119 1.044119 1.044119
SM_Grass_Patch_04 87.823410 0.712182 107.381800 0.000000 0.000000 0.000000 1.094416 1.094416 1.094416
SM_Grass_Patch_04 91.668940 0.514210 105.893600 0.000000 0.000000 0.000000 0.910170 0.910170 0.910170
SM_Grass_Patch_04 91.961330 0.838919 109.368000 0.000000 0.000000 0.000000 0.955058 0.955058 0.955058
SM_Grass_Patch_04 92.654800 0.530550 104.708400 0.000000 0.000000 0.000000 0.990567 0.990567 0.990567
SM_Grass_Patch_04 93.979900 0.920423 108.432900 0.000000 0.000000 0.000000 0.979660 0.979660 0.979660
SM_Grass_Patch_04 92.840010 0.971554 108.200700 0.000000 0.000000 0.000000 1.089077 1.089077 1.089077
SM_Grass_Patch_04 93.289690 0.579919 106.222400 0.000000 0.000000 0.000000 1.062901 1.062901 1.062901
SM_Grass_Patch_04 94.783440 0.976309 106.463700 0.000000 0.000000 0.000000 1.094247 1.094247 1.094247
SM_Grass_Patch_04 93.671430 0.581101 105.193500 0.000000 0.000000 0.000000 0.945333 0.945333 0.945333
SM_Grass_Patch_04 94.017070 0.847337 107.339600 0.000000 0.000000 0.000000 0.931139 0.931139 0.931139
SM_Grass_Patch_04 94.846010 0.230673 104.397200 0.000000 0.000000 0.000000 1.047469 1.047469 1.047469
SM_Grass_Patch_04 95.994920 0.919791 105.827900 0.000000 0.000000 0.000000 1.022688 1.022688 1.022688
SM_Grass_Patch_04 96.367230 0.711756 107.596800 0.000000 0.000000 0.000000 1.093493 1.093493 1.093493
SM_Grass_Patch_04 95.281710 0.796418 108.014900 0.000000 0.000000 0.000000 1.052856 1.052856 1.052856
SM_Grass_Patch_04 93.876790 0.152535 103.854700 0.000000 0.000000 0.000000 1.093208 1.093208 1.093208
SM_Grass_Patch_04 97.356520 0.684841 107.125100 0.000000 0.000000 0.000000 1.035125 1.035125 1.035125
SM_Grass_Patch_04 96.365780 0.869813 108.906400 0.000000 0.000000 0.000000 1.083677 1.083677 1.083677
SM_Grass_Patch_04 97.170500 0.752409 105.199900 0.000000 0.000000 0.000000 1.080450 1.080450 1.080450
SM_Grass_Patch_04 96.138730 0.310918 104.257000 0.000000 0.000000 0.000000 0.923688 0.923688 0.923688
SM_Grass_Patch_04 97.843150 0.873192 108.848400 0.000000 0.000000 0.000000 0.963924 0.963924 0.963924
SM_Grass_Patch_04 98.346140 0.714403 107.723300 0.000000 0.000000 0.000000 1.085495 1.085495 1.085495
SM_Grass_Patch_04 98.677520 0.720796 106.212200 0.000000 0.000000 0.000000 0.970930 0.970930 0.970930
SM_Grass_Patch_04 99.039910 0.874219 108.641400 0.000000 0.000000 0.000000 1.065904 1.065904 1.065904
SM_Grass_Patch_04 98.285550 0.600715 104.543600 0.000000 0.000000 0.000000 0.915401 0.915401 0.915401
SM_Grass_Patch_04 99.616680 0.654855 105.721400 0.000000 0.000000 0.000000 0.937349 0.937349 0.937349
SM_Grass_Patch_04 99.586960 0.805584 107.649700 0.000000 0.000000 0.000000 0.915011 0.915011 0.915011
SM_Grass_Patch_04 97.244040 0.068846 103.215400 0.000000 0.000000 0.000000 0.975746 0.975746 0.975746
SM_Grass_Patch_04 100.560500 0.704983 107.077000 0.000000 0.000000 0.000000 1.011208 1.011208 1.011208
SM_Grass_Patch_04 99.272760 0.650441 104.003400 0.000000 0.000000 0.000000 1.066215 1.066215 1.066215
SM_Grass_Patch_04 100.754000 0.483258 104.877900 0.000000 0.000000 0.000000 1.037739 1.037739 1.037739
SM_Grass_Patch_04 101.372300 0.609349 108.442300 0.000000 0.000000 0.000000 0.929310 0.929310 0.929310
SM_Grass_Patch_04 100.220400 0.918860 108.990900 0.000000 0.000000 0.000000 1.042445 1.042445 1.042445
SM_Grass_Patch_04 101.649400 0.664693 106.452900 0.000000 0.000000 0.000000 0.947255 0.947255 0.947255
SM_Grass_Patch_04 102.405800 0.599113 105.595600 0.000000 0.000000 0.000000 1.093982 1.093982 1.093982
SM_Grass_Patch_04 102.758300 0.561045 107.677900 0.000000 0.000000 0.000000 0.913182 0.913182 0.913182
SM_Grass_Patch_04 102.930900 0.460662 104.638500 0.000000 0.000000 0.000000 1.076434 1.076434 1.076434
SM_Grass_Patch_04 101.658200 0.498970 103.897300 0.000000 0.000000 0.000000 1.043609 1.043609 1.043609
SM_Grass_Patch_04 103.479600 0.581042 106.663700 0.000000 0.000000 0.000000 0.913181 0.913181 0.913181
SM_Grass_Patch_04 105.552100 0.444985 106.466700 0.000000 0.000000 0.000000 1.088023 1.088023 1.088023
SM_Grass_Patch_04 103.656800 0.401330 108.337500 0.000000 0.000000 0.000000 1.080004 1.080004 1.080004
SM_Grass_Patch_04 104.345100 0.540599 104.217700 0.000000 0.000000 0.000000 1.087345 1.087345 1.087345
SM_Grass_Patch_04 103.767000 0.577271 109.786500 0.000000 0.000000 0.000000 0.941644 0.941644 0.941644
SM_Grass_Patch_04 104.901800 0.424024 109.145300 0.000000 0.000000 0.000000 0.934457 0.934457 0.934457
SM_Grass_Patch_04 106.504500 0.632046 107.406800 0.000000 0.000000 0.000000 0.917488 0.917488 0.917488
SM_Grass_Patch_04 104.916200 0.527287 105.146300 0.000000 0.000000 0.000000 1.012117 1.012117 1.012117
SM_Grass_Patch_04 106.009000 0.545314 105.452900 0.000000 0.000000 0.000000 1.068440 1.068440 1.068440
SM_Grass_Patch_04 104.996300 0.476103 107.838500 0.000000 0.000000 0.000000 1.075188 1.075188 1.075188
SM_Grass_Patch_04 105.979100 0.551171 108.718900 0.000000 0.000000 0.000000 1.019664 1.019664 1.019664
SM_Grass_Patch_04 108.190300 0.732458 105.443200 0.000000 0.000000 0.000000 1.043893 1.043893 1.043893
SM_Grass_Patch_04 107.505000 0.549350 108.578500 0.000000 0.000000 0.000000 0.905898 0.905898 0.905898
SM_Grass_Patch_04 108.287100 0.640908 109.459200 0.000000 0.000000 0.000000 1.093793 1.093793 1.093793
SM_Grass_Patch_04 107.942600 0.549350 107.302600 0.000000 0.000000 0.000000 1.038954 1.038954 1.038954
SM_Grass_Patch_04 109.444300 0.644967 108.618100 0.000000 0.000000 0.000000 1.036916 1.036916 1.036916
SM_Grass_Patch_04 109.624800 0.830806 105.574400 0.000000 0.000000 0.000000 1.020235 1.020235 1.020235
SM_Grass_Patch_04 110.124900 0.684851 107.505100 0.000000 0.000000 0.000000 0.933998 0.933998 0.933998
SM_Grass_Patch_04 107.038700 0.678410 104.530500 0.000000 0.000000 0.000000 0.967025 0.967025 0.967025
SM_Grass_Patch_04 109.308100 0.560707 106.577500 0.000000 0.000000 0.000000 1.088265 1.088265 1.088265
SM_Grass_Patch_04 97.297360 0.807447 109.897300 0.000000 0.000000 0.000000 1.016581 1.016581 1.016581
SM_Grass_Patch_04 105.898800 0.549350 110.640000 0.000000 0.000000 0.000000 0.981509 0.981509 0.981509
SM_Grass_Patch_04 106.722200 0.606782 109.907700 0.000000 0.000000 0.000000 1.018727 1.018727 1.018727
SM_Grass_Patch_04 104.196700 0.549350 110.746200 0.000000 0.000000 0.000000 1.091915 1.091915 1.091915
SM_Grass_Patch_04 105.629300 0.640908 104.217000 0.000000 0.000000 0.000000 1.020834 1.020834 1.020834
SM_Grass_Patch_04 108.634200 0.959475 104.331900 0.000000 0.000000 0.000000 0.963681 0.963681 0.963681
SM_Grass_Patch_04 107.169300 0.567026 103.137800 0.000000 0.000000 0.000000 0.928416 0.928416 0.928416
SM_Grass_Patch_04 110.617300 0.776971 104.899400 0.000000 0.000000 0.000000 0.916251 0.916251 0.916251
SM_Grass_Patch_04 109.574100 0.929968 103.768600 0.000000 0.000000 0.000000 0.966382 0.966382 0.966382
SM_Grass_Patch_04 109.625700 0.900070 101.995100 0.000000 0.000000 0.000000 1.008938 1.008938 1.008938
SM_Grass_Patch_04 111.952200 1.034719 102.889700 0.000000 0.000000 0.000000 0.944760 0.944760 0.944760
SM_Grass_Patch_04 108.286600 0.858011 102.779300 0.000000 0.000000 0.000000 1.060890 1.060890 1.060890
SM_Grass_Patch_04 111.541900 0.981060 105.758400 0.000000 0.000000 0.000000 0.958788 0.958788 0.958788
SM_Grass_Patch_04 113.398500 1.173667 105.778000 0.000000 0.000000 0.000000 1.000147 1.000147 1.000147
SM_Grass_Patch_04 112.289200 0.867085 104.156100 0.000000 0.000000 0.000000 1.053691 1.053691 1.053691
SM_Grass_Patch_04 113.521200 1.018033 104.311700 0.000000 0.000000 0.000000 1.020611 1.020611 1.020611
SM_Grass_Patch_04 112.211200 1.111541 101.828900 0.000000 0.000000 0.000000 0.946204 0.946204 0.946204
SM_Grass_Patch_04 110.914000 0.964211 102.224800 0.000000 0.000000 0.000000 1.047707 1.047707 1.047707
SM_Grass_Patch_04 113.050600 0.937380 102.698200 0.000000 0.000000 0.000000 1.054364 1.054364 1.054364
SM_Grass_Patch_04 115.219000 0.736077 105.059900 0.000000 0.000000 0.000000 1.047452 1.047452 1.047452
SM_Grass_Patch_04 114.751800 0.523294 101.855700 0.000000 0.000000 0.000000 1.054573 1.054573 1.054573
SM_Grass_Patch_04 115.638000 0.704966 104.010200 0.000000 0.000000 0.000000 0.970790 0.970790 0.970790
SM_Grass_Patch_04 113.764100 0.941417 100.816700 0.000000 0.000000 0.000000 0.942097 0.942097 0.942097
SM_Grass_Patch_04 112.624100 0.982202 100.724700 0.000000 0.000000 0.000000 1.009077 1.009077 1.009077
SM_Grass_Patch_04 114.590300 0.479665 102.943900 0.000000 0.000000 0.000000 1.058622 1.058622 1.058622
SM_Grass_Patch_04 115.023500 0.941406 100.755100 0.000000 0.000000 0.000000 1.001401 1.001401 1.001401
SM_Grass_Patch_04 111.580200 0.858471 100.544500 0.000000 0.000000 0.000000 1.027782 1.027782 1.027782
SM_Grass_Patch_04 110.862500 0.875605 103.347400 0.000000 0.000000 0.000000 1.028420 1.028420 1.028420
SM_Grass_Patch_04 107.609600 0.401937 101.327700 0.000000 0.000000 0.000000 1.006129 1.006129 1.006129
SM_Grass_Patch_04 103.884800 0.392136 102.936400 0.000000 0.000000 0.000000 0.926811 0.926811 0.926811
SM_Grass_Patch_04 105.636300 0.515686 102.833100 0.000000 0.000000 0.000000 1.058951 1.058951 1.058951
SM_Grass_Patch_04 104.731100 0.000000 102.180700 0.000000 0.000000 0.000000 1.058810 1.058810 1.058810
SM_Grass_Patch_04 106.668800 0.232574 102.031200 0.000000 0.000000 0.000000 1.020717 1.020717 1.020717
SM_Grass_Patch_04 109.131200 0.473639 100.360200 0.000000 0.000000 0.000000 1.040346 1.040346 1.040346
SM_Grass_Patch_04 110.504900 0.674666 100.624800 0.000000 0.000000 0.000000 1.039382 1.039382 1.039382
SM_Grass_Patch_04 111.149900 0.528796 99.052930 0.000000 0.000000 0.000000 1.074075 1.074075 1.074075
SM_Grass_Patch_04 110.095400 0.538585 99.286640 0.000000 0.000000 0.000000 0.909277 0.909277 0.909277
SM_Grass_Patch_04 112.480300 0.734886 99.395030 0.000000 0.000000 0.000000 1.012648 1.012648 1.012648
SM_Grass_Patch_04 112.396600 0.484953 98.034400 0.000000 0.000000 0.000000 1.092452 1.092452 1.092452
SM_Grass_Patch_04 114.017200 1.074247 99.635090 0.000000 0.000000 0.000000 1.008302 1.008302 1.008302
SM_Grass_Patch_04 114.905000 0.847384 98.724020 0.000000 0.000000 0.000000 1.089045 1.089045 1.089045
SM_Grass_Patch_04 115.906800 0.579729 101.923600 0.000000 0.000000 0.000000 0.920579 0.920579 0.920579
SM_Grass_Patch_04 113.911800 0.896620 98.128750 0.000000 0.000000 0.000000 1.063251 1.063251 1.063251
SM_Grass_Patch_04 115.828500 0.904471 99.585410 0.000000 0.000000 0.000000 0.969537 0.969537 0.969537
SM_Grass_Patch_04 115.068800 0.755767 97.457430 0.000000 0.000000 0.000000 0.959344 0.959344 0.959344
SM_Grass_Patch_04 116.194500 0.414345 103.086200 0.000000 0.000000 0.000000 1.006197 1.006197 1.006197
SM_Grass_Patch_04 116.409500 0.902420 98.203060 0.000000 0.000000 0.000000 0.957818 0.957818 0.957818
SM_Grass_Patch_04 117.320000 0.794404 100.325500 0.000000 0.000000 0.000000 1.054530 1.054530 1.054530
SM_Grass_Patch_04 117.360400 0.946713 99.104870 0.000000 0.000000 0.000000 1.003449 1.003449 1.003449
SM_Grass_Patch_04 118.715500 0.673668 99.755720 0.000000 0.000000 0.000000 1.047255 1.047255 1.047255
SM_Grass_Patch_04 118.129000 0.776184 101.472800 0.000000 0.000000 0.000000 0.949321 0.949321 0.949321
SM_Grass_Patch_04 118.299200 1.028935 98.476940 0.000000 0.000000 0.000000 0.915731 0.915731 0.915731
SM_Grass_Patch_04 116.571400 0.795668 101.087000 0.000000 0.000000 0.000000 1.007213 1.007213 1.007213
SM_Grass_Patch_04 119.539700 0.763215 98.305890 0.000000 0.000000 0.000000 0.910144 0.910144 0.910144
SM_Grass_Patch_04 119.885700 0.328103 99.517500 0.000000 0.000000 0.000000 1.067154 1.067154 1.067154
SM_Grass_Patch_04 122.338300 0.924422 98.380800 0.000000 0.000000 0.000000 1.067659 1.067659 1.067659
SM_Grass_Patch_04 120.874200 0.534970 98.529520 0.000000 0.000000 0.000000 0.959847 0.959847 0.959847
SM_Grass_Patch_04 122.748900 0.941348 96.907590 0.000000 0.000000 0.000000 1.063525 1.063525 1.063525
SM_Grass_Patch_04 121.069900 0.872503 97.152560 0.000000 0.000000 0.000000 1.079028 1.079028 1.079028
SM_Grass_Patch_04 125.876000 0.475951 97.188370 0.000000 0.000000 0.000000 0.994553 0.994553 0.994553
SM_Grass_Patch_04 126.128300 0.110607 95.879760 0.000000 0.000000 0.000000 1.029333 1.029333 1.029333
SM_Grass_Patch_04 123.906300 0.432606 95.566440 0.000000 0.000000 0.000000 1.010110 1.010110 1.010110
SM_Grass_Patch_04 115.883300 0.945530 96.409070 0.000000 0.000000 0.000000 1.043669 1.043669 1.043669
SM_Grass_Patch_04 117.589900 1.030246 96.210910 0.000000 0.000000 0.000000 1.041364 1.041364 1.041364
SM_Grass_Patch_04 118.747500 0.885128 95.791940 0.000000 0.000000 0.000000 0.953343 0.953343 0.953343
SM_Grass_Patch_04 119.397000 0.752068 96.677100 0.000000 0.000000 0.000000 1.046721 1.046721 1.046721
SM_Grass_Patch_04 120.252200 0.742211 95.035330 0.000000 0.000000 0.000000 1.046452 1.046452 1.046452
SM_Grass_Patch_04 119.527900 0.765417 93.363730 0.000000 0.000000 0.000000 1.008750 1.008750 1.008750
SM_Grass_Patch_04 119.161300 0.860394 94.625100 0.000000 0.000000 0.000000 0.906819 0.906819 0.906819
SM_Grass_Patch_04 121.667600 0.723867 95.268140 0.000000 0.000000 0.000000 0.971505 0.971505 0.971505
SM_Grass_Patch_04 121.567000 0.648796 94.183570 0.000000 0.000000 0.000000 0.910409 0.910409 0.910409
SM_Grass_Patch_04 117.911700 1.124804 94.507980 0.000000 0.000000 0.000000 0.959583 0.959583 0.959583
SM_Grass_Patch_04 123.008200 0.762690 94.143980 0.000000 0.000000 0.000000 1.008818 1.008818 1.008818
SM_Grass_Patch_04 120.590300 0.714466 91.520170 0.000000 0.000000 0.000000 0.919987 0.919987 0.919987
SM_Grass_Patch_04 121.943600 0.610404 93.185260 0.000000 0.000000 0.000000 0.981846 0.981846 0.981846
SM_Grass_Patch_04 122.748400 0.450743 91.809240 0.000000 0.000000 0.000000 1.067441 1.067441 1.067441
SM_Grass_Patch_04 124.020800 0.227068 92.723270 0.000000 0.000000 0.000000 1.059337 1.059337 1.059337
SM_Grass_Patch_04 120.638900 0.842823 92.731720 0.000000 0.000000 0.000000 1.003914 1.003914 1.003914
SM_Grass_Patch_04 121.761000 0.204157 90.271730 0.000000 0.000000 0.000000 0.950712 0.950712 0.950712
SM_Grass_Patch_04 122.806600 0.529183 90.617950 0.000000 0.000000 0.000000 1.035776 1.035776 1.035776
SM_Grass_Patch_04 124.081000 0.344520 94.088970 0.000000 0.000000 0.000000 1.094511 1.094511 1.094511
SM_Grass_Patch_04 117.364200 1.054121 97.676800 0.000000 0.000000 0.000000 0.948273 0.948273 0.948273
SM_Grass_Patch_04 107.245700 0.545939 106.061100 0.000000 0.000000 0.000000 1.030491 1.030491 1.030491
SM_Grass_Patch_04 105.700100 0.017599 101.527900 0.000000 0.000000 0.000000 0.995427 0.995427 0.995427
SM_Grass_Patch_04 108.648200 0.340668 98.797180 0.000000 0.000000 0.000000 1.062384 1.062384 1.062384
SM_Grass_Patch_04 107.564500 0.291526 100.014800 0.000000 0.000000 0.000000 0.970922 0.970922 0.970922
SM_Grass_Patch_04 110.361500 0.311546 98.168730 0.000000 0.000000 0.000000 1.071535 1.071535 1.071535
SM_Grass_Patch_04 113.145400 0.811690 97.204200 0.000000 0.000000 0.000000 1.011820 1.011820 1.011820
SM_Grass_Patch_04 114.730000 0.860038 96.276440 0.000000 0.000000 0.000000 0.907924 0.907924 0.907924
SM_Grass_Patch_04 116.585500 0.957317 95.253650 0.000000 0.000000 0.000000 1.068542 1.068542 1.068542
SM_Grass_Patch_04 115.656600 0.412765 94.577570 0.000000 0.000000 0.000000 0.979511 0.979511 0.979511
SM_Grass_Patch_04 114.210800 0.364430 95.234500 0.000000 0.000000 0.000000 0.925268 0.925268 0.925268
SM_Grass_Patch_04 113.432800 0.590929 96.043020 0.000000 0.000000 0.000000 0.953987 0.953987 0.953987
SM_Grass_Patch_04 118.307400 0.953732 97.161670 0.000000 0.000000 0.000000 0.902035 0.902035 0.902035
SM_Grass_Patch_04 116.442000 0.288252 93.527600 0.000000 0.000000 0.000000 1.094738 1.094738 1.094738
SM_Grass_Patch_04 120.584400 0.833625 96.200450 0.000000 0.000000 0.000000 1.059881 1.059881 1.059881
SM_Grass_Patch_04 118.468100 0.937150 92.592010 0.000000 0.000000 0.000000 0.905002 0.905002 0.905002
SM_Grass_Patch_04 122.821200 0.810198 95.753620 0.000000 0.000000 0.000000 1.020391 1.020391 1.020391
SM_Grass_Patch_04 124.173300 0.260216 91.085720 0.000000 0.000000 0.000000 1.033425 1.033425 1.033425
SM_Grass_Patch_04 125.928100 0.152435 91.976400 0.000000 0.000000 0.000000 0.996666 0.996666 0.996666
SM_Grass_Patch_04 126.126500 0.128182 94.724900 0.000000 0.000000 0.000000 1.010258 1.010258 1.010258
SM_Grass_Patch_04 126.827900 0.130945 93.675470 0.000000 0.000000 0.000000 1.035285 1.035285 1.035285
SM_Grass_Patch_04 125.777800 0.335216 90.205340 0.000000 0.000000 0.000000 1.034435 1.034435 1.034435
SM_Grass_Patch_04 125.117400 0.294400 89.093590 0.000000 0.000000 0.000000 0.970036 0.970036 0.970036
SM_Grass_Patch_04 128.028000 0.381181 91.018910 0.000000 0.000000 0.000000 0.941318 0.941318 0.941318
SM_Grass_Patch_04 128.475300 0.109870 92.952010 0.000000 0.000000 0.000000 1.069335 1.069335 1.069335
SM_Grass_Patch_04 126.500800 0.461203 88.383370 0.000000 0.000000 0.000000 0.991535 0.991535 0.991535
SM_Grass_Patch_04 129.005800 0.380080 89.711160 0.000000 0.000000 0.000000 0.969738 0.969738 0.969738
SM_Grass_Patch_04 130.369100 0.018312 90.555480 0.000000 0.000000 0.000000 0.960931 0.960931 0.960931
SM_Grass_Patch_04 131.707700 0.149025 90.879520 0.000000 0.000000 0.000000 0.939209 0.939209 0.939209
SM_Grass_Patch_04 132.691300 0.320971 88.967530 0.000000 0.000000 0.000000 1.020091 1.020091 1.020091
SM_Grass_Patch_04 133.138700 0.737659 87.335350 0.000000 0.000000 0.000000 1.049098 1.049098 1.049098
SM_Grass_Patch_04 130.972100 0.759387 87.252980 0.000000 0.000000 0.000000 1.078734 1.078734 1.078734
SM_Grass_Patch_04 129.606200 0.773853 87.619080 0.000000 0.000000 0.000000 1.042961 1.042961 1.042961
SM_Grass_Patch_04 130.506500 0.755198 86.170090 0.000000 0.000000 0.000000 1.065563 1.065563 1.065563
SM_Grass_Patch_04 135.453300 0.862457 87.963560 0.000000 0.000000 0.000000 0.938200 0.938200 0.938200
SM_Grass_Patch_04 134.043300 0.769120 88.301230 0.000000 0.000000 0.000000 1.091047 1.091047 1.091047
SM_Grass_Patch_04 134.314100 1.019044 86.919540 0.000000 0.000000 0.000000 1.048877 1.048877 1.048877
SM_Grass_Patch_04 134.097300 1.025453 83.756560 0.000000 0.000000 0.000000 0.909995 0.909995 0.909995
SM_Grass_Patch_04 135.230100 0.865480 85.255890 0.000000 0.000000 0.000000 0.994165 0.994165 0.994165
SM_Grass_Patch_04 132.149300 1.001302 85.300890 0.000000 0.000000 0.000000 0.952444 0.952444 0.952444
SM_Grass_Patch_04 137.068500 0.824518 85.651460 0.000000 0.000000 0.000000 0.958990 0.958990 0.958990
SM_Grass_Patch_04 138.253700 0.878960 85.198050 0.000000 0.000000 0.000000 0.939906 0.939906 0.939906
SM_Grass_Patch_04 136.791300 0.787402 84.567270 0.000000 0.000000 0.000000 0.948788 0.948788 0.948788
SM_Grass_Patch_04 135.917300 0.873672 83.034750 0.000000 0.000000 0.000000 1.035909 1.035909 1.035909
SM_Grass_Patch_04 135.470700 0.882595 86.420580 0.000000 0.000000 0.000000 1.062178 1.062178 1.062178
SM_Grass_Patch_04 131.668800 0.160956 89.290630 0.000000 0.000000 0.000000 1.082684 1.082684 1.082684
SM_Grass_Patch_04 126.843200 0.473671 90.283100 0.000000 0.000000 0.000000 0.976266 0.976266 0.976266
SM_Grass_Patch_04 127.960400 0.019289 94.134860 0.000000 0.000000 0.000000 0.927682 0.927682 0.927682
SM_Grass_Patch_04 125.648800 0.069071 93.569980 0.000000 0.000000 0.000000 1.040874 1.040874 1.040874
SM_Grass_Patch_04 128.270600 0.786747 88.752790 0.000000 0.000000 0.000000 0.921170 0.921170 0.921170
SM_Grass_Patch_04 132.961700 1.016964 86.282710 0.000000 0.000000 0.000000 0.979644 0.979644 0.979644
SM_Grass_Patch_04 131.279800 0.743611 84.332640 0.000000 0.000000 0.000000 1.037595 1.037595 1.037595
SM_Grass_Patch_04 132.210200 0.544166 87.828940 0.000000 0.000000 0.000000 1.091310 1.091310 1.091310
SM_Grass_Patch_04 132.525600 0.786722 83.323430 0.000000 0.000000 0.000000 0.905200 0.905200 0.905200
SM_Grass_Patch_04 133.674700 1.079747 85.064380 0.000000 0.000000 0.000000 1.064487 1.064487 1.064487
SM_Grass_Patch_04 129.231200 0.593754 85.822640 0.000000 0.000000 0.000000 1.021099 1.021099 1.021099
SM_Grass_Patch_04 126.490600 0.492658 87.249450 0.000000 0.000000 0.000000 1.032320 1.032320 1.032320
SM_Grass_Patch_04 124.050700 0.739881 88.883470 0.000000 0.000000 0.000000 0.920113 0.920113 0.920113
SM_Grass_Patch_04 125.398500 0.301220 87.872500 0.000000 0.000000 0.000000 1.064236 1.064236 1.064236
SM_Grass_Patch_04 128.481100 0.862989 87.541790 0.000000 0.000000 0.000000 1.020174 1.020174 1.020174
SM_Grass_Patch_04 130.079300 0.472018 88.696330 0.000000 0.000000 0.000000 0.906563 0.906563 0.906563
SM_Grass_Patch_04 128.939800 0.503112 84.300780 0.000000 0.000000 0.000000 1.032485 1.032485 1.032485
SM_Grass_Patch_04 126.408600 0.419657 85.686780 0.000000 0.000000 0.000000 1.084879 1.084879 1.084879
SM_Grass_Patch_04 126.999500 0.205267 91.523970 0.000000 0.000000 0.000000 1.004634 1.004634 1.004634
SM_Grass_Patch_04 124.283500 0.474154 87.563440 0.000000 0.000000 0.000000 1.090881 1.090881 1.090881
SM_Grass_Patch_04 121.920400 0.183300 88.839150 0.000000 0.000000 0.000000 0.952002 0.952002 0.952002
SM_Grass_Patch_04 122.841100 0.364783 89.543300 0.000000 0.000000 0.000000 0.961067 0.961067 0.961067
SM_Grass_Patch_04 127.516600 0.672492 86.458730 0.000000 0.000000 0.000000 0.966369 0.966369 0.966369
SM_Grass_Patch_04 127.652200 0.447930 84.729770 0.000000 0.000000 0.000000 0.928848 0.928848 0.928848
SM_Grass_Patch_04 123.788700 0.543788 90.067900 0.000000 0.000000 0.000000 1.001291 1.001291 1.001291
SM_Grass_Patch_04 120.358300 0.115118 90.354850 0.000000 0.000000 0.000000 1.002168 1.002168 1.002168
SM_Grass_Patch_04 118.687000 0.073354 90.656970 0.000000 0.000000 0.000000 0.911048 0.911048 0.911048
SM_Grass_Patch_04 125.256400 0.218321 91.162030 0.000000 0.000000 0.000000 0.957616 0.957616 0.957616
SM_Grass_Patch_04 117.379800 0.000000 90.825870 0.000000 0.000000 0.000000 0.973609 0.973609 0.973609
SM_Grass_Patch_04 131.423700 0.417831 82.077680 0.000000 0.000000 0.000000 1.020757 1.020757 1.020757
SM_Grass_Patch_04 130.108000 0.317126 81.972990 0.000000 0.000000 0.000000 1.005750 1.005750 1.005750
SM_Grass_Patch_04 132.594300 0.229284 80.393940 0.000000 0.000000 0.000000 0.970744 0.970744 0.970744
SM_Grass_Patch_04 133.820800 0.437956 81.763410 0.000000 0.000000 0.000000 1.087969 1.087969 1.087969
SM_Grass_Patch_04 130.812700 0.391910 83.020830 0.000000 0.000000 0.000000 1.033300 1.033300 1.033300
SM_Grass_Patch_04 135.141400 0.220053 81.250760 0.000000 0.000000 0.000000 1.000304 1.000304 1.000304
SM_Grass_Patch_04 137.184400 0.845557 82.530560 0.000000 0.000000 0.000000 0.921441 0.921441 0.921441
SM_Grass_Patch_04 134.241900 0.112369 79.419490 0.000000 0.000000 0.000000 0.982998 0.982998 0.982998
SM_Grass_Patch_04 138.058700 0.723412 80.489320 0.000000 0.000000 0.000000 0.941533 0.941533 0.941533
SM_Grass_Patch_04 139.634500 0.787402 79.757840 0.000000 0.000000 0.000000 1.080280 1.080280 1.080280
SM_Grass_Patch_04 139.989800 0.787402 78.642520 0.000000 0.000000 0.000000 1.000927 1.000927 1.000927
SM_Grass_Patch_04 138.664300 0.758791 78.433210 0.000000 0.000000 0.000000 1.048963 1.048963 1.048963
SM_Grass_Patch_04 141.261100 1.186001 76.639970 0.000000 0.000000 0.000000 1.001124 1.001124 1.001124
SM_Grass_Patch_04 140.591200 0.912023 77.619930 0.000000 0.000000 0.000000 0.930395 0.930395 0.930395
SM_Grass_Patch_04 137.598000 0.247545 76.973790 0.000000 0.000000 0.000000 0.996694 0.996694 0.996694
SM_Grass_Patch_04 137.315500 0.378348 79.679380 0.000000 0.000000 0.000000 0.942823 0.942823 0.942823
SM_Grass_Patch_04 139.593100 0.787402 81.272050 0.000000 0.000000 0.000000 0.984268 0.984268 0.984268
SM_Grass_Patch_04 136.049000 0.110773 80.163960 0.000000 0.000000 0.000000 1.044472 1.044472 1.044472
SM_Grass_Patch_04 136.972100 0.204631 78.562120 0.000000 0.000000 0.000000 1.021908 1.021908 1.021908
SM_Grass_Patch_04 136.439000 0.347849 81.223540 0.000000 0.000000 0.000000 1.002897 1.002897 1.002897
SM_Grass_Patch_04 138.510100 0.787402 81.732040 0.000000 0.000000 0.000000 0.923774 0.923774 0.923774
SM_Grass_Patch_04 128.667000 0.287062 83.001240 0.000000 0.000000 0.000000 0.940979 0.940979 0.940979
SM_Grass_Patch_04 138.441700 0.878960 83.169030 0.000000 0.000000 0.000000 0.903479 0.903479 0.903479
SM_Grass_Patch_04 138.543600 0.454375 76.492780 0.000000 0.000000 0.000000 0.904672 0.904672 0.904672
SM_Grass_Patch_04 135.594500 0.083998 79.215470 0.000000 0.000000 0.000000 0.961391 0.961391 0.961391
SM_Grass_Patch_04 139.536300 0.926206 77.148050 0.000000 0.000000 0.000000 1.094447 1.094447 1.094447
SM_Grass_Patch_04 139.623500 1.145241 74.315060 0.000000 0.000000 0.000000 0.977762 0.977762 0.977762
SM_Grass_Patch_04 139.526000 1.010700 75.563000 0.000000 0.000000 0.000000 0.982200 0.982200 0.982200
SM_Grass_Patch_04 137.506900 0.111484 75.802890 0.000000 0.000000 0.000000 1.029889 1.029889 1.029889
SM_Grass_Patch_04 135.668200 0.009340 77.965610 0.000000 0.000000 0.000000 1.025663 1.025663 1.025663
SM_Grass_Patch_04 138.497800 0.757844 79.488460 0.000000 0.000000 0.000000 1.046744 1.046744 1.046744
SM_Grass_Patch_04 138.268500 0.355600 74.311160 0.000000 0.000000 0.000000 1.040279 1.040279 1.040279
SM_Grass_Patch_04 134.540800 0.028573 78.287540 0.000000 0.000000 0.000000 0.993941 0.993941 0.993941
SM_Grass_Patch_04 135.091100 0.115508 76.812410 0.000000 0.000000 0.000000 1.047686 1.047686 1.047686
SM_Grass_Patch_04 138.786300 0.600977 73.054630 0.000000 0.000000 0.000000 0.990297 0.990297 0.990297
SM_Grass_Patch_04 142.078100 1.747453 74.434540 0.000000 0.000000 0.000000 1.040611 1.040611 1.040611
SM_Grass_Patch_04 140.714100 1.682587 74.230960 0.000000 0.000000 0.000000 1.075390 1.075390 1.075390
SM_Grass_Patch_04 141.285900 1.853686 73.113670 0.000000 0.000000 0.000000 0.976244 0.976244 0.976244
SM_Grass_Patch_04 140.070900 1.369151 72.656350 0.000000 0.000000 0.000000 0.968083 0.968083 0.968083
SM_Grass_Patch_04 132.969100 0.088768 79.351200 0.000000 0.000000 0.000000 1.097484 1.097484 1.097484
SM_Grass_Patch_04 135.422800 0.135004 75.508570 0.000000 0.000000 0.000000 0.945766 0.945766 0.945766
SM_Grass_Patch_04 136.987900 0.132944 74.493320 0.000000 0.000000 0.000000 0.933450 0.933450 0.933450
SM_Grass_Patch_04 136.332400 0.091558 76.777580 0.000000 0.000000 0.000000 0.909195 0.909195 0.909195
SM_Grass_Patch_04 132.666000 0.000000 77.875120 0.000000 0.000000 0.000000 1.047879 1.047879 1.047879
SM_Grass_Patch_04 135.002500 0.788502 82.503750 0.000000 0.000000 0.000000 0.915232 0.915232 0.915232
SM_Grass_Patch_04 131.510600 0.000000 78.497280 0.000000 0.000000 0.000000 1.047686 1.047686 1.047686
SM_Grass_Patch_04 130.223600 0.028313 79.471630 0.000000 0.000000 0.000000 0.972232 0.972232 0.972232
SM_Grass_Patch_04 134.058100 0.163560 80.590650 0.000000 0.000000 0.000000 0.967111 0.967111 0.967111
SM_Grass_Patch_04 141.909100 1.399284 75.679050 0.000000 0.000000 0.000000 0.908171 0.908171 0.908171
SM_Grass_Patch_04 139.729800 1.085907 71.106840 0.000000 0.000000 0.000000 0.961407 0.961407 0.961407
SM_Grass_Patch_04 142.694500 1.886101 73.408190 0.000000 0.000000 0.000000 1.090006 1.090006 1.090006
SM_Grass_Patch_04 138.305000 0.496228 71.414540 0.000000 0.000000 0.000000 1.077459 1.077459 1.077459
SM_Grass_Patch_04 142.173700 1.886101 71.484230 0.000000 0.000000 0.000000 0.921150 0.921150 0.921150
SM_Grass_Patch_04 141.868500 1.886101 69.660120 0.000000 0.000000 0.000000 0.927200 0.927200 0.927200
SM_Grass_Patch_04 138.922900 0.790618 70.145400 0.000000 0.000000 0.000000 0.967666 0.967666 0.967666
SM_Grass_Patch_04 137.551400 0.221798 73.192730 0.000000 0.000000 0.000000 1.001916 1.001916 1.001916
SM_Grass_Patch_04 134.050800 0.086460 75.688550 0.000000 0.000000 0.000000 0.903405 0.903405 0.903405
SM_Grass_Patch_04 140.301800 1.393991 69.766110 0.000000 0.000000 0.000000 1.023181 1.023181 1.023181
SM_Grass_Patch_04 143.307100 1.886101 70.432560 0.000000 0.000000 0.000000 0.957163 0.957163 0.957163
SM_Grass_Patch_04 140.442400 1.540842 67.651050 0.000000 0.000000 0.000000 1.038509 1.038509 1.038509
SM_Grass_Patch_04 140.923700 1.772081 70.650570 0.000000 0.000000 0.000000 1.013652 1.013652 1.013652
SM_Grass_Patch_04 81.829190 1.281816 85.555660 0.000000 0.000000 0.000000 0.903774 0.903774 0.903774
SM_Grass_Patch_04 82.009630 1.197008 86.890670 0.000000 0.000000 0.000000 0.980122 0.980122 0.980122
SM_Grass_Patch_04 80.075380 0.169530 88.883350 0.000000 0.000000 0.000000 0.953001 0.953001 0.953001
SM_Grass_Patch_04 81.172060 0.371683 88.670410 0.000000 0.000000 0.000000 0.942303 0.942303 0.942303
SM_Grass_Patch_04 81.859710 0.072351 89.775960 0.000000 0.000000 0.000000 1.025815 1.025815 1.025815
SM_Grass_Patch_04 83.589890 0.300895 88.910770 0.000000 0.000000 0.000000 1.042590 1.042590 1.042590
SM_Grass_Patch_04 80.698740 0.129210 89.829330 0.000000 0.000000 0.000000 1.093337 1.093337 1.093337
SM_Grass_Patch_04 84.325610 0.607187 90.629010 0.000000 0.000000 0.000000 0.992159 0.992159 0.992159
SM_Grass_Patch_04 80.460750 1.012489 87.329570 0.000000 0.000000 0.000000 0.961818 0.961818 0.961818
SM_Grass_Patch_04 82.317460 0.000000 91.221240 0.000000 0.000000 0.000000 0.963049 0.963049 0.963049
SM_Grass_Patch_04 85.207030 0.181004 89.240550 0.000000 0.000000 0.000000 1.047364 1.047364 1.047364
SM_Grass_Patch_04 83.582230 0.079935 91.459350 0.000000 0.000000 0.000000 0.979644 0.979644 0.979644
SM_Grass_Patch_04 82.531710 0.393286 88.563610 0.000000 0.000000 0.000000 0.953488 0.953488 0.953488
SM_Grass_Patch_04 87.070320 1.103993 90.476070 0.000000 0.000000 0.000000 1.044505 1.044505 1.044505
SM_Grass_Patch_04 82.989030 0.031831 90.190160 0.000000 0.000000 0.000000 0.900668 0.900668 0.900668
SM_Grass_Patch_04 85.593770 0.365555 91.382130 0.000000 0.000000 0.000000 0.970511 0.970511 0.970511
SM_Grass_Patch_04 85.399700 0.139506 92.929500 0.000000 0.000000 0.000000 0.914792 0.914792 0.914792
SM_Grass_Patch_04 84.598330 0.139394 91.949810 0.000000 0.000000 0.000000 1.064418 1.064418 1.064418
SM_Grass_Patch_04 87.189940 0.200219 91.791800 0.000000 0.000000 0.000000 1.069438 1.069438 1.069438
SM_Grass_Patch_04 82.852020 0.000000 92.558820 0.000000 0.000000 0.000000 1.063145 1.063145 1.063145
SM_Grass_Patch_04 85.694240 0.968674 90.305790 0.000000 0.000000 0.000000 0.989837 0.989837 0.989837
SM_Grass_Patch_04 89.949420 1.110554 90.493530 0.000000 0.000000 0.000000 0.978540 0.978540 0.978540
SM_Grass_Patch_04 89.364290 0.933901 92.715550 0.000000 0.000000 0.000000 1.073020 1.073020 1.073020
SM_Grass_Patch_04 92.157940 1.047191 90.652850 0.000000 0.000000 0.000000 0.939190 0.939190 0.939190
SM_Grass_Patch_04 88.382800 0.721406 91.512310 0.000000 0.000000 0.000000 1.023497 1.023497 1.023497
SM_Grass_Patch_04 92.054890 1.159380 89.582110 0.000000 0.000000 0.000000 1.045228 1.045228 1.045228
SM_Grass_Patch_04 88.239840 1.392330 89.717060 0.000000 0.000000 0.000000 0.912841 0.912841 0.912841
SM_Grass_Patch_04 91.301320 0.233923 93.529520 0.000000 0.000000 0.000000 1.069436 1.069436 1.069436
SM_Grass_Patch_04 93.120580 0.822792 92.512730 0.000000 0.000000 0.000000 0.906971 0.906971 0.906971
SM_Grass_Patch_04 93.678350 1.035092 91.157150 0.000000 0.000000 0.000000 1.058402 1.058402 1.058402
SM_Grass_Patch_04 90.274990 1.108220 91.673350 0.000000 0.000000 0.000000 0.997073 0.997073 0.997073
SM_Grass_Patch_04 91.558760 0.977756 92.285730 0.000000 0.000000 0.000000 0.948888 0.948888 0.948888
SM_Grass_Patch_04 89.877810 0.441261 93.847080 0.000000 0.000000 0.000000 0.989928 0.989928 0.989928
SM_Grass_Patch_04 91.416890 0.513974 88.544820 0.000000 0.000000 0.000000 1.055237 1.055237 1.055237
SM_Grass_Patch_04 87.039170 0.146493 93.451070 0.000000 0.000000 0.000000 1.048157 1.048157 1.048157
SM_Grass_Patch_04 90.092190 0.448179 95.196550 0.000000 0.000000 0.000000 1.058988 1.058988 1.058988
SM_Grass_Patch_04 93.022320 0.376915 93.613530 0.000000 0.000000 0.000000 0.953895 0.953895 0.953895
SM_Grass_Patch_04 92.513340 0.127400 95.624440 0.000000 0.000000 0.000000 0.989211 0.989211 0.989211
SM_Grass_Patch_04 94.950830 0.789849 91.380400 0.000000 0.000000 0.000000 0.940934 0.940934 0.940934
SM_Grass_Patch_04 93.413220 0.042116 94.746510 0.000000 0.000000 0.000000 1.021010 1.021010 1.021010
SM_Grass_Patch_04 93.093410 1.157581 90.138370 0.000000 0.000000 0.000000 0.997777 0.997777 0.997777
SM_Grass_Patch_04 87.933270 0.324500 92.893290 0.000000 0.000000 0.000000 0.922151 0.922151 0.922151
SM_Grass_Patch_04 90.458510 0.776000 92.823380 0.000000 0.000000 0.000000 1.079981 1.079981 1.079981
SM_Grass_Patch_04 91.446230 0.363185 95.037220 0.000000 0.000000 0.000000 0.972743 0.972743 0.972743
SM_Grass_Patch_04 94.511990 0.643024 92.376640 0.000000 0.000000 0.000000 0.960205 0.960205 0.960205
SM_Grass_Patch_04 94.757580 0.058337 94.419210 0.000000 0.000000 0.000000 1.060344 1.060344 1.060344
SM_Grass_Patch_04 95.589480 0.292607 92.258420 0.000000 0.000000 0.000000 0.978471 0.978471 0.978471
SM_Grass_Patch_04 95.119480 0.000000 95.846950 0.000000 0.000000 0.000000 0.932452 0.932452 0.932452
SM_Grass_Patch_04 93.646740 0.010267 95.878040 0.000000 0.000000 0.000000 1.037254 1.037254 1.037254
SM_Grass_Patch_04 95.850910 0.020748 93.343190 0.000000 0.000000 0.000000 0.945256 0.945256 0.945256
SM_Grass_Patch_04 96.318290 0.012005 94.919530 0.000000 0.000000 0.000000 0.959677 0.959677 0.959677
SM_Grass_Patch_04 92.141560 0.171514 96.730420 0.000000 0.000000 0.000000 1.029867 1.029867 1.029867
SM_Grass_Patch_04 97.187840 0.210736 92.343330 0.000000 0.000000 0.000000 0.952464 0.952464 0.952464
SM_Grass_Patch_04 96.365500 0.979386 90.899670 0.000000 0.000000 0.000000 1.081282 1.081282 1.081282
SM_Grass_Patch_04 94.203030 1.033394 90.190200 0.000000 0.000000 0.000000 1.027635 1.027635 1.027635
SM_Grass_Patch_04 97.425660 0.054935 94.014310 0.000000 0.000000 0.000000 0.954661 0.954661 0.954661
SM_Grass_Patch_04 96.096650 1.032501 89.654420 0.000000 0.000000 0.000000 0.979034 0.979034 0.979034
SM_Grass_Patch_04 97.949710 0.917322 90.472950 0.000000 0.000000 0.000000 1.072948 1.072948 1.072948
SM_Grass_Patch_04 97.537510 0.711957 88.872270 0.000000 0.000000 0.000000 1.000957 1.000957 1.000957
SM_Grass_Patch_04 94.416390 1.185408 89.134160 0.000000 0.000000 0.000000 0.922349 0.922349 0.922349
SM_Grass_Patch_04 98.795920 0.538519 89.017730 0.000000 0.000000 0.000000 0.966060 0.966060 0.966060
SM_Grass_Patch_04 98.646820 0.436491 91.379810 0.000000 0.000000 0.000000 1.080680 1.080680 1.080680
SM_Grass_Patch_04 95.573650 1.193586 88.418570 0.000000 0.000000 0.000000 0.951622 0.951622 0.951622
SM_Grass_Patch_04 98.627230 0.054935 93.291110 0.000000 0.000000 0.000000 0.917288 0.917288 0.917288
SM_Grass_Patch_04 100.046800 0.146228 91.205510 0.000000 0.000000 0.000000 1.060557 1.060557 1.060557
SM_Grass_Patch_04 100.332000 0.080418 90.180920 0.000000 0.000000 0.000000 1.028632 1.028632 1.028632
SM_Grass_Patch_04 96.883760 1.164456 87.519260 0.000000 0.000000 0.000000 0.952397 0.952397 0.952397
SM_Grass_Patch_04 99.472770 0.746822 87.595000 0.000000 0.000000 0.000000 0.947726 0.947726 0.947726
SM_Grass_Patch_04 98.188710 0.779746 87.630650 0.000000 0.000000 0.000000 0.903471 0.903471 0.903471
SM_Grass_Patch_04 99.886660 0.174829 89.145650 0.000000 0.000000 0.000000 1.083606 1.083606 1.083606
SM_Grass_Patch_04 100.906800 0.724440 87.339900 0.000000 0.000000 0.000000 0.950202 0.950202 0.950202
SM_Grass_Patch_04 99.860750 1.157086 86.186560 0.000000 0.000000 0.000000 0.965159 0.965159 0.965159
SM_Grass_Patch_04 101.412200 0.023068 88.651580 0.000000 0.000000 0.000000 1.080070 1.080070 1.080070
SM_Grass_Patch_04 98.022040 1.227094 85.940490 0.000000 0.000000 0.000000 0.984973 0.984973 0.984973
SM_Grass_Patch_04 101.522400 1.013822 85.868740 0.000000 0.000000 0.000000 0.987855 0.987855 0.987855
SM_Grass_Patch_04 101.793300 0.000000 89.790120 0.000000 0.000000 0.000000 0.960653 0.960653 0.960653
SM_Grass_Patch_04 102.374100 0.495457 86.923640 0.000000 0.000000 0.000000 0.913557 0.913557 0.913557
SM_Grass_Patch_04 103.602300 0.000000 87.600040 0.000000 0.000000 0.000000 0.934810 0.934810 0.934810
SM_Grass_Patch_04 103.212000 0.000000 88.598780 0.000000 0.000000 0.000000 1.083285 1.083285 1.083285
SM_Grass_Patch_04 102.941300 0.362715 85.352870 0.000000 0.000000 0.000000 0.924279 0.924279 0.924279
SM_Grass_Patch_04 99.102130 1.245193 85.269250 0.000000 0.000000 0.000000 1.071008 1.071008 1.071008
SM_Grass_Patch_04 100.484200 1.245193 84.491960 0.000000 0.000000 0.000000 1.021325 1.021325 1.021325
SM_Grass_Patch_04 104.750400 0.000000 88.483060 0.000000 0.000000 0.000000 0.904460 0.904460 0.904460
SM_Grass_Patch_04 105.250600 0.000000 86.260390 0.000000 0.000000 0.000000 1.067787 1.067787 1.067787
SM_Grass_Patch_04 102.307800 0.081597 88.039720 0.000000 0.000000 0.000000 0.911366 0.911366 0.911366
SM_Grass_Patch_04 105.915300 0.000000 87.723930 0.000000 0.000000 0.000000 1.017893 1.017893 1.017893
SM_Grass_Patch_04 104.463200 0.000000 89.677960 0.000000 0.000000 0.000000 1.093459 1.093459 1.093459
SM_Grass_Patch_04 103.059300 0.000000 90.119060 0.000000 0.000000 0.000000 0.906687 0.906687 0.906687
SM_Grass_Patch_04 101.574800 0.003900 91.016400 0.000000 0.000000 0.000000 0.917429 0.917429 0.917429
SM_Grass_Patch_04 104.653700 0.000000 87.262960 0.000000 0.000000 0.000000 0.997766 0.997766 0.997766
SM_Grass_Patch_04 103.051300 0.000000 91.585110 0.000000 0.000000 0.000000 1.009894 1.009894 1.009894
SM_Grass_Patch_04 99.011530 0.752982 90.309140 0.000000 0.000000 0.000000 1.085626 1.085626 1.085626
SM_Grass_Patch_04 100.140100 0.084253 92.426610 0.000000 0.000000 0.000000 1.030847 1.030847 1.030847
SM_Grass_Patch_04 104.479000 0.000000 85.088170 0.000000 0.000000 0.000000 0.930944 0.930944 0.930944
SM_Grass_Patch_04 107.822100 0.000000 87.691730 0.000000 0.000000 0.000000 0.967794 0.967794 0.967794
SM_Grass_Patch_04 108.739800 0.000000 85.426340 0.000000 0.000000 0.000000 1.078323 1.078323 1.078323
SM_Grass_Patch_04 105.840100 0.000000 84.884520 0.000000 0.000000 0.000000 0.992133 0.992133 0.992133
SM_Grass_Patch_04 107.459100 0.000000 85.927570 0.000000 0.000000 0.000000 0.981600 0.981600 0.981600
SM_Grass_Patch_04 109.492300 0.197330 84.457810 0.000000 0.000000 0.000000 0.925365 0.925365 0.925365
SM_Grass_Patch_04 110.549400 0.183258 84.309370 0.000000 0.000000 0.000000 1.005597 1.005597 1.005597
SM_Grass_Patch_04 109.279000 0.000000 87.797230 0.000000 0.000000 0.000000 0.928405 0.928405 0.928405
SM_Grass_Patch_04 110.072900 0.588405 82.615720 0.000000 0.000000 0.000000 0.936242 0.936242 0.936242
SM_Grass_Patch_04 111.693600 0.000000 85.269360 0.000000 0.000000 0.000000 0.902539 0.902539 0.902539
SM_Grass_Patch_04 108.203600 0.677532 83.784700 0.000000 0.000000 0.000000 1.042587 1.042587 1.042587
SM_Grass_Patch_04 108.918600 0.677532 81.967350 0.000000 0.000000 0.000000 1.079134 1.079134 1.079134
SM_Grass_Patch_04 109.059500 0.000000 86.427420 0.000000 0.000000 0.000000 0.999988 0.999988 0.999988
SM_Grass_Patch_04 111.138000 0.381219 83.239750 0.000000 0.000000 0.000000 0.901772 0.901772 0.901772
SM_Grass_Patch_04 109.922200 0.619476 81.432430 0.000000 0.000000 0.000000 0.914866 0.914866 0.914866
SM_Grass_Patch_04 112.140400 0.083970 84.188250 0.000000 0.000000 0.000000 0.959620 0.959620 0.959620
SM_Grass_Patch_04 106.763900 0.090129 83.473880 0.000000 0.000000 0.000000 1.025723 1.025723 1.025723
SM_Grass_Patch_04 107.820600 0.731179 81.722410 0.000000 0.000000 0.000000 1.075225 1.075225 1.075225
SM_Grass_Patch_04 103.628900 0.783750 84.308630 0.000000 0.000000 0.000000 1.021267 1.021267 1.021267
SM_Grass_Patch_04 103.869500 0.000000 86.533360 0.000000 0.000000 0.000000 0.941435 0.941435 0.941435
SM_Grass_Patch_04 102.428400 1.245193 84.413250 0.000000 0.000000 0.000000 0.907826 0.907826 0.907826
SM_Grass_Patch_04 105.269900 0.045962 83.706730 0.000000 0.000000 0.000000 0.952158 0.952158 0.952158
SM_Grass_Patch_04 105.964600 0.000000 90.916600 0.000000 0.000000 0.000000 0.981685 0.981685 0.981685
SM_Grass_Patch_04 107.259500 0.000000 89.372110 0.000000 0.000000 0.000000 0.932506 0.932506 0.932506
SM_Grass_Patch_04 104.576300 0.000000 90.942680 0.000000 0.000000 0.000000 1.066606 1.066606 1.066606
SM_Grass_Patch_04 107.339500 0.000000 91.253170 0.000000 0.000000 0.000000 0.964853 0.964853 0.964853
SM_Grass_Patch_04 106.750700 0.000000 86.802790 0.000000 0.000000 0.000000 0.993674 0.993674 0.993674
SM_Grass_Patch_04 106.786800 0.000000 88.395540 0.000000 0.000000 0.000000 1.074542 1.074542 1.074542
SM_Grass_Patch_04 103.802400 1.245193 82.972000 0.000000 0.000000 0.000000 1.038218 1.038218 1.038218
SM_Grass_Patch_04 104.994700 1.245193 81.907890 0.000000 0.000000 0.000000 1.071372 1.071372 1.071372
SM_Grass_Patch_04 106.985400 0.000000 84.570960 0.000000 0.000000 0.000000 0.947883 0.947883 0.947883
SM_Grass_Patch_04 106.195900 0.880522 82.316550 0.000000 0.000000 0.000000 1.062033 1.062033 1.062033
SM_Grass_Patch_04 106.937600 1.245193 80.179750 0.000000 0.000000 0.000000 1.090894 1.090894 1.090894
SM_Grass_Patch_04 111.818600 0.604992 79.575860 0.000000 0.000000 0.000000 0.912517 0.912517 0.912517
SM_Grass_Patch_04 109.791300 0.959506 80.250210 0.000000 0.000000 0.000000 0.959240 0.959240 0.959240
SM_Grass_Patch_04 111.555800 0.387112 81.159260 0.000000 0.000000 0.000000 1.065678 1.065678 1.065678
SM_Grass_Patch_04 111.950100 1.156231 78.398590 0.000000 0.000000 0.000000 0.978211 0.978211 0.978211
SM_Grass_Patch_04 113.016700 0.508907 79.752690 0.000000 0.000000 0.000000 0.947087 0.947087 0.947087
SM_Grass_Patch_04 110.893400 1.245193 77.900020 0.000000 0.000000 0.000000 1.028438 1.028438 1.028438
SM_Grass_Patch_04 107.767000 1.245193 79.420010 0.000000 0.000000 0.000000 0.932046 0.932046 0.932046
SM_Grass_Patch_04 102.442800 1.245193 83.180010 0.000000 0.000000 0.000000 0.950854 0.950854 0.950854
SM_Grass_Patch_04 110.827100 0.778866 79.999450 0.000000 0.000000 0.000000 0.920382 0.920382 0.920382
SM_Grass_Patch_04 115.075500 0.403855 80.054980 0.000000 0.000000 0.000000 0.976522 0.976522 0.976522
SM_Grass_Patch_04 115.309300 1.153635 77.206770 0.000000 0.000000 0.000000 0.911315 0.911315 0.911315
SM_Grass_Patch_04 116.678800 0.476103 79.019120 0.000000 0.000000 0.000000 0.995787 0.995787 0.995787
SM_Grass_Patch_04 114.452100 0.604923 78.826540 0.000000 0.000000 0.000000 0.970431 0.970431 0.970431
SM_Grass_Patch_04 117.229600 0.297822 80.179740 0.000000 0.000000 0.000000 0.961161 0.961161 0.961161
SM_Grass_Patch_04 114.310400 1.233292 77.567700 0.000000 0.000000 0.000000 0.912564 0.912564 0.912564
SM_Grass_Patch_04 117.793800 0.293478 78.424210 0.000000 0.000000 0.000000 1.011824 1.011824 1.011824
SM_Grass_Patch_04 117.388000 0.362894 77.263280 0.000000 0.000000 0.000000 1.003008 1.003008 1.003008
SM_Grass_Patch_04 113.087700 1.245193 77.769520 0.000000 0.000000 0.000000 0.972490 0.972490 0.972490
SM_Grass_Patch_04 115.172000 1.245193 75.455020 0.000000 0.000000 0.000000 0.962491 0.962491 0.962491
SM_Grass_Patch_04 116.139800 0.129349 80.705560 0.000000 0.000000 0.000000 1.056705 1.056705 1.056705
SM_Grass_Patch_04 114.644400 1.245193 76.364910 0.000000 0.000000 0.000000 1.021631 1.021631 1.021631
SM_Grass_Patch_04 112.969700 0.437234 80.897860 0.000000 0.000000 0.000000 0.943476 0.943476 0.943476
SM_Grass_Patch_04 109.911600 1.172007 78.645490 0.000000 0.000000 0.000000 1.081170 1.081170 1.081170
SM_Grass_Patch_04 108.454900 0.902178 80.664830 0.000000 0.000000 0.000000 1.073376 1.073376 1.073376
SM_Grass_Patch_04 111.620000 0.347922 82.253920 0.000000 0.000000 0.000000 0.933610 0.933610 0.933610
SM_Grass_Patch_04 112.794600 0.403375 82.160510 0.000000 0.000000 0.000000 1.029570 1.029570 1.029570
SM_Grass_Patch_04 114.467200 0.116251 81.259640 0.000000 0.000000 0.000000 1.088724 1.088724 1.088724
SM_Grass_Patch_04 115.134800 0.091558 83.633320 0.000000 0.000000 0.000000 0.904276 0.904276 0.904276
SM_Grass_Patch_04 113.521300 0.247615 83.344570 0.000000 0.000000 0.000000 1.023310 1.023310 1.023310
SM_Grass_Patch_04 116.211700 0.076979 82.731140 0.000000 0.000000 0.000000 0.956226 0.956226 0.956226
SM_Grass_Patch_04 115.499900 0.054935 81.593470 0.000000 0.000000 0.000000 0.951207 0.951207 0.951207
SM_Grass_Patch_04 116.797900 0.091558 83.814360 0.000000 0.000000 0.000000 0.956992 0.956992 0.956992
SM_Grass_Patch_04 117.491100 0.088136 82.484100 0.000000 0.000000 0.000000 1.020348 1.020348 1.020348
SM_Grass_Patch_04 114.217800 0.128405 82.326040 0.000000 0.000000 0.000000 1.044440 1.044440 1.044440
SM_Grass_Patch_04 112.267800 0.347922 83.083230 0.000000 0.000000 0.000000 0.954659 0.954659 0.954659
SM_Grass_Patch_04 108.244000 1.117012 72.684140 0.000000 0.000000 0.000000 0.950483 0.950483 0.950483
SM_Grass_Patch_04 119.538500 1.859354 63.513570 0.000000 0.000000 0.000000 0.900965 0.900965 0.900965
SM_Grass_Patch_04 118.650500 1.886101 62.090240 0.000000 0.000000 0.000000 1.039889 1.039889 1.039889
SM_Grass_Patch_04 116.934600 1.886101 62.309780 0.000000 0.000000 0.000000 1.065932 1.065932 1.065932
SM_Grass_Patch_04 121.577200 1.886101 60.289660 0.000000 0.000000 0.000000 1.091306 1.091306 1.091306
SM_Grass_Patch_04 119.970700 1.886101 60.564650 0.000000 0.000000 0.000000 1.073077 1.073077 1.073077
SM_Grass_Patch_04 120.175300 1.886101 59.381030 0.000000 0.000000 0.000000 1.009843 1.009843 1.009843
SM_Grass_Patch_04 120.004800 1.886101 62.043670 0.000000 0.000000 0.000000 1.035277 1.035277 1.035277
SM_Grass_Patch_04 117.884800 1.886101 60.989430 0.000000 0.000000 0.000000 0.991498 0.991498 0.991498
SM_Grass_Patch_04 122.267100 1.886101 58.530400 0.000000 0.000000 0.000000 1.001070 1.001070 1.001070
SM_Grass_Patch_04 119.009600 1.886101 58.699290 0.000000 0.000000 0.000000 1.051630 1.051630 1.051630
SM_Grass_Patch_04 119.421900 1.886101 57.372020 0.000000 0.000000 0.000000 1.013039 1.013039 1.013039
SM_Grass_Patch_04 121.512000 1.886101 56.647270 0.000000 0.000000 0.000000 1.048262 1.048262 1.048262
SM_Grass_Patch_04 119.002600 1.886101 54.985080 0.000000 0.000000 0.000000 0.965447 0.965447 0.965447
SM_Grass_Patch_04 120.703700 1.886101 57.605140 0.000000 0.000000 0.000000 0.998795 0.998795 0.998795
SM_Grass_Patch_04 120.995000 1.886101 54.111320 0.000000 0.000000 0.000000 1.018258 1.018258 1.018258
SM_Grass_Patch_04 122.351200 1.886101 55.243500 0.000000 0.000000 0.000000 1.015776 1.015776 1.015776
SM_Grass_Patch_04 122.710800 1.864456 53.932320 0.000000 0.000000 0.000000 0.964731 0.964731 0.964731
SM_Grass_Patch_04 119.249100 1.886101 53.575150 0.000000 0.000000 0.000000 1.071856 1.071856 1.071856
SM_Grass_Patch_04 121.121600 1.886101 55.643050 0.000000 0.000000 0.000000 1.053852 1.053852 1.053852
SM_Grass_Patch_04 122.283400 1.752301 51.596430 0.000000 0.000000 0.000000 1.065991 1.065991 1.065991
SM_Grass_Patch_04 125.030300 1.452924 51.894330 0.000000 0.000000 0.000000 0.998716 0.998716 0.998716
SM_Grass_Patch_04 120.892200 1.886101 51.945260 0.000000 0.000000 0.000000 1.057914 1.057914 1.057914
SM_Grass_Patch_04 123.003900 1.649089 52.614180 0.000000 0.000000 0.000000 1.089510 1.089510 1.089510
SM_Grass_Patch_04 123.157300 1.585546 50.414920 0.000000 0.000000 0.000000 1.026995 1.026995 1.026995
SM_Grass_Patch_04 125.676700 1.034673 50.140990 0.000000 0.000000 0.000000 0.949641 0.949641 0.949641
SM_Grass_Patch_04 126.472800 1.163506 48.307090 0.000000 0.000000 0.000000 1.030329 1.030329 1.030329
SM_Grass_Patch_04 122.687500 1.429078 48.112100 0.000000 0.000000 0.000000 1.002030 1.002030 1.002030
SM_Grass_Patch_04 125.790900 1.413672 47.232800 0.000000 0.000000 0.000000 0.906249 0.906249 0.906249
SM_Grass_Patch_04 124.800900 1.710189 46.513900 0.000000 0.000000 0.000000 1.036128 1.036128 1.036128
SM_Grass_Patch_04 124.617300 1.568360 49.160150 0.000000 0.000000 0.000000 0.916393 0.916393 0.916393
SM_Grass_Patch_04 124.676600 1.743560 48.090140 0.000000 0.000000 0.000000 0.943918 0.943918 0.943918
SM_Grass_Patch_04 121.981000 1.575678 46.103700 0.000000 0.000000 0.000000 0.977968 0.977968 0.977968
SM_Grass_Patch_04 120.249100 1.867073 49.548550 0.000000 0.000000 0.000000 1.073394 1.073394 1.073394
SM_Grass_Patch_04 120.901700 1.682891 47.501310 0.000000 0.000000 0.000000 1.019239 1.019239 1.019239
SM_Grass_Patch_04 121.381100 1.434202 48.569900 0.000000 0.000000 0.000000 1.021662 1.021662 1.021662
SM_Grass_Patch_04 118.924900 1.739108 50.564650 0.000000 0.000000 0.000000 1.029491 1.029491 1.029491
SM_Grass_Patch_04 120.264400 1.902273 50.925900 0.000000 0.000000 0.000000 1.003109 1.003109 1.003109
SM_Grass_Patch_04 119.715900 1.957687 47.801200 0.000000 0.000000 0.000000 1.016888 1.016888 1.016888
SM_Grass_Patch_04 108.783700 0.952638 55.417280 0.000000 0.000000 0.000000 1.008234 1.008234 1.008234
SM_Grass_Patch_04 119.842800 2.052509 40.650480 0.000000 0.000000 0.000000 0.941045 0.941045 0.941045
SM_Grass_Patch_04 119.564900 2.186275 39.554550 0.000000 0.000000 0.000000 1.085158 1.085158 1.085158
SM_Grass_Patch_04 120.865000 2.169273 39.188460 0.000000 0.000000 0.000000 1.042876 1.042876 1.042876
SM_Grass_Patch_04 119.936800 2.201305 37.693040 0.000000 0.000000 0.000000 1.057748 1.057748 1.057748
SM_Grass_Patch_04 110.090200 0.000000 38.048060 0.000000 0.000000 0.000000 0.942150 0.942150 0.942150
SM_Grass_Patch_04 109.255100 0.000000 39.135140 0.000000 0.000000 0.000000 0.943014 0.943014 0.943014
SM_Grass_Patch_04 119.737400 2.061423 44.677540 0.000000 0.000000 0.000000 0.912599 0.912599 0.912599
SM_Grass_Patch_04 119.609900 1.995971 43.485490 0.000000 0.000000 0.000000 1.028810 1.028810 1.028810
SM_Grass_Patch_04 121.854400 2.158937 44.153630 0.000000 0.000000 0.000000 0.941043 0.941043 0.941043
SM_Grass_Patch_04 119.806200 2.025323 46.587010 0.000000 0.000000 0.000000 0.985448 0.985448 0.985448
SM_Grass_Patch_04 120.798000 2.179088 43.974400 0.000000 0.000000 0.000000 1.008193 1.008193 1.008193
SM_Grass_Patch_04 123.036100 1.584644 45.482670 0.000000 0.000000 0.000000 1.067649 1.067649 1.067649
SM_Grass_Patch_04 124.503100 1.962576 44.886650 0.000000 0.000000 0.000000 0.940020 0.940020 0.940020
SM_Grass_Patch_04 127.142100 1.748403 44.782940 0.000000 0.000000 0.000000 0.993258 0.993258 0.993258
SM_Grass_Patch_04 122.558700 2.344485 43.329960 0.000000 0.000000 0.000000 1.085473 1.085473 1.085473
SM_Grass_Patch_04 124.069000 2.438100 43.086280 0.000000 0.000000 0.000000 1.044573 1.044573 1.044573
SM_Grass_Patch_04 123.671300 1.774774 47.164880 0.000000 0.000000 0.000000 1.000032 1.000032 1.000032
SM_Grass_Patch_04 121.345300 1.732969 50.663640 0.000000 0.000000 0.000000 1.045081 1.045081 1.045081
SM_Grass_Patch_04 123.952300 1.774767 55.189850 0.000000 0.000000 0.000000 0.981224 0.981224 0.981224
SM_Grass_Patch_04 123.056900 1.873532 56.592410 0.000000 0.000000 0.000000 0.970108 0.970108 0.970108
SM_Grass_Patch_04 124.700800 1.951301 56.372060 0.000000 0.000000 0.000000 1.041983 1.041983 1.041983
SM_Grass_Patch_04 125.778300 1.991293 54.713970 0.000000 0.000000 0.000000 0.925355 0.925355 0.925355
SM_Grass_Patch_04 127.303400 1.327571 52.019390 0.000000 0.000000 0.000000 1.016016 1.016016 1.016016
SM_Grass_Patch_04 128.157400 1.668240 53.815190 0.000000 0.000000 0.000000 0.926760 0.926760 0.926760
SM_Grass_Patch_04 126.110800 1.192460 51.195720 0.000000 0.000000 0.000000 0.977874 0.977874 0.977874
SM_Grass_Patch_04 128.367200 1.564265 50.565860 0.000000 0.000000 0.000000 1.033267 1.033267 1.033267
SM_Grass_Patch_04 125.052900 1.631985 53.629620 0.000000 0.000000 0.000000 0.908842 0.908842 0.908842
SM_Grass_Patch_04 129.572700 1.793904 51.481650 0.000000 0.000000 0.000000 1.098641 1.098641 1.098641
SM_Grass_Patch_04 128.013200 1.754801 55.193110 0.000000 0.000000 0.000000 1.007077 1.007077 1.007077
SM_Grass_Patch_04 128.161900 2.188128 56.522940 0.000000 0.000000 0.000000 0.955755 0.955755 0.955755
SM_Grass_Patch_04 126.340700 1.925095 58.469960 0.000000 0.000000 0.000000 0.969189 0.969189 0.969189
SM_Grass_Patch_04 124.411700 2.034369 58.085120 0.000000 0.000000 0.000000 1.024413 1.024413 1.024413
SM_Grass_Patch_04 125.818200 2.146796 56.171310 0.000000 0.000000 0.000000 0.956528 0.956528 0.956528
SM_Grass_Patch_04 123.164500 1.888417 59.576980 0.000000 0.000000 0.000000 0.940570 0.940570 0.940570
SM_Grass_Patch_04 123.296600 1.886101 57.994220 0.000000 0.000000 0.000000 0.918323 0.918323 0.918323
SM_Grass_Patch_04 120.904100 1.886101 61.454140 0.000000 0.000000 0.000000 0.990862 0.990862 0.990862
SM_Grass_Patch_04 126.119400 1.757511 53.715600 0.000000 0.000000 0.000000 1.034306 1.034306 1.034306
SM_Grass_Patch_04 129.919800 1.894877 52.489370 0.000000 0.000000 0.000000 0.941914 0.941914 0.941914
SM_Grass_Patch_04 129.612400 2.023794 53.681130 0.000000 0.000000 0.000000 1.032046 1.032046 1.032046
SM_Grass_Patch_04 126.956700 2.076975 55.563150 0.000000 0.000000 0.000000 0.999078 0.999078 0.999078
SM_Grass_Patch_04 129.385700 1.900466 55.706710 0.000000 0.000000 0.000000 1.076019 1.076019 1.076019
SM_Grass_Patch_04 127.734400 2.011498 57.677210 0.000000 0.000000 0.000000 1.061576 1.061576 1.061576
SM_Grass_Patch_04 125.129300 1.879132 62.931440 0.000000 0.000000 0.000000 1.082197 1.082197 1.082197
SM_Grass_Patch_04 127.334200 2.115979 60.504570 0.000000 0.000000 0.000000 0.938760 0.938760 0.938760
SM_Grass_Patch_04 127.824400 1.821172 58.868060 0.000000 0.000000 0.000000 0.906630 0.906630 0.906630
SM_Grass_Patch_04 130.169300 2.219389 57.069930 0.000000 0.000000 0.000000 0.975723 0.975723 0.975723
SM_Grass_Patch_04 125.929900 1.976826 60.014230 0.000000 0.000000 0.000000 0.982944 0.982944 0.982944
SM_Grass_Patch_04 125.082400 0.134988 65.361590 0.000000 0.000000 0.000000 1.096122 1.096122 1.096122
SM_Grass_Patch_04 123.434000 0.311907 65.274120 0.000000 0.000000 0.000000 1.007442 1.007442 1.007442
SM_Grass_Patch_04 128.985300 2.082289 58.766040 0.000000 0.000000 0.000000 0.974855 0.974855 0.974855
SM_Grass_Patch_04 126.453300 2.014065 57.332070 0.000000 0.000000 0.000000 0.997383 0.997383 0.997383
SM_Grass_Patch_04 130.210800 2.334874 58.278920 0.000000 0.000000 0.000000 0.995865 0.995865 0.995865
SM_Grass_Patch_04 126.079000 1.894395 62.406250 0.000000 0.000000 0.000000 1.032831 1.032831 1.032831
SM_Grass_Patch_04 127.827700 1.054747 63.799330 0.000000 0.000000 0.000000 0.997372 0.997372 0.997372
SM_Grass_Patch_04 126.270300 0.170795 65.208820 0.000000 0.000000 0.000000 0.926378 0.926378 0.926378
SM_Grass_Patch_04 127.335200 2.031953 61.872920 0.000000 0.000000 0.000000 1.059909 1.059909 1.059909
SM_Grass_Patch_04 128.872600 2.119307 60.509370 0.000000 0.000000 0.000000 1.078494 1.078494 1.078494
SM_Grass_Patch_04 124.814500 2.093664 59.084830 0.000000 0.000000 0.000000 0.907990 0.907990 0.907990
SM_Grass_Patch_04 119.366800 0.167574 74.644210 0.000000 0.000000 0.000000 0.998852 0.998852 0.998852
SM_Grass_Patch_04 118.368600 0.346159 75.519600 0.000000 0.000000 0.000000 0.901602 0.901602 0.901602
SM_Grass_Patch_04 120.157900 0.000000 73.545120 0.000000 0.000000 0.000000 0.947855 0.947855 0.947855
SM_Grass_Patch_04 117.231800 0.994556 74.468890 0.000000 0.000000 0.000000 0.916298 0.916298 0.916298
SM_Grass_Patch_04 121.760600 0.000000 74.985920 0.000000 0.000000 0.000000 1.067472 1.067472 1.067472
SM_Grass_Patch_04 121.010700 0.000000 72.397010 0.000000 0.000000 0.000000 0.979749 0.979749 0.979749
SM_Grass_Patch_04 121.306500 0.000000 76.472730 0.000000 0.000000 0.000000 1.044957 1.044957 1.044957
SM_Grass_Patch_04 117.410100 0.696827 73.339320 0.000000 0.000000 0.000000 0.981349 0.981349 0.981349
SM_Grass_Patch_04 118.615900 0.537938 72.887350 0.000000 0.000000 0.000000 1.085317 1.085317 1.085317
SM_Grass_Patch_04 118.532400 0.000000 77.418560 0.000000 0.000000 0.000000 1.075382 1.075382 1.075382
SM_Grass_Patch_04 118.365700 0.623733 74.114910 0.000000 0.000000 0.000000 0.947845 0.947845 0.947845
SM_Grass_Patch_04 120.140900 0.000000 75.435120 0.000000 0.000000 0.000000 1.064145 1.064145 1.064145
SM_Grass_Patch_04 119.983600 0.000000 77.048870 0.000000 0.000000 0.000000 0.944224 0.944224 0.944224
SM_Grass_Patch_04 117.321300 0.709089 75.959370 0.000000 0.000000 0.000000 0.933642 0.933642 0.933642
SM_Grass_Patch_04 121.798900 0.000000 77.844200 0.000000 0.000000 0.000000 0.932217 0.932217 0.932217
SM_Grass_Patch_04 122.375200 0.000000 75.983190 0.000000 0.000000 0.000000 0.947411 0.947411 0.947411
SM_Grass_Patch_04 119.125700 0.000000 78.473830 0.000000 0.000000 0.000000 0.993882 0.993882 0.993882
SM_Grass_Patch_04 122.557100 0.000000 74.193970 0.000000 0.000000 0.000000 0.940248 0.940248 0.940248
SM_Grass_Patch_04 119.834500 0.066807 70.825000 0.000000 0.000000 0.000000 1.036081 1.036081 1.036081
SM_Grass_Patch_04 119.833300 0.048850 72.192630 0.000000 0.000000 0.000000 0.942402 0.942402 0.942402
SM_Grass_Patch_04 122.489100 0.000000 70.844570 0.000000 0.000000 0.000000 1.034128 1.034128 1.034128
SM_Grass_Patch_04 122.179500 0.000000 73.070490 0.000000 0.000000 0.000000 0.905475 0.905475 0.905475
SM_Grass_Patch_04 121.411600 0.000000 69.709830 0.000000 0.000000 0.000000 0.985059 0.985059 0.985059
SM_Grass_Patch_04 123.307600 0.000000 71.792120 0.000000 0.000000 0.000000 0.920170 0.920170 0.920170
SM_Grass_Patch_04 124.476300 0.017552 72.087650 0.000000 0.000000 0.000000 1.070336 1.070336 1.070336
SM_Grass_Patch_04 124.532800 0.009247 69.889500 0.000000 0.000000 0.000000 0.946896 0.946896 0.946896
SM_Grass_Patch_04 126.065500 0.083267 70.539500 0.000000 0.000000 0.000000 0.965850 0.965850 0.965850
SM_Grass_Patch_04 123.276000 0.000000 69.121540 0.000000 0.000000 0.000000 0.905162 0.905162 0.905162
SM_Grass_Patch_04 126.196700 0.000000 72.180870 0.000000 0.000000 0.000000 0.951769 0.951769 0.951769
SM_Grass_Patch_04 128.648000 0.146493 69.534710 0.000000 0.000000 0.000000 1.046057 1.046057 1.046057
SM_Grass_Patch_04 126.523900 0.145890 68.744850 0.000000 0.000000 0.000000 1.070172 1.070172 1.070172
SM_Grass_Patch_04 128.326400 0.172539 68.391880 0.000000 0.000000 0.000000 0.939737 0.939737 0.939737
SM_Grass_Patch_04 130.174500 0.000000 68.446290 0.000000 0.000000 0.000000 0.920297 0.920297 0.920297
SM_Grass_Patch_04 131.264500 0.134172 70.268390 0.000000 0.000000 0.000000 1.065116 1.065116 1.065116
SM_Grass_Patch_04 131.433800 0.171265 71.503060 0.000000 0.000000 0.000000 0.927645 0.927645 0.927645
SM_Grass_Patch_04 127.398400 0.144044 70.354300 0.000000 0.000000 0.000000 0.928476 0.928476 0.928476
SM_Grass_Patch_04 128.887500 0.001540 73.098720 0.000000 0.000000 0.000000 1.033573 1.033573 1.033573
SM_Grass_Patch_04 128.444800 0.144794 71.271770 0.000000 0.000000 0.000000 0.925560 0.925560 0.925560
SM_Grass_Patch_04 127.367200 0.010528 71.826070 0.000000 0.000000 0.000000 0.977406 0.977406 0.977406
SM_Grass_Patch_04 129.559200 0.103314 70.484330 0.000000 0.000000 0.000000 0.938990 0.938990 0.938990
SM_Grass_Patch_04 132.604200 0.484517 69.674340 0.000000 0.000000 0.000000 0.909261 0.909261 0.909261
SM_Grass_Patch_04 131.744000 0.200496 72.936520 0.000000 0.000000 0.000000 0.934332 0.934332 0.934332
SM_Grass_Patch_04 129.683900 0.000854 72.364790 0.000000 0.000000 0.000000 1.093025 1.093025 1.093025
SM_Grass_Patch_04 124.924000 0.077655 68.086560 0.000000 0.000000 0.000000 1.025157 1.025157 1.025157
SM_Grass_Patch_04 126.413000 0.044177 67.696980 0.000000 0.000000 0.000000 1.001493 1.001493 1.001493
SM_Grass_Patch_04 125.452500 0.146493 69.169030 0.000000 0.000000 0.000000 0.930453 0.930453 0.930453
SM_Grass_Patch_04 122.435800 0.073246 68.043050 0.000000 0.000000 0.000000 0.976334 0.976334 0.976334
SM_Grass_Patch_04 122.840100 0.146493 66.935870 0.000000 0.000000 0.000000 0.925598 0.925598 0.925598
SM_Grass_Patch_04 124.390400 0.073246 66.774090 0.000000 0.000000 0.000000 0.992105 0.992105 0.992105
SM_Grass_Patch_04 125.573700 0.000000 67.039250 0.000000 0.000000 0.000000 1.092399 1.092399 1.092399
SM_Grass_Patch_04 126.589400 0.045867 66.649950 0.000000 0.000000 0.000000 0.951733 0.951733 0.951733
SM_Grass_Patch_04 127.559400 0.160420 67.400960 0.000000 0.000000 0.000000 0.967387 0.967387 0.967387
SM_Grass_Patch_04 131.136600 0.342586 66.989960 0.000000 0.000000 0.000000 0.957282 0.957282 0.957282
SM_Grass_Patch_04 128.888500 0.169291 67.085200 0.000000 0.000000 0.000000 0.969010 0.969010 0.969010
SM_Grass_Patch_04 131.583000 0.269207 69.137950 0.000000 0.000000 0.000000 0.967916 0.967916 0.967916
SM_Grass_Patch_04 133.646500 1.464138 66.704090 0.000000 0.000000 0.000000 1.094593 1.094593 1.094593
SM_Grass_Patch_04 131.519800 1.114682 65.470470 0.000000 0.000000 0.000000 0.918381 0.918381 0.918381
SM_Grass_Patch_04 131.998000 0.454051 67.808180 0.000000 0.000000 0.000000 0.929612 0.929612 0.929612
SM_Grass_Patch_04 134.245000 0.983027 68.351640 0.000000 0.000000 0.000000 0.962530 0.962530 0.962530
SM_Grass_Patch_04 130.125400 0.451401 65.418380 0.000000 0.000000 0.000000 1.007443 1.007443 1.007443
SM_Grass_Patch_04 132.932700 0.744875 68.379610 0.000000 0.000000 0.000000 0.937602 0.937602 0.937602
SM_Grass_Patch_04 129.940500 0.179011 66.506490 0.000000 0.000000 0.000000 0.980917 0.980917 0.980917
SM_Grass_Patch_04 129.041400 1.059793 63.862370 0.000000 0.000000 0.000000 1.028192 1.028192 1.028192
SM_Grass_Patch_04 128.405200 0.060399 65.519650 0.000000 0.000000 0.000000 0.930418 0.930418 0.930418
SM_Grass_Patch_04 130.516600 1.686518 63.793720 0.000000 0.000000 0.000000 0.939594 0.939594 0.939594
SM_Grass_Patch_04 128.462300 1.902124 62.857070 0.000000 0.000000 0.000000 1.078307 1.078307 1.078307
SM_Grass_Patch_04 133.877800 0.699976 69.655630 0.000000 0.000000 0.000000 1.059884 1.059884 1.059884
SM_Grass_Patch_04 134.262100 1.776231 65.025240 0.000000 0.000000 0.000000 0.913661 0.913661 0.913661
SM_Grass_Patch_04 135.500900 0.924007 68.917420 0.000000 0.000000 0.000000 0.909323 0.909323 0.909323
SM_Grass_Patch_04 131.738800 1.882398 64.029740 0.000000 0.000000 0.000000 1.067582 1.067582 1.067582
SM_Grass_Patch_04 125.699400 0.000000 73.189920 0.000000 0.000000 0.000000 0.954609 0.954609 0.954609
SM_Grass_Patch_04 127.826900 0.000000 73.372220 0.000000 0.000000 0.000000 1.045893 1.045893 1.045893
SM_Grass_Patch_04 126.928200 0.000000 74.929550 0.000000 0.000000 0.000000 1.092317 1.092317 1.092317
SM_Grass_Patch_04 125.293800 0.000000 74.556940 0.000000 0.000000 0.000000 1.081529 1.081529 1.081529
SM_Grass_Patch_04 124.135700 0.000000 74.507100 0.000000 0.000000 0.000000 0.997527 0.997527 0.997527
SM_Grass_Patch_04 128.018600 0.000000 74.658420 0.000000 0.000000 0.000000 0.904416 0.904416 0.904416
SM_Grass_Patch_04 134.973700 0.622850 70.083610 0.000000 0.000000 0.000000 0.940724 0.940724 0.940724
SM_Grass_Patch_04 135.009800 1.347320 67.558030 0.000000 0.000000 0.000000 1.011531 1.011531 1.011531
SM_Grass_Patch_04 133.707900 0.368878 70.893880 0.000000 0.000000 0.000000 1.030642 1.030642 1.030642
SM_Grass_Patch_04 136.910400 0.705585 70.499020 0.000000 0.000000 0.000000 1.098858 1.098858 1.098858
SM_Grass_Patch_04 141.010600 1.793365 72.082060 0.000000 0.000000 0.000000 0.986738 0.986738 0.986738
SM_Grass_Patch_04 140.591100 1.520458 75.553890 0.000000 0.000000 0.000000 0.936987 0.936987 0.936987
SM_Grass_Patch_04 134.577800 0.329610 71.912410 0.000000 0.000000 0.000000 0.928169 0.928169 0.928169
SM_Grass_Patch_04 135.760000 0.422096 71.230550 0.000000 0.000000 0.000000 0.973427 0.973427 0.973427
SM_Grass_Patch_04 132.492300 0.302715 71.809470 0.000000 0.000000 0.000000 1.029558 1.029558 1.029558
SM_Grass_Patch_04 132.357700 0.265478 70.717400 0.000000 0.000000 0.000000 1.057303 1.057303 1.057303
SM_Grass_Patch_04 133.537000 0.397027 72.450900 0.000000 0.000000 0.000000 1.073789 1.073789 1.073789
SM_Grass_Patch_04 134.666800 0.281858 73.023160 0.000000 0.000000 0.000000 0.945279 0.945279 0.945279
SM_Grass_Patch_04 135.937100 0.361626 72.695140 0.000000 0.000000 0.000000 0.947530 0.947530 0.947530
SM_Grass_Patch_04 135.881900 0.226405 73.948750 0.000000 0.000000 0.000000 0.908894 0.908894 0.908894
SM_Grass_Patch_04 137.261700 0.378825 72.005870 0.000000 0.000000 0.000000 1.078125 1.078125 1.078125
SM_Grass_Patch_04 133.032100 0.305864 73.593680 0.000000 0.000000 0.000000 0.978888 0.978888 0.978888
SM_Grass_Patch_04 137.819000 1.609268 67.817560 0.000000 0.000000 0.000000 1.037228 1.037228 1.037228
SM_Grass_Patch_04 137.582000 1.225422 68.988580 0.000000 0.000000 0.000000 1.082623 1.082623 1.082623
SM_Grass_Patch_04 135.953800 1.776231 66.040350 0.000000 0.000000 0.000000 0.953654 0.953654 0.953654
SM_Grass_Patch_04 133.147300 1.763659 65.118420 0.000000 0.000000 0.000000 0.966866 0.966866 0.966866
SM_Grass_Patch_04 132.347200 1.082028 66.426130 0.000000 0.000000 0.000000 0.962156 0.962156 0.962156
SM_Grass_Patch_04 143.200600 1.886101 72.172510 0.000000 0.000000 0.000000 1.067836 1.067836 1.067836
SM_Grass_Patch_04 136.558800 0.995584 69.411460 0.000000 0.000000 0.000000 1.008906 1.008906 1.008906
SM_Grass_Patch_04 136.100400 1.639216 67.214830 0.000000 0.000000 0.000000 1.093258 1.093258 1.093258
SM_Grass_Patch_04 134.916100 1.731677 66.317680 0.000000 0.000000 0.000000 1.010892 1.010892 1.010892
SM_Grass_Patch_04 119.564200 0.000000 111.324500 0.000000 0.000000 0.000000 0.940334 0.940334 0.940334
SM_Grass_Patch_04 120.892400 0.000000 109.507200 0.000000 0.000000 0.000000 1.048842 1.048842 1.048842
SM_Grass_Patch_04 127.528700 0.104392 95.632290 0.000000 0.000000 0.000000 0.942042 0.942042 0.942042
SM_Grass_Patch_04 158.055300 0.707520 87.626340 0.000000 0.000000 0.000000 0.983734 0.983734 0.983734
SM_Grass_Patch_04 158.284300 0.637486 86.229980 0.000000 0.000000 0.000000 1.009772 1.009772 1.009772
SM_Grass_Patch_04 157.926800 0.767314 85.112450 0.000000 0.000000 0.000000 0.917417 0.917417 0.917417
SM_Grass_Patch_04 159.419400 0.300103 83.466370 0.000000 0.000000 0.000000 0.991277 0.991277 0.991277
SM_Grass_Patch_04 144.648100 1.886101 68.155220 0.000000 0.000000 0.000000 0.965894 0.965894 0.965894
SM_Grass_Patch_04 142.770300 1.886101 67.662220 0.000000 0.000000 0.000000 0.982834 0.982834 0.982834
SM_Grass_Patch_04 143.488300 1.886101 69.338990 0.000000 0.000000 0.000000 1.078382 1.078382 1.078382
SM_Grass_Patch_04 144.728600 1.886101 64.823140 0.000000 0.000000 0.000000 1.080736 1.080736 1.080736
SM_Grass_Patch_04 143.653200 1.886101 67.053620 0.000000 0.000000 0.000000 0.977273 0.977273 0.977273
SM_Grass_Patch_04 141.963100 1.886101 66.460430 0.000000 0.000000 0.000000 1.030627 1.030627 1.030627
SM_Grass_Patch_04 144.834100 1.886101 66.768280 0.000000 0.000000 0.000000 1.018893 1.018893 1.018893
SM_Grass_Patch_04 142.883000 1.959348 64.026280 0.000000 0.000000 0.000000 1.001099 1.001099 1.001099
SM_Grass_Patch_04 143.364200 1.945703 62.703960 0.000000 0.000000 0.000000 1.024374 1.024374 1.024374
SM_Grass_Patch_04 144.752100 1.983865 63.541320 0.000000 0.000000 0.000000 0.971723 0.971723 0.971723
SM_Grass_Patch_04 146.193200 2.263949 61.377680 0.000000 0.000000 0.000000 1.008337 1.008337 1.008337
SM_Grass_Patch_04 147.484900 2.237866 61.930470 0.000000 0.000000 0.000000 0.910761 0.910761 0.910761
SM_Grass_Patch_04 147.215900 2.239924 63.524550 0.000000 0.000000 0.000000 1.096755 1.096755 1.096755
SM_Grass_Patch_04 145.333700 2.190662 62.635410 0.000000 0.000000 0.000000 0.943211 0.943211 0.943211
SM_Grass_Patch_04 142.616300 1.886101 65.443620 0.000000 0.000000 0.000000 0.960859 0.960859 0.960859
SM_Grass_Patch_04 142.111500 1.882575 63.301370 0.000000 0.000000 0.000000 0.982928 0.982928 0.982928
SM_Grass_Patch_04 142.473800 1.848644 61.127100 0.000000 0.000000 0.000000 1.038556 1.038556 1.038556
SM_Grass_Patch_04 143.408500 1.817465 60.320740 0.000000 0.000000 0.000000 1.014961 1.014961 1.014961
SM_Grass_Patch_04 143.979600 1.842447 61.378810 0.000000 0.000000 0.000000 1.069784 1.069784 1.069784
SM_Grass_Patch_04 144.440600 1.662379 59.904880 0.000000 0.000000 0.000000 0.971621 0.971621 0.971621
SM_Grass_Patch_04 145.981300 2.051094 63.702990 0.000000 0.000000 0.000000 0.980699 0.980699 0.980699
SM_Grass_Patch_04 146.109800 1.891265 60.231220 0.000000 0.000000 0.000000 1.099104 1.099104 1.099104
SM_Grass_Patch_04 144.320800 1.618630 58.450740 0.000000 0.000000 0.000000 1.016364 1.016364 1.016364
SM_Grass_Patch_04 142.022800 2.124379 59.685580 0.000000 0.000000 0.000000 1.092558 1.092558 1.092558
SM_Grass_Patch_04 143.461300 1.975851 57.686850 0.000000 0.000000 0.000000 1.010769 1.010769 1.010769
SM_Grass_Patch_04 145.131400 2.082480 60.992700 0.000000 0.000000 0.000000 0.980922 0.980922 0.980922
SM_Grass_Patch_04 143.028700 2.029816 58.679230 0.000000 0.000000 0.000000 0.947428 0.947428 0.947428
SM_Grass_Patch_04 147.486500 1.603140 58.154930 0.000000 0.000000 0.000000 1.029993 1.029993 1.029993
SM_Grass_Patch_04 146.441000 1.803672 56.518920 0.000000 0.000000 0.000000 0.963593 0.963593 0.963593
SM_Grass_Patch_04 145.311600 1.541880 58.998470 0.000000 0.000000 0.000000 0.963963 0.963963 0.963963
SM_Grass_Patch_04 145.647700 1.831875 57.711880 0.000000 0.000000 0.000000 1.055537 1.055537 1.055537
SM_Grass_Patch_04 148.260300 1.524775 59.092000 0.000000 0.000000 0.000000 1.048516 1.048516 1.048516
SM_Grass_Patch_04 147.487800 1.684701 60.540040 0.000000 0.000000 0.000000 1.005609 1.005609 1.005609
SM_Grass_Patch_04 144.653600 1.924712 56.997760 0.000000 0.000000 0.000000 0.992436 0.992436 0.992436
SM_Grass_Patch_04 145.841500 1.656099 55.633450 0.000000 0.000000 0.000000 1.025230 1.025230 1.025230
SM_Grass_Patch_04 146.546200 1.779786 58.673030 0.000000 0.000000 0.000000 0.965865 0.965865 0.965865
SM_Grass_Patch_04 149.192500 1.554459 56.797760 0.000000 0.000000 0.000000 0.964749 0.964749 0.964749
SM_Grass_Patch_04 149.966600 2.366718 55.301590 0.000000 0.000000 0.000000 0.946562 0.946562 0.946562
SM_Grass_Patch_04 147.066100 2.338498 52.763000 0.000000 0.000000 0.000000 0.970129 0.970129 0.970129
SM_Grass_Patch_04 149.595800 2.625792 53.810050 0.000000 0.000000 0.000000 0.901857 0.901857 0.901857
SM_Grass_Patch_04 148.004300 2.368010 52.215360 0.000000 0.000000 0.000000 1.055931 1.055931 1.055931
SM_Grass_Patch_04 150.683500 2.311694 53.089810 0.000000 0.000000 0.000000 0.967340 0.967340 0.967340
SM_Grass_Patch_04 149.422700 2.224527 50.157490 0.000000 0.000000 0.000000 1.091752 1.091752 1.091752
SM_Grass_Patch_04 147.506900 2.391899 54.113330 0.000000 0.000000 0.000000 1.096655 1.096655 1.096655
SM_Grass_Patch_04 146.495500 2.621950 51.788100 0.000000 0.000000 0.000000 0.978160 0.978160 0.978160
SM_Grass_Patch_04 150.447200 1.993759 50.827060 0.000000 0.000000 0.000000 1.069195 1.069195 1.069195
SM_Grass_Patch_04 148.001800 2.649035 49.762730 0.000000 0.000000 0.000000 1.036982 1.036982 1.036982
SM_Grass_Patch_04 148.613100 2.507792 50.925840 0.000000 0.000000 0.000000 0.927433 0.927433 0.927433
SM_Grass_Patch_04 146.207100 2.871593 50.255530 0.000000 0.000000 0.000000 1.048862 1.048862 1.048862
SM_Grass_Patch_04 147.201400 1.930273 55.545050 0.000000 0.000000 0.000000 0.981532 0.981532 0.981532
SM_Grass_Patch_04 144.817000 1.586854 54.974620 0.000000 0.000000 0.000000 0.984430 0.984430 0.984430
SM_Grass_Patch_04 147.833400 1.519876 56.708260 0.000000 0.000000 0.000000 0.976340 0.976340 0.976340
SM_Grass_Patch_04 148.901700 2.635734 52.807300 0.000000 0.000000 0.000000 0.927048 0.927048 0.927048
SM_Grass_Patch_04 146.174500 2.056199 53.904880 0.000000 0.000000 0.000000 0.913890 0.913890 0.913890
SM_Grass_Patch_04 151.303700 2.029584 51.792720 0.000000 0.000000 0.000000 1.093047 1.093047 1.093047
SM_Grass_Patch_04 145.412200 2.479575 52.947420 0.000000 0.000000 0.000000 0.924660 0.924660 0.924660
SM_Grass_Patch_04 148.672500 2.004941 55.828710 0.000000 0.000000 0.000000 0.971095 0.971095 0.971095
SM_Grass_Patch_04 149.600500 2.483600 51.568150 0.000000 0.000000 0.000000 1.055142 1.055142 1.055142
SM_Grass_Patch_04 141.967300 2.174316 58.240530 0.000000 0.000000 0.000000 0.943233 0.943233 0.943233
SM_Grass_Patch_04 143.536700 1.622734 55.520450 0.000000 0.000000 0.000000 0.957694 0.957694 0.957694
SM_Grass_Patch_04 140.854100 1.794543 62.565230 0.000000 0.000000 0.000000 0.951114 0.951114 0.951114
SM_Grass_Patch_04 150.745500 1.548349 56.892540 0.000000 0.000000 0.000000 1.060252 1.060252 1.060252
SM_Grass_Patch_04 151.222700 2.115451 55.116200 0.000000 0.000000 0.000000 1.033441 1.033441 1.033441
SM_Grass_Patch_04 153.527700 1.734325 54.301480 0.000000 0.000000 0.000000 1.038529 1.038529 1.038529
SM_Grass_Patch_04 154.955800 1.638915 52.734560 0.000000 0.000000 0.000000 0.983397 0.983397 0.983397
SM_Grass_Patch_04 154.983800 1.509599 49.125800 0.000000 0.000000 0.000000 0.915845 0.915845 0.915845
SM_Grass_Patch_04 154.608700 1.317787 51.576030 0.000000 0.000000 0.000000 0.938505 0.938505 0.938505
SM_Grass_Patch_04 153.452000 1.529037 52.915300 0.000000 0.000000 0.000000 1.018859 1.018859 1.018859
SM_Grass_Patch_04 152.651700 1.283226 50.548750 0.000000 0.000000 0.000000 1.059875 1.059875 1.059875
SM_Grass_Patch_04 153.679800 0.974548 48.533610 0.000000 0.000000 0.000000 1.071334 1.071334 1.071334
SM_Grass_Patch_04 156.158100 1.596164 52.668590 0.000000 0.000000 0.000000 1.061444 1.061444 1.061444
SM_Grass_Patch_04 156.048000 1.404986 48.913150 0.000000 0.000000 0.000000 0.914082 0.914082 0.914082
SM_Grass_Patch_04 155.857000 1.400102 50.933570 0.000000 0.000000 0.000000 1.005502 1.005502 1.005502
SM_Grass_Patch_04 152.681900 1.750743 55.035600 0.000000 0.000000 0.000000 1.070311 1.070311 1.070311
SM_Grass_Patch_04 155.357000 1.457811 55.816910 0.000000 0.000000 0.000000 1.097328 1.097328 1.097328
SM_Grass_Patch_04 154.808000 1.473858 54.916830 0.000000 0.000000 0.000000 0.927888 0.927888 0.927888
SM_Grass_Patch_04 150.907900 1.048548 58.307250 0.000000 0.000000 0.000000 1.075463 1.075463 1.075463
SM_Grass_Patch_04 151.984400 1.007142 57.844150 0.000000 0.000000 0.000000 0.977713 0.977713 0.977713
SM_Grass_Patch_04 153.077500 1.311849 56.772500 0.000000 0.000000 0.000000 0.981818 0.981818 0.981818
SM_Grass_Patch_04 153.373800 1.201903 58.276170 0.000000 0.000000 0.000000 0.981003 0.981003 0.981003
SM_Grass_Patch_04 151.590100 1.716193 61.160990 0.000000 0.000000 0.000000 0.976589 0.976589 0.976589
SM_Grass_Patch_04 149.282700 1.364819 61.135370 0.000000 0.000000 0.000000 1.073377 1.073377 1.073377
SM_Grass_Patch_04 151.391300 1.584930 60.031490 0.000000 0.000000 0.000000 0.970598 0.970598 0.970598
SM_Grass_Patch_04 150.189200 1.337949 59.254680 0.000000 0.000000 0.000000 0.980601 0.980601 0.980601
SM_Grass_Patch_04 148.887300 1.991970 62.706010 0.000000 0.000000 0.000000 0.990519 0.990519 0.990519
SM_Grass_Patch_04 150.533400 1.748849 63.244920 0.000000 0.000000 0.000000 0.922311 0.922311 0.922311
SM_Grass_Patch_04 153.297000 1.389394 59.648380 0.000000 0.000000 0.000000 0.905963 0.905963 0.905963
SM_Grass_Patch_04 154.410400 1.630467 60.109340 0.000000 0.000000 0.000000 1.048060 1.048060 1.048060
SM_Grass_Patch_04 156.035400 1.843742 57.414810 0.000000 0.000000 0.000000 0.985763 0.985763 0.985763
SM_Grass_Patch_04 154.800800 1.523688 58.712320 0.000000 0.000000 0.000000 0.908766 0.908766 0.908766
SM_Grass_Patch_04 157.868000 1.644796 52.397620 0.000000 0.000000 0.000000 0.934938 0.934938 0.934938
SM_Grass_Patch_04 155.897800 1.640138 54.831860 0.000000 0.000000 0.000000 0.964881 0.964881 0.964881
SM_Grass_Patch_04 159.127500 1.704342 50.613410 0.000000 0.000000 0.000000 0.943080 0.943080 0.943080
SM_Grass_Patch_04 157.138700 1.535420 50.890400 0.000000 0.000000 0.000000 0.970374 0.970374 0.970374
SM_Grass_Patch_04 158.076300 1.670031 50.259140 0.000000 0.000000 0.000000 0.944839 0.944839 0.944839
SM_Grass_Patch_04 157.126600 1.769089 54.731260 0.000000 0.000000 0.000000 1.003295 1.003295 1.003295
SM_Grass_Patch_04 157.489200 1.757289 57.176450 0.000000 0.000000 0.000000 1.043561 1.043561 1.043561
SM_Grass_Patch_04 156.626300 1.722386 55.892350 0.000000 0.000000 0.000000 1.032282 1.032282 1.032282
SM_Grass_Patch_04 151.336600 1.886101 64.589280 0.000000 0.000000 0.000000 1.085854 1.085854 1.085854
SM_Grass_Patch_04 153.241000 1.886101 65.542720 0.000000 0.000000 0.000000 0.961857 0.961857 0.961857
SM_Grass_Patch_04 153.657600 1.886101 63.230210 0.000000 0.000000 0.000000 0.995861 0.995861 0.995861
SM_Grass_Patch_04 151.555700 1.800403 62.314670 0.000000 0.000000 0.000000 0.975390 0.975390 0.975390
SM_Grass_Patch_04 155.367400 1.831565 64.689350 0.000000 0.000000 0.000000 1.058819 1.058819 1.058819
SM_Grass_Patch_04 154.504900 1.886101 62.160320 0.000000 0.000000 0.000000 1.075443 1.075443 1.075443
SM_Grass_Patch_04 153.351000 1.820533 61.294480 0.000000 0.000000 0.000000 0.904992 0.904992 0.904992
SM_Grass_Patch_04 152.477500 1.529087 53.783700 0.000000 0.000000 0.000000 1.029067 1.029067 1.029067
SM_Grass_Patch_04 151.985500 1.770309 55.887600 0.000000 0.000000 0.000000 0.948138 0.948138 0.948138
SM_Grass_Patch_04 154.298400 1.346819 56.468340 0.000000 0.000000 0.000000 1.000717 1.000717 1.000717
SM_Grass_Patch_04 156.334600 1.430032 47.158260 0.000000 0.000000 0.000000 0.928980 0.928980 0.928980
SM_Grass_Patch_04 157.120800 1.400585 47.918660 0.000000 0.000000 0.000000 1.000078 1.000078 1.000078
SM_Grass_Patch_04 156.797800 1.632583 43.961040 0.000000 0.000000 0.000000 1.006279 1.006279 1.006279
SM_Grass_Patch_04 155.573900 1.468718 45.497390 0.000000 0.000000 0.000000 1.065630 1.065630 1.065630
SM_Grass_Patch_04 157.295000 1.674079 45.933420 0.000000 0.000000 0.000000 0.966806 0.966806 0.966806
SM_Grass_Patch_04 156.736200 2.006152 41.838870 0.000000 0.000000 0.000000 1.038170 1.038170 1.038170
SM_Grass_Patch_04 158.046000 1.932148 44.068770 0.000000 0.000000 0.000000 1.059749 1.059749 1.059749
SM_Grass_Patch_04 154.077000 1.976810 41.014120 0.000000 0.000000 0.000000 1.089293 1.089293 1.089293
SM_Grass_Patch_04 157.638200 2.005619 42.504860 0.000000 0.000000 0.000000 1.053543 1.053543 1.053543
SM_Grass_Patch_04 157.613800 1.886101 39.298320 0.000000 0.000000 0.000000 1.029255 1.029255 1.029255
SM_Grass_Patch_04 157.936900 1.896701 41.306450 0.000000 0.000000 0.000000 0.936774 0.936774 0.936774
SM_Grass_Patch_04 157.259400 1.886101 38.138420 0.000000 0.000000 0.000000 0.980997 0.980997 0.980997
SM_Grass_Patch_04 157.327600 1.886101 30.698060 0.000000 0.000000 0.000000 1.050168 1.050168 1.050168
SM_Grass_Patch_04 154.281200 1.880831 39.558730 0.000000 0.000000 0.000000 1.054226 1.054226 1.054226
SM_Grass_Patch_04 158.788400 1.886101 38.563040 0.000000 0.000000 0.000000 0.944887 0.944887 0.944887
SM_Grass_Patch_04 156.067600 1.959348 39.345550 0.000000 0.000000 0.000000 1.009144 1.009144 1.009144
SM_Grass_Patch_04 155.579600 1.747583 43.524130 0.000000 0.000000 0.000000 1.095052 1.095052 1.095052
SM_Grass_Patch_04 155.323300 1.569604 46.679780 0.000000 0.000000 0.000000 0.916170 0.916170 0.916170
SM_Grass_Patch_04 153.618800 1.511022 44.619160 0.000000 0.000000 0.000000 1.082163 1.082163 1.082163
SM_Grass_Patch_04 153.850500 1.158174 46.451560 0.000000 0.000000 0.000000 1.028976 1.028976 1.028976
SM_Grass_Patch_04 154.034400 1.254962 50.373920 0.000000 0.000000 0.000000 1.058855 1.058855 1.058855
SM_Grass_Patch_04 152.908500 0.626910 47.377610 0.000000 0.000000 0.000000 1.086894 1.086894 1.086894
SM_Grass_Patch_04 153.278600 0.900859 49.510760 0.000000 0.000000 0.000000 0.934519 0.934519 0.934519
SM_Grass_Patch_04 153.078900 1.363167 51.911570 0.000000 0.000000 0.000000 0.990481 0.990481 0.990481
SM_Grass_Patch_04 159.053800 1.913100 42.327000 0.000000 0.000000 0.000000 0.949635 0.949635 0.949635
SM_Grass_Patch_04 153.604300 1.843508 42.395240 0.000000 0.000000 0.000000 1.081295 1.081295 1.081295
SM_Grass_Patch_04 156.253400 1.886101 34.830890 0.000000 0.000000 0.000000 1.048093 1.048093 1.048093
SM_Grass_Patch_04 156.469700 1.886101 36.880830 0.000000 0.000000 0.000000 1.055612 1.055612 1.055612
SM_Grass_Patch_04 151.716000 0.664416 48.709330 0.000000 0.000000 0.000000 0.996246 0.996246 0.996246
SM_Grass_Patch_04 150.340300 1.502916 49.579730 0.000000 0.000000 0.000000 0.961466 0.961466 0.961466
SM_Grass_Patch_04 155.533300 1.609392 47.938900 0.000000 0.000000 0.000000 0.901204 0.901204 0.901204
SM_Grass_Patch_04 151.724100 0.687608 46.207580 0.000000 0.000000 0.000000 1.076951 1.076951 1.076951
SM_Grass_Patch_04 152.000300 0.921662 44.323140 0.000000 0.000000 0.000000 0.924781 0.924781 0.924781
SM_Grass_Patch_04 150.807900 1.221029 44.497810 0.000000 0.000000 0.000000 0.933251 0.933251 0.933251
SM_Grass_Patch_04 155.083400 1.962726 41.849270 0.000000 0.000000 0.000000 0.971010 0.971010 0.971010
SM_Grass_Patch_04 151.251900 1.588508 40.645590 0.000000 0.000000 0.000000 0.998595 0.998595 0.998595
SM_Grass_Patch_04 152.535800 1.798743 38.981850 0.000000 0.000000 0.000000 0.939327 0.939327 0.939327
SM_Grass_Patch_04 154.222000 1.886101 36.405770 0.000000 0.000000 0.000000 1.047244 1.047244 1.047244
SM_Grass_Patch_04 154.219800 1.886101 33.247200 0.000000 0.000000 0.000000 1.091015 1.091015 1.091015
SM_Grass_Patch_04 153.028300 1.886101 35.409320 0.000000 0.000000 0.000000 1.005141 1.005141 1.005141
SM_Grass_Patch_04 154.325700 1.886101 32.003670 0.000000 0.000000 0.000000 0.913968 0.913968 0.913968
SM_Grass_Patch_04 152.075300 1.886101 33.644460 0.000000 0.000000 0.000000 0.937770 0.937770 0.937770
SM_Grass_Patch_04 155.957300 1.886101 32.591930 0.000000 0.000000 0.000000 0.976273 0.976273 0.976273
SM_Grass_Patch_04 155.496500 1.886101 35.872880 0.000000 0.000000 0.000000 1.058318 1.058318 1.058318
SM_Grass_Patch_04 155.056600 1.886101 34.901160 0.000000 0.000000 0.000000 0.941685 0.941685 0.941685
SM_Grass_Patch_04 151.380300 1.776231 37.728180 0.000000 0.000000 0.000000 0.915875 0.915875 0.915875
SM_Grass_Patch_04 155.010300 1.886101 37.106640 0.000000 0.000000 0.000000 1.084308 1.084308 1.084308
SM_Grass_Patch_04 156.155300 1.911795 38.156310 0.000000 0.000000 0.000000 1.058587 1.058587 1.058587
SM_Grass_Patch_04 151.323200 1.936088 36.604720 0.000000 0.000000 0.000000 1.061406 1.061406 1.061406
SM_Grass_Patch_04 150.504300 1.900243 39.451910 0.000000 0.000000 0.000000 0.987087 0.987087 0.987087
SM_Grass_Patch_04 151.518800 1.144631 43.130340 0.000000 0.000000 0.000000 0.989811 0.989811 0.989811
SM_Grass_Patch_04 149.490500 1.228276 44.437790 0.000000 0.000000 0.000000 0.930066 0.930066 0.930066
SM_Grass_Patch_04 150.120300 1.499842 47.655170 0.000000 0.000000 0.000000 1.016982 1.016982 1.016982
SM_Grass_Patch_04 150.570200 1.175992 46.487480 0.000000 0.000000 0.000000 0.970337 0.970337 0.970337
SM_Grass_Patch_04 148.705000 1.940115 48.005850 0.000000 0.000000 0.000000 1.078861 1.078861 1.078861
SM_Grass_Patch_04 149.377700 1.121215 45.811680 0.000000 0.000000 0.000000 0.973847 0.973847 0.973847
SM_Grass_Patch_04 151.560300 1.230622 50.224040 0.000000 0.000000 0.000000 0.927393 0.927393 0.927393
SM_Grass_Patch_04 151.731000 0.631325 47.590010 0.000000 0.000000 0.000000 1.023074 1.023074 1.023074
SM_Grass_Patch_04 152.588100 1.859062 40.501430 0.000000 0.000000 0.000000 1.009520 1.009520 1.009520
SM_Grass_Patch_04 148.847800 1.416428 42.726650 0.000000 0.000000 0.000000 1.084234 1.084234 1.084234
SM_Grass_Patch_04 151.557400 1.758820 39.637360 0.000000 0.000000 0.000000 0.952617 0.952617 0.952617
SM_Grass_Patch_04 154.698700 1.974253 38.379360 0.000000 0.000000 0.000000 0.962539 0.962539 0.962539
SM_Grass_Patch_04 152.743300 1.886101 36.543170 0.000000 0.000000 0.000000 0.932151 0.932151 0.932151
SM_Grass_Patch_04 149.371900 1.935308 36.972760 0.000000 0.000000 0.000000 0.918888 0.918888 0.918888
SM_Grass_Patch_04 151.389400 1.886101 34.447320 0.000000 0.000000 0.000000 0.946710 0.946710 0.946710
SM_Grass_Patch_04 150.088300 1.947725 36.051650 0.000000 0.000000 0.000000 1.007760 1.007760 1.007760
SM_Grass_Patch_04 153.548500 1.926317 37.873810 0.000000 0.000000 0.000000 0.948699 0.948699 0.948699
SM_Grass_Patch_04 150.030700 1.627942 41.288270 0.000000 0.000000 0.000000 1.048224 1.048224 1.048224
SM_Grass_Patch_04 148.589600 1.532537 41.209660 0.000000 0.000000 0.000000 1.057844 1.057844 1.057844
SM_Grass_Patch_04 150.015100 1.510216 43.070700 0.000000 0.000000 0.000000 1.099275 1.099275 1.099275
SM_Grass_Patch_04 147.296900 1.142027 46.017300 0.000000 0.000000 0.000000 1.047075 1.047075 1.047075
SM_Grass_Patch_04 148.342700 0.932088 44.655500 0.000000 0.000000 0.000000 0.900300 0.900300 0.900300
SM_Grass_Patch_04 146.780300 2.511659 48.822600 0.000000 0.000000 0.000000 0.947551 0.947551 0.947551
SM_Grass_Patch_04 146.227100 1.699568 46.970950 0.000000 0.000000 0.000000 1.044064 1.044064 1.044064
SM_Grass_Patch_04 146.055600 1.718144 45.578680 0.000000 0.000000 0.000000 1.080379 1.080379 1.080379
SM_Grass_Patch_04 147.536300 1.738865 47.666010 0.000000 0.000000 0.000000 0.992350 0.992350 0.992350
SM_Grass_Patch_04 147.516300 1.144530 43.780060 0.000000 0.000000 0.000000 0.934302 0.934302 0.934302
SM_Grass_Patch_04 147.015200 1.466012 41.156960 0.000000 0.000000 0.000000 1.078065 1.078065 1.078065
SM_Grass_Patch_04 148.002300 1.590677 40.017780 0.000000 0.000000 0.000000 0.970333 0.970333 0.970333
SM_Grass_Patch_04 152.246600 1.451527 41.866640 0.000000 0.000000 0.000000 1.044601 1.044601 1.044601
SM_Grass_Patch_04 147.908000 1.419805 42.137900 0.000000 0.000000 0.000000 1.063512 1.063512 1.063512
SM_Grass_Patch_04 154.043300 1.829609 43.559090 0.000000 0.000000 0.000000 1.097114 1.097114 1.097114
SM_Grass_Patch_04 150.192000 1.768377 37.946540 0.000000 0.000000 0.000000 0.915448 0.915448 0.915448
SM_Grass_Patch_04 147.993700 1.698216 38.862860 0.000000 0.000000 0.000000 1.096271 1.096271 1.096271
SM_Grass_Patch_04 146.371500 1.700069 39.313190 0.000000 0.000000 0.000000 1.050025 1.050025 1.050025
SM_Grass_Patch_04 147.602500 1.821693 36.015410 0.000000 0.000000 0.000000 1.023809 1.023809 1.023809
SM_Grass_Patch_04 149.011900 1.800341 34.945680 0.000000 0.000000 0.000000 0.957467 0.957467 0.957467
SM_Grass_Patch_04 147.480900 1.882752 37.135310 0.000000 0.000000 0.000000 0.902078 0.902078 0.902078
SM_Grass_Patch_04 149.350700 1.906959 39.785620 0.000000 0.000000 0.000000 1.024872 1.024872 1.024872
SM_Grass_Patch_04 148.870700 1.819631 38.067180 0.000000 0.000000 0.000000 1.066982 1.066982 1.066982
SM_Grass_Patch_04 146.786900 1.778462 37.950620 0.000000 0.000000 0.000000 1.091677 1.091677 1.091677
SM_Grass_Patch_04 145.390900 1.778317 40.013910 0.000000 0.000000 0.000000 0.931262 0.931262 0.931262
SM_Grass_Patch_04 145.591400 1.876708 37.419850 0.000000 0.000000 0.000000 1.004936 1.004936 1.004936
SM_Grass_Patch_04 144.791100 1.965418 38.666260 0.000000 0.000000 0.000000 1.088778 1.088778 1.088778
SM_Grass_Patch_04 145.554100 1.688825 41.064770 0.000000 0.000000 0.000000 1.037118 1.037118 1.037118
SM_Grass_Patch_04 144.156100 1.821152 39.710250 0.000000 0.000000 0.000000 1.019027 1.019027 1.019027
SM_Grass_Patch_04 144.447600 1.686074 36.784690 0.000000 0.000000 0.000000 0.965540 0.965540 0.965540
SM_Grass_Patch_04 144.133400 1.841172 41.562340 0.000000 0.000000 0.000000 0.991011 0.991011 0.991011
SM_Grass_Patch_04 143.321700 1.675228 38.565140 0.000000 0.000000 0.000000 0.955580 0.955580 0.955580
SM_Grass_Patch_04 146.470700 1.673804 36.515650 0.000000 0.000000 0.000000 1.075742 1.075742 1.075742
SM_Grass_Patch_04 148.534900 1.263541 46.790540 0.000000 0.000000 0.000000 1.093161 1.093161 1.093161
SM_Grass_Patch_04 146.302100 1.720116 42.936670 0.000000 0.000000 0.000000 1.016578 1.016578 1.016578
SM_Grass_Patch_04 149.247600 2.127197 48.930570 0.000000 0.000000 0.000000 1.009880 1.009880 1.009880
SM_Grass_Patch_04 145.448500 2.187493 48.099270 0.000000 0.000000 0.000000 0.963609 0.963609 0.963609
SM_Grass_Patch_04 144.723600 2.680620 50.577430 0.000000 0.000000 0.000000 0.912596 0.912596 0.912596
SM_Grass_Patch_04 143.954500 2.433438 51.567180 0.000000 0.000000 0.000000 0.944103 0.944103 0.944103
SM_Grass_Patch_04 144.234000 1.941350 47.971420 0.000000 0.000000 0.000000 1.098781 1.098781 1.098781
SM_Grass_Patch_04 143.457900 1.933056 49.588870 0.000000 0.000000 0.000000 0.969448 0.969448 0.969448
SM_Grass_Patch_04 145.576200 1.815717 44.072510 0.000000 0.000000 0.000000 0.902018 0.902018 0.902018
SM_Grass_Patch_04 146.676700 1.435749 44.444840 0.000000 0.000000 0.000000 0.944738 0.944738 0.944738
SM_Grass_Patch_04 145.048800 1.922725 46.219670 0.000000 0.000000 0.000000 0.917843 0.917843 0.917843
SM_Grass_Patch_04 145.104600 1.886101 45.048770 0.000000 0.000000 0.000000 1.077014 1.077014 1.077014
SM_Grass_Patch_04 147.080600 2.718052 50.895160 0.000000 0.000000 0.000000 0.955375 0.955375 0.955375
SM_Grass_Patch_04 142.677300 1.914225 51.062910 0.000000 0.000000 0.000000 0.942991 0.942991 0.942991
SM_Grass_Patch_04 144.307500 2.349357 53.052320 0.000000 0.000000 0.000000 1.047546 1.047546 1.047546
SM_Grass_Patch_04 142.457100 1.886101 53.659000 0.000000 0.000000 0.000000 1.056916 1.056916 1.056916
SM_Grass_Patch_04 143.898600 1.880940 54.032520 0.000000 0.000000 0.000000 0.936991 0.936991 0.936991
SM_Grass_Patch_04 145.089200 2.768462 51.734330 0.000000 0.000000 0.000000 1.035215 1.035215 1.035215
SM_Grass_Patch_04 145.036500 1.881824 34.124450 0.000000 0.000000 0.000000 0.973844 0.973844 0.973844
SM_Grass_Patch_04 149.475200 1.886101 33.589850 0.000000 0.000000 0.000000 1.064291 1.064291 1.064291
SM_Grass_Patch_04 147.446900 1.886101 31.202440 0.000000 0.000000 0.000000 1.015099 1.015099 1.015099
SM_Grass_Patch_04 146.054800 1.886101 31.998130 0.000000 0.000000 0.000000 1.052430 1.052430 1.052430
SM_Grass_Patch_04 147.907700 1.776231 33.780520 0.000000 0.000000 0.000000 0.936173 0.936173 0.936173
SM_Grass_Patch_04 143.896700 1.886101 30.952010 0.000000 0.000000 0.000000 1.085472 1.085472 1.085472
SM_Grass_Patch_04 144.015900 1.886101 33.018660 0.000000 0.000000 0.000000 0.997653 0.997653 0.997653
SM_Grass_Patch_04 144.995500 1.886101 28.423440 0.000000 0.000000 0.000000 1.040779 1.040779 1.040779
SM_Grass_Patch_04 143.516200 1.886101 29.842800 0.000000 0.000000 0.000000 1.009275 1.009275 1.009275
SM_Grass_Patch_04 145.556500 1.886101 30.335300 0.000000 0.000000 0.000000 1.096086 1.096086 1.096086
SM_Grass_Patch_04 145.480500 1.886101 27.096670 0.000000 0.000000 0.000000 0.992561 0.992561 0.992561
SM_Grass_Patch_04 147.131400 1.886101 28.346030 0.000000 0.000000 0.000000 1.066973 1.066973 1.066973
SM_Grass_Patch_04 142.270100 1.886101 28.730830 0.000000 0.000000 0.000000 0.945614 0.945614 0.945614
SM_Grass_Patch_04 141.076000 1.886101 28.900840 0.000000 0.000000 0.000000 1.029248 1.029248 1.029248
SM_Grass_Patch_04 143.135700 1.886101 27.751780 0.000000 0.000000 0.000000 0.995296 0.995296 0.995296
SM_Grass_Patch_04 145.842400 1.722072 34.828870 0.000000 0.000000 0.000000 1.081234 1.081234 1.081234
SM_Grass_Patch_04 143.732600 1.776231 34.959450 0.000000 0.000000 0.000000 1.060470 1.060470 1.060470
SM_Grass_Patch_04 141.864700 1.886101 32.989510 0.000000 0.000000 0.000000 1.052488 1.052488 1.052488
SM_Grass_Patch_04 143.165500 1.886101 32.238500 0.000000 0.000000 0.000000 0.917382 0.917382 0.917382
SM_Grass_Patch_04 142.322400 1.886101 31.333180 0.000000 0.000000 0.000000 1.065559 1.065559 1.065559
SM_Grass_Patch_04 145.749200 1.886101 29.297880 0.000000 0.000000 0.000000 0.955559 0.955559 0.955559
SM_Grass_Patch_04 141.283900 1.886101 30.159230 0.000000 0.000000 0.000000 1.078112 1.078112 1.078112
SM_Grass_Patch_04 141.075300 1.886101 31.252710 0.000000 0.000000 0.000000 0.971379 0.971379 0.971379
SM_Grass_Patch_04 139.637000 1.886101 28.272760 0.000000 0.000000 0.000000 1.075206 1.075206 1.075206
SM_Grass_Patch_04 144.281200 1.886101 27.608510 0.000000 0.000000 0.000000 1.040537 1.040537 1.040537
SM_Grass_Patch_04 126.476100 1.886101 29.831090 0.000000 0.000000 0.000000 1.010218 1.010218 1.010218
SM_Grass_Patch_04 124.117500 1.886101 29.026900 0.000000 0.000000 0.000000 1.021231 1.021231 1.021231
SM_Grass_Patch_04 123.761300 1.886101 30.029290 0.000000 0.000000 0.000000 0.987657 0.987657 0.987657
SM_Grass_Patch_04 125.087900 1.888591 30.667490 0.000000 0.000000 0.000000 1.037049 1.037049 1.037049
SM_Grass_Patch_04 129.124300 2.023755 31.631230 0.000000 0.000000 0.000000 1.016675 1.016675 1.016675
SM_Grass_Patch_04 127.088900 2.032482 32.011400 0.000000 0.000000 0.000000 0.974582 0.974582 0.974582
SM_Grass_Patch_04 130.966400 1.886101 29.097810 0.000000 0.000000 0.000000 1.038872 1.038872 1.038872
SM_Grass_Patch_04 129.274300 1.941037 30.448360 0.000000 0.000000 0.000000 1.077397 1.077397 1.077397
SM_Grass_Patch_04 132.092800 1.916512 30.518980 0.000000 0.000000 0.000000 1.027196 1.027196 1.027196
SM_Grass_Patch_04 130.536500 1.956270 30.660930 0.000000 0.000000 0.000000 1.020764 1.020764 1.020764
SM_Grass_Patch_04 135.341200 2.174745 31.138270 0.000000 0.000000 0.000000 1.029457 1.029457 1.029457
SM_Grass_Patch_04 131.794600 2.645571 33.289180 0.000000 0.000000 0.000000 0.978948 0.978948 0.978948
SM_Grass_Patch_04 134.364600 2.301701 31.832690 0.000000 0.000000 0.000000 1.099676 1.099676 1.099676
SM_Grass_Patch_04 135.491000 2.055230 32.425680 0.000000 0.000000 0.000000 0.928153 0.928153 0.928153
SM_Grass_Patch_04 138.685900 1.886101 32.048250 0.000000 0.000000 0.000000 1.065911 1.065911 1.065911
SM_Grass_Patch_04 137.205700 1.886101 27.831080 0.000000 0.000000 0.000000 1.061739 1.061739 1.061739
SM_Grass_Patch_04 136.846000 2.011106 32.527110 0.000000 0.000000 0.000000 0.953080 0.953080 0.953080
SM_Grass_Patch_04 136.962700 1.886101 29.060710 0.000000 0.000000 0.000000 0.999228 0.999228 0.999228
SM_Grass_Patch_04 137.450700 1.886101 31.123920 0.000000 0.000000 0.000000 0.907538 0.907538 0.907538
SM_Grass_Patch_04 138.765500 1.886101 30.255240 0.000000 0.000000 0.000000 1.091778 1.091778 1.091778
SM_Grass_Patch_04 142.787300 1.886101 33.620110 0.000000 0.000000 0.000000 1.042856 1.042856 1.042856
SM_Grass_Patch_04 143.822800 1.886101 28.810200 0.000000 0.000000 0.000000 1.081635 1.081635 1.081635
SM_Grass_Patch_04 136.626900 1.886101 30.175540 0.000000 0.000000 0.000000 0.992043 0.992043 0.992043
SM_Grass_Patch_04 134.337900 1.917892 30.057510 0.000000 0.000000 0.000000 1.082101 1.082101 1.082101
SM_Grass_Patch_04 135.718600 1.886101 27.694110 0.000000 0.000000 0.000000 1.096779 1.096779 1.096779
SM_Grass_Patch_04 132.457600 1.886101 29.454310 0.000000 0.000000 0.000000 1.006443 1.006443 1.006443
SM_Grass_Patch_04 129.762400 1.886101 27.677220 0.000000 0.000000 0.000000 0.992028 0.992028 0.992028
SM_Grass_Patch_04 125.586800 1.886101 29.234600 0.000000 0.000000 0.000000 1.069327 1.069327 1.069327
SM_Grass_Patch_04 125.789300 1.886101 27.953280 0.000000 0.000000 0.000000 0.918795 0.918795 0.918795
SM_Grass_Patch_04 131.049400 1.886101 27.887760 0.000000 0.000000 0.000000 1.013053 1.013053 1.013053
SM_Grass_Patch_04 133.642300 2.168883 30.974730 0.000000 0.000000 0.000000 1.077582 1.077582 1.077582
SM_Grass_Patch_04 135.171500 1.886101 28.786270 0.000000 0.000000 0.000000 1.044843 1.044843 1.044843
SM_Grass_Patch_04 135.894900 1.886101 33.533330 0.000000 0.000000 0.000000 1.092225 1.092225 1.092225
SM_Grass_Patch_04 138.697300 1.886101 28.966120 0.000000 0.000000 0.000000 0.902658 0.902658 0.902658
SM_Grass_Patch_04 132.830500 1.886101 28.187600 0.000000 0.000000 0.000000 0.902271 0.902271 0.902271
SM_Grass_Patch_04 132.080100 2.311578 31.819490 0.000000 0.000000 0.000000 0.959973 0.959973 0.959973
SM_Grass_Patch_04 130.064000 2.474468 32.485490 0.000000 0.000000 0.000000 0.971589 0.971589 0.971589
SM_Grass_Patch_04 127.256600 1.886101 28.845420 0.000000 0.000000 0.000000 0.936101 0.936101 0.936101
SM_Grass_Patch_04 127.985700 2.233483 33.157070 0.000000 0.000000 0.000000 0.959575 0.959575 0.959575
SM_Grass_Patch_04 125.824800 1.994641 33.682270 0.000000 0.000000 0.000000 0.936372 0.936372 0.936372
SM_Grass_Patch_04 126.910000 2.018386 33.516450 0.000000 0.000000 0.000000 0.902301 0.902301 0.902301
SM_Grass_Patch_04 123.462600 1.871961 32.141460 0.000000 0.000000 0.000000 1.023455 1.023455 1.023455
SM_Grass_Patch_04 128.034600 2.277109 35.454880 0.000000 0.000000 0.000000 1.048938 1.048938 1.048938
SM_Grass_Patch_04 131.674800 2.212260 34.915470 0.000000 0.000000 0.000000 1.022788 1.022788 1.022788
SM_Grass_Patch_04 129.622700 2.521913 35.512240 0.000000 0.000000 0.000000 1.028084 1.028084 1.028084
SM_Grass_Patch_04 130.887600 2.117293 37.257500 0.000000 0.000000 0.000000 0.967837 0.967837 0.967837
SM_Grass_Patch_04 132.578800 2.296669 36.118890 0.000000 0.000000 0.000000 1.025796 1.025796 1.025796
SM_Grass_Patch_04 133.436600 2.511102 33.474970 0.000000 0.000000 0.000000 0.971865 0.971865 0.971865
SM_Grass_Patch_04 132.131900 2.440289 37.492530 0.000000 0.000000 0.000000 1.067393 1.067393 1.067393
SM_Grass_Patch_04 134.501600 2.552260 37.646090 0.000000 0.000000 0.000000 0.902711 0.902711 0.902711
SM_Grass_Patch_04 137.193100 2.033254 37.186560 0.000000 0.000000 0.000000 0.921081 0.921081 0.921081
SM_Grass_Patch_04 135.675200 2.361174 35.689690 0.000000 0.000000 0.000000 0.976810 0.976810 0.976810
SM_Grass_Patch_04 135.386300 2.253467 36.725300 0.000000 0.000000 0.000000 0.937394 0.937394 0.937394
SM_Grass_Patch_04 136.878400 1.903858 34.046120 0.000000 0.000000 0.000000 1.053656 1.053656 1.053656
SM_Grass_Patch_04 134.687600 2.375389 34.568790 0.000000 0.000000 0.000000 0.929789 0.929789 0.929789
SM_Grass_Patch_04 138.829700 2.027925 36.918020 0.000000 0.000000 0.000000 0.931734 0.931734 0.931734
SM_Grass_Patch_04 137.167600 1.999519 38.376960 0.000000 0.000000 0.000000 1.036633 1.036633 1.036633
SM_Grass_Patch_04 138.673300 1.886101 34.424390 0.000000 0.000000 0.000000 1.009465 1.009465 1.009465
SM_Grass_Patch_04 133.889500 2.608433 35.640060 0.000000 0.000000 0.000000 1.077297 1.077297 1.077297
SM_Grass_Patch_04 135.978200 2.164784 38.603530 0.000000 0.000000 0.000000 0.939106 0.939106 0.939106
SM_Grass_Patch_04 126.931400 2.002581 34.699380 0.000000 0.000000 0.000000 0.968433 0.968433 0.968433
SM_Grass_Patch_04 124.481900 2.203407 35.676570 0.000000 0.000000 0.000000 1.009402 1.009402 1.009402
SM_Grass_Patch_04 125.865400 1.924448 32.470600 0.000000 0.000000 0.000000 1.062385 1.062385 1.062385
SM_Grass_Patch_04 123.197600 2.003848 34.475590 0.000000 0.000000 0.000000 1.044021 1.044021 1.044021
SM_Grass_Patch_04 125.034500 1.939013 31.770450 0.000000 0.000000 0.000000 0.920880 0.920880 0.920880
SM_Grass_Patch_04 121.495100 1.857380 33.027760 0.000000 0.000000 0.000000 1.074817 1.074817 1.074817
SM_Grass_Patch_04 120.968500 1.886101 31.633290 0.000000 0.000000 0.000000 1.078706 1.078706 1.078706
SM_Grass_Patch_04 120.556800 1.981016 35.219000 0.000000 0.000000 0.000000 1.098089 1.098089 1.098089
SM_Grass_Patch_04 120.626000 1.886101 30.213100 0.000000 0.000000 0.000000 0.983622 0.983622 0.983622
SM_Grass_Patch_04 121.614300 1.922094 34.994620 0.000000 0.000000 0.000000 0.911068 0.911068 0.911068
SM_Grass_Patch_04 121.850800 1.886101 30.911720 0.000000 0.000000 0.000000 0.908743 0.908743 0.908743
SM_Grass_Patch_04 120.961900 2.125585 36.232510 0.000000 0.000000 0.000000 1.029656 1.029656 1.029656
SM_Grass_Patch_04 124.337200 2.037809 33.988600 0.000000 0.000000 0.000000 0.961335 0.961335 0.961335
SM_Grass_Patch_04 128.668400 1.593510 38.419840 0.000000 0.000000 0.000000 0.965711 0.965711 0.965711
SM_Grass_Patch_04 133.587000 2.362341 39.087040 0.000000 0.000000 0.000000 1.092621 1.092621 1.092621
SM_Grass_Patch_04 133.553100 2.601560 36.666000 0.000000 0.000000 0.000000 1.044352 1.044352 1.044352
SM_Grass_Patch_04 133.997000 1.954017 40.159440 0.000000 0.000000 0.000000 0.962706 0.962706 0.962706
SM_Grass_Patch_04 130.045500 2.598791 33.951100 0.000000 0.000000 0.000000 1.074727 1.074727 1.074727
SM_Grass_Patch_04 126.741700 1.764959 37.648060 0.000000 0.000000 0.000000 1.020723 1.020723 1.020723
SM_Grass_Patch_04 122.398300 1.825513 33.755270 0.000000 0.000000 0.000000 0.952043 0.952043 0.952043
SM_Grass_Patch_04 119.762700 1.886101 33.244950 0.000000 0.000000 0.000000 0.925531 0.925531 0.925531
SM_Grass_Patch_04 122.407500 1.836590 32.124290 0.000000 0.000000 0.000000 1.051452 1.051452 1.051452
SM_Grass_Patch_04 123.287000 2.215469 36.301560 0.000000 0.000000 0.000000 0.901617 0.901617 0.901617
SM_Grass_Patch_04 125.314500 2.039444 36.754210 0.000000 0.000000 0.000000 1.006687 1.006687 1.006687
SM_Grass_Patch_04 126.978600 1.971486 36.194200 0.000000 0.000000 0.000000 1.099949 1.099949 1.099949
SM_Grass_Patch_04 131.043500 1.986063 38.424240 0.000000 0.000000 0.000000 0.982851 0.982851 0.982851
SM_Grass_Patch_04 130.264100 1.849478 39.779220 0.000000 0.000000 0.000000 0.916008 0.916008 0.916008
SM_Grass_Patch_04 128.423500 2.040082 37.118590 0.000000 0.000000 0.000000 0.906454 0.906454 0.906454
SM_Grass_Patch_04 131.886700 1.933414 39.353950 0.000000 0.000000 0.000000 1.090662 1.090662 1.090662
SM_Grass_Patch_04 132.807600 1.735875 40.178530 0.000000 0.000000 0.000000 0.932751 0.932751 0.932751
SM_Grass_Patch_04 130.828400 2.253454 35.838890 0.000000 0.000000 0.000000 0.960786 0.960786 0.960786
SM_Grass_Patch_04 126.917900 1.562570 39.251980 0.000000 0.000000 0.000000 0.954165 0.954165 0.954165
SM_Grass_Patch_04 125.954400 1.904898 38.530530 0.000000 0.000000 0.000000 1.047083 1.047083 1.047083
SM_Grass_Patch_04 128.659100 2.483573 33.997340 0.000000 0.000000 0.000000 1.082574 1.082574 1.082574
SM_Grass_Patch_04 124.163100 2.047068 37.535050 0.000000 0.000000 0.000000 1.039095 1.039095 1.039095
SM_Grass_Patch_04 121.551400 2.165791 37.261960 0.000000 0.000000 0.000000 0.912905 0.912905 0.912905
SM_Grass_Patch_04 125.543400 2.101605 34.764450 0.000000 0.000000 0.000000 0.926123 0.926123 0.926123
SM_Grass_Patch_04 124.597800 2.126752 38.690510 0.000000 0.000000 0.000000 0.969106 0.969106 0.969106
SM_Grass_Patch_04 129.067500 1.775740 39.621320 0.000000 0.000000 0.000000 0.911725 0.911725 0.911725
SM_Grass_Patch_04 126.958500 1.919527 40.539840 0.000000 0.000000 0.000000 0.904313 0.904313 0.904313
SM_Grass_Patch_04 122.349100 2.129679 39.093930 0.000000 0.000000 0.000000 0.949922 0.949922 0.949922
SM_Grass_Patch_04 123.949600 2.281512 39.733860 0.000000 0.000000 0.000000 1.057934 1.057934 1.057934
SM_Grass_Patch_04 129.898300 1.423752 42.334030 0.000000 0.000000 0.000000 1.081474 1.081474 1.081474
SM_Grass_Patch_04 131.315800 1.378406 40.831520 0.000000 0.000000 0.000000 0.976270 0.976270 0.976270
SM_Grass_Patch_04 128.114400 1.995971 40.957870 0.000000 0.000000 0.000000 0.942181 0.942181 0.942181
SM_Grass_Patch_04 125.666400 1.982219 40.142380 0.000000 0.000000 0.000000 1.083135 1.083135 1.083135
SM_Grass_Patch_04 126.391700 2.210828 42.064580 0.000000 0.000000 0.000000 1.009871 1.009871 1.009871
SM_Grass_Patch_04 123.200700 2.071459 38.181960 0.000000 0.000000 0.000000 1.093807 1.093807 1.093807
SM_Grass_Patch_04 123.062100 2.486698 41.414060 0.000000 0.000000 0.000000 1.001451 1.001451 1.001451
SM_Grass_Patch_04 121.927200 2.193619 40.143510 0.000000 0.000000 0.000000 1.051670 1.051670 1.051670
SM_Grass_Patch_04 120.965500 2.101907 41.639810 0.000000 0.000000 0.000000 0.984127 0.984127 0.984127
SM_Grass_Patch_04 124.365200 2.423683 41.139820 0.000000 0.000000 0.000000 1.061919 1.061919 1.061919
SM_Grass_Patch_04 130.588000 1.407520 43.426930 0.000000 0.000000 0.000000 1.084609 1.084609 1.084609
SM_Grass_Patch_04 129.187000 1.944760 40.859020 0.000000 0.000000 0.000000 0.959488 0.959488 0.959488
SM_Grass_Patch_04 128.372000 1.810093 44.779410 0.000000 0.000000 0.000000 0.922809 0.922809 0.922809
SM_Grass_Patch_04 127.545900 1.557662 43.805890 0.000000 0.000000 0.000000 1.008988 1.008988 1.008988
SM_Grass_Patch_04 126.412000 1.942891 43.297010 0.000000 0.000000 0.000000 1.015571 1.015571 1.015571
SM_Grass_Patch_04 127.630000 1.948174 41.967620 0.000000 0.000000 0.000000 0.943018 0.943018 0.943018
SM_Grass_Patch_04 131.838900 1.208570 41.745270 0.000000 0.000000 0.000000 1.044688 1.044688 1.044688
SM_Grass_Patch_04 128.912000 1.470693 43.718160 0.000000 0.000000 0.000000 0.992656 0.992656 0.992656
SM_Grass_Patch_04 132.654400 1.527294 42.455450 0.000000 0.000000 0.000000 0.923944 0.923944 0.923944
SM_Grass_Patch_04 131.727300 1.537183 43.923870 0.000000 0.000000 0.000000 1.026477 1.026477 1.026477
SM_Grass_Patch_04 130.181600 1.844067 44.777760 0.000000 0.000000 0.000000 0.987392 0.987392 0.987392
SM_Grass_Patch_04 128.529500 1.594712 42.568960 0.000000 0.000000 0.000000 1.078134 1.078134 1.078134
SM_Grass_Patch_04 126.786300 1.693007 46.081450 0.000000 0.000000 0.000000 0.935336 0.935336 0.935336
SM_Grass_Patch_04 125.650800 1.567079 45.678020 0.000000 0.000000 0.000000 1.070082 1.070082 1.070082
SM_Grass_Patch_04 125.117200 2.458335 42.353160 0.000000 0.000000 0.000000 0.933900 0.933900 0.933900
SM_Grass_Patch_04 127.876300 1.975066 46.173190 0.000000 0.000000 0.000000 0.910171 0.910171 0.910171
SM_Grass_Patch_04 129.508200 1.877280 46.907790 0.000000 0.000000 0.000000 0.921966 0.921966 0.921966
SM_Grass_Patch_04 129.803200 1.539263 49.150130 0.000000 0.000000 0.000000 1.036716 1.036716 1.036716
SM_Grass_Patch_04 127.283600 1.130841 49.280980 0.000000 0.000000 0.000000 1.019201 1.019201 1.019201
SM_Grass_Patch_04 131.045600 1.707940 46.211460 0.000000 0.000000 0.000000 1.086972 1.086972 1.086972
SM_Grass_Patch_04 128.232800 1.682276 48.106330 0.000000 0.000000 0.000000 0.906996 0.906996 0.906996
SM_Grass_Patch_04 131.530400 1.717413 47.657300 0.000000 0.000000 0.000000 0.910939 0.910939 0.910939
SM_Grass_Patch_04 131.488900 1.652176 50.206150 0.000000 0.000000 0.000000 1.069414 1.069414 1.069414
SM_Grass_Patch_04 130.853700 1.735877 51.513330 0.000000 0.000000 0.000000 0.969691 0.969691 0.969691
SM_Grass_Patch_04 130.367200 1.527399 47.794040 0.000000 0.000000 0.000000 1.023928 1.023928 1.023928
SM_Grass_Patch_04 130.923100 1.375561 49.099810 0.000000 0.000000 0.000000 0.938353 0.938353 0.938353
SM_Grass_Patch_04 125.091100 2.210385 43.963520 0.000000 0.000000 0.000000 0.968672 0.968672 0.968672
SM_Grass_Patch_04 127.312900 1.605153 47.164260 0.000000 0.000000 0.000000 0.943815 0.943815 0.943815
SM_Grass_Patch_04 129.191800 2.052568 45.782700 0.000000 0.000000 0.000000 0.998483 0.998483 0.998483
SM_Grass_Patch_04 132.174100 1.902842 51.102710 0.000000 0.000000 0.000000 0.964654 0.964654 0.964654
SM_Grass_Patch_04 132.792100 1.790459 47.378600 0.000000 0.000000 0.000000 1.090098 1.090098 1.090098
SM_Grass_Patch_04 132.834600 1.802862 49.566740 0.000000 0.000000 0.000000 0.929884 0.929884 0.929884
SM_Grass_Patch_04 132.505400 1.509592 45.871780 0.000000 0.000000 0.000000 0.921434 0.921434 0.921434
SM_Grass_Patch_04 129.359500 1.595839 48.183110 0.000000 0.000000 0.000000 0.938657 0.938657 0.938657
SM_Grass_Patch_04 132.860900 1.460796 44.795280 0.000000 0.000000 0.000000 0.980403 0.980403 0.980403
SM_Grass_Patch_04 134.429400 1.747609 47.075240 0.000000 0.000000 0.000000 0.947270 0.947270 0.947270
SM_Grass_Patch_04 133.789400 1.654972 48.103610 0.000000 0.000000 0.000000 1.025160 1.025160 1.025160
SM_Grass_Patch_04 132.259000 1.715965 48.671520 0.000000 0.000000 0.000000 0.912311 0.912311 0.912311
SM_Grass_Patch_04 134.028900 1.790606 43.917210 0.000000 0.000000 0.000000 1.024861 1.024861 1.024861
SM_Grass_Patch_04 131.732100 1.447846 45.074500 0.000000 0.000000 0.000000 0.985935 0.985935 0.985935
SM_Grass_Patch_04 133.948900 1.575747 41.518060 0.000000 0.000000 0.000000 0.902711 0.902711 0.902711
SM_Grass_Patch_04 133.809300 1.746130 42.711910 0.000000 0.000000 0.000000 1.042332 1.042332 1.042332
SM_Grass_Patch_04 132.755300 1.609672 43.702760 0.000000 0.000000 0.000000 0.975659 0.975659 0.975659
SM_Grass_Patch_04 134.924600 1.813231 40.752160 0.000000 0.000000 0.000000 1.072908 1.072908 1.072908
SM_Grass_Patch_04 135.124100 1.679879 41.956820 0.000000 0.000000 0.000000 1.054830 1.054830 1.054830
SM_Grass_Patch_04 134.935900 2.405776 38.753240 0.000000 0.000000 0.000000 1.029961 1.029961 1.029961
SM_Grass_Patch_04 135.980300 1.805123 41.003470 0.000000 0.000000 0.000000 1.078181 1.078181 1.078181
SM_Grass_Patch_04 136.693500 1.931145 39.594300 0.000000 0.000000 0.000000 0.977602 0.977602 0.977602
SM_Grass_Patch_04 130.304900 1.514572 50.485660 0.000000 0.000000 0.000000 1.030807 1.030807 1.030807
SM_Grass_Patch_04 133.617600 1.845430 50.338980 0.000000 0.000000 0.000000 0.978152 0.978152 0.978152
SM_Grass_Patch_04 134.189200 1.794543 49.117910 0.000000 0.000000 0.000000 1.050648 1.050648 1.050648
SM_Grass_Patch_04 133.716500 1.828073 52.034290 0.000000 0.000000 0.000000 0.929998 0.929998 0.929998
SM_Grass_Patch_04 133.106700 1.850259 53.093380 0.000000 0.000000 0.000000 1.097725 1.097725 1.097725
SM_Grass_Patch_04 134.782100 1.811172 50.474160 0.000000 0.000000 0.000000 0.921492 0.921492 0.921492
SM_Grass_Patch_04 131.151000 1.758462 53.149740 0.000000 0.000000 0.000000 0.947868 0.947868 0.947868
SM_Grass_Patch_04 132.400800 1.951986 54.319610 0.000000 0.000000 0.000000 1.049407 1.049407 1.049407
SM_Grass_Patch_04 134.675700 1.885410 52.830360 0.000000 0.000000 0.000000 0.943402 0.943402 0.943402
SM_Grass_Patch_04 134.305600 1.937988 53.906290 0.000000 0.000000 0.000000 1.026532 1.026532 1.026532
SM_Grass_Patch_04 132.336000 1.786068 52.329540 0.000000 0.000000 0.000000 0.965473 0.965473 0.965473
SM_Grass_Patch_04 133.038200 1.896008 55.266870 0.000000 0.000000 0.000000 0.951742 0.951742 0.951742
SM_Grass_Patch_04 131.370200 2.142465 55.301000 0.000000 0.000000 0.000000 1.015419 1.015419 1.015419
SM_Grass_Patch_04 132.209700 2.056963 56.102130 0.000000 0.000000 0.000000 0.902482 0.902482 0.902482
SM_Grass_Patch_04 134.339300 2.003836 55.441170 0.000000 0.000000 0.000000 1.027841 1.027841 1.027841
SM_Grass_Patch_04 134.896500 2.033125 56.454510 0.000000 0.000000 0.000000 0.914904 0.914904 0.914904
SM_Grass_Patch_04 131.941600 2.049718 57.353320 0.000000 0.000000 0.000000 0.979488 0.979488 0.979488
SM_Grass_Patch_04 135.558300 1.969918 54.734550 0.000000 0.000000 0.000000 1.018259 1.018259 1.018259
SM_Grass_Patch_04 133.102500 1.886101 57.812410 0.000000 0.000000 0.000000 0.938347 0.938347 0.938347
SM_Grass_Patch_04 132.522300 2.044147 59.015980 0.000000 0.000000 0.000000 1.096747 1.096747 1.096747
SM_Grass_Patch_04 133.711100 1.923730 56.534480 0.000000 0.000000 0.000000 0.940436 0.940436 0.940436
SM_Grass_Patch_04 135.774400 1.849754 57.498430 0.000000 0.000000 0.000000 0.949637 0.949637 0.949637
SM_Grass_Patch_04 135.213100 1.864678 58.788870 0.000000 0.000000 0.000000 0.953911 0.953911 0.953911
SM_Grass_Patch_04 133.627700 2.012428 59.859580 0.000000 0.000000 0.000000 0.968996 0.968996 0.968996
SM_Grass_Patch_04 131.766700 1.949464 60.228470 0.000000 0.000000 0.000000 0.958538 0.958538 0.958538
SM_Grass_Patch_04 130.837500 2.085425 59.408970 0.000000 0.000000 0.000000 1.034076 1.034076 1.034076
SM_Grass_Patch_04 135.762300 1.827709 60.058080 0.000000 0.000000 0.000000 0.998098 0.998098 0.998098
SM_Grass_Patch_04 134.547800 1.914536 57.973840 0.000000 0.000000 0.000000 0.989477 0.989477 0.989477
SM_Grass_Patch_04 130.593300 1.964569 60.778220 0.000000 0.000000 0.000000 1.094728 1.094728 1.094728
SM_Grass_Patch_04 133.481900 1.904413 61.470010 0.000000 0.000000 0.000000 1.001145 1.001145 1.001145
SM_Grass_Patch_04 131.846500 1.874478 61.875360 0.000000 0.000000 0.000000 1.036527 1.036527 1.036527
SM_Grass_Patch_04 134.335800 1.860842 62.657790 0.000000 0.000000 0.000000 0.910853 0.910853 0.910853
SM_Grass_Patch_04 135.477800 1.872775 62.102430 0.000000 0.000000 0.000000 0.927337 0.927337 0.927337
SM_Grass_Patch_04 132.231100 1.809402 63.095540 0.000000 0.000000 0.000000 0.903966 0.903966 0.903966
SM_Grass_Patch_04 129.885700 2.209014 61.781070 0.000000 0.000000 0.000000 1.074197 1.074197 1.074197
SM_Grass_Patch_04 133.441600 1.857691 63.280970 0.000000 0.000000 0.000000 0.910300 0.910300 0.910300
SM_Grass_Patch_04 130.833200 2.130287 62.248570 0.000000 0.000000 0.000000 0.980866 0.980866 0.980866
SM_Grass_Patch_04 134.574100 1.877863 60.879030 0.000000 0.000000 0.000000 1.068563 1.068563 1.068563
SM_Grass_Patch_04 132.851900 1.851995 60.628580 0.000000 0.000000 0.000000 0.999759 0.999759 0.999759
SM_Grass_Patch_04 150.943100 1.886101 28.233850 0.000000 0.000000 0.000000 1.030407 1.030407 1.030407
SM_Grass_Patch_04 148.639700 1.886101 27.962510 0.000000 0.000000 0.000000 1.026198 1.026198 1.026198
SM_Grass_Patch_04 153.160300 1.886101 28.689260 0.000000 0.000000 0.000000 0.912790 0.912790 0.912790
SM_Grass_Patch_04 151.594900 1.886101 30.340980 0.000000 0.000000 0.000000 0.977756 0.977756 0.977756
SM_Grass_Patch_04 158.382700 1.886101 22.601610 0.000000 0.000000 0.000000 0.943752 0.943752 0.943752
SM_Grass_Patch_04 158.146700 1.886101 23.938430 0.000000 0.000000 0.000000 1.053076 1.053076 1.053076
SM_Grass_Patch_04 159.888600 1.886101 23.510770 0.000000 0.000000 0.000000 1.005436 1.005436 1.005436
SM_Grass_Patch_04 159.410400 1.886101 22.095970 0.000000 0.000000 0.000000 1.012493 1.012493 1.012493
SM_Grass_Patch_04 141.282100 1.886101 27.381870 0.000000 0.000000 0.000000 0.969425 0.969425 0.969425
SM_Grass_Patch_04 22.133560 3.689215 68.529820 0.000000 0.000000 0.000000 0.997397 0.997397 0.997397
SM_Grass_Patch_04 21.700260 3.604195 67.132840 0.000000 0.000000 0.000000 0.905181 0.905181 0.905181
SM_Bush_03 19.024940 3.613425 32.065020 0.000000 0.000000 0.000000 0.953692 0.953692 0.953692
SM_Bush_03 18.418580 3.846559 34.786880 0.000000 0.000000 0.000000 0.994308 0.994308 0.994308
SM_Bush_03 17.925540 4.015723 33.716480 0.000000 0.000000 0.000000 0.991884 0.991884 0.991884
SM_Bush_03 20.639420 3.387658 30.831190 0.000000 0.000000 0.000000 1.085153 1.085153 1.085153
SM_Bush_03 17.212860 3.512378 29.256710 0.000000 0.000000 0.000000 0.954182 0.954182 0.954182
SM_Bush_03 18.054780 3.591350 24.847540 0.000000 0.000000 0.000000 1.015988 1.015988 1.015988
SM_Bush_03 15.799810 4.301066 31.782100 0.000000 0.000000 0.000000 0.928558 0.928558 0.928558
SM_Bush_03 14.865700 3.981710 35.178010 0.000000 0.000000 0.000000 0.907661 0.907661 0.907661
SM_Bush_03 15.153050 3.904572 38.312530 0.000000 0.000000 0.000000 0.928510 0.928510 0.928510
SM_Bush_03 14.093930 3.486816 37.082010 0.000000 0.000000 0.000000 1.034130 1.034130 1.034130
SM_Bush_03 16.160050 4.187807 37.584950 0.000000 0.000000 0.000000 1.054675 1.054675 1.054675
SM_Bush_03 15.325020 3.954993 39.455660 0.000000 0.000000 0.000000 0.917189 0.917189 0.917189
SM_Bush_03 18.780270 4.006955 37.387150 0.000000 0.000000 0.000000 0.918050 0.918050 0.918050
SM_Bush_03 15.946750 3.981764 40.483820 0.000000 0.000000 0.000000 1.030786 1.030786 1.030786
SM_Bush_03 13.863480 3.434830 38.078080 0.000000 0.000000 0.000000 0.969581 0.969581 0.969581
SM_Bush_03 19.503950 3.939472 38.185880 0.000000 0.000000 0.000000 1.061624 1.061624 1.061624
SM_Bush_03 14.293160 3.593010 39.103820 0.000000 0.000000 0.000000 1.001308 1.001308 1.001308
SM_Bush_03 17.194360 3.973996 35.971180 0.000000 0.000000 0.000000 0.923828 0.923828 0.923828
SM_Bush_03 13.175890 4.102995 35.339320 0.000000 0.000000 0.000000 0.999690 0.999690 0.999690
SM_Bush_03 12.230370 3.427689 36.751450 0.000000 0.000000 0.000000 1.000639 1.000639 1.000639
SM_Bush_03 13.201020 3.569614 36.330720 0.000000 0.000000 0.000000 1.059734 1.059734 1.059734
SM_Bush_03 11.783450 4.507431 33.708870 0.000000 0.000000 0.000000 1.073706 1.073706 1.073706
SM_Bush_03 12.057310 4.236712 30.977430 0.000000 0.000000 0.000000 1.060876 1.060876 1.060876
SM_Bush_03 9.791691 4.746776 30.217080 0.000000 0.000000 0.000000 1.073114 1.073114 1.073114
SM_Bush_03 21.027090 3.839032 36.455490 0.000000 0.000000 0.000000 1.030953 1.030953 1.030953
SM_Bush_03 22.660810 2.762589 37.845570 0.000000 0.000000 0.000000 0.938927 0.938927 0.938927
SM_Bush_03 21.810730 3.163535 39.411390 0.000000 0.000000 0.000000 1.017527 1.017527 1.017527
SM_Bush_03 24.565300 2.858880 38.394040 0.000000 0.000000 0.000000 0.968682 0.968682 0.968682
SM_Bush_03 23.923830 2.949743 36.380200 0.000000 0.000000 0.000000 1.072657 1.072657 1.072657
SM_Bush_03 14.091590 4.325488 30.280260 0.000000 0.000000 0.000000 0.967882 0.967882 0.967882
SM_Bush_03 11.712140 4.331871 26.394880 0.000000 0.000000 0.000000 1.067871 1.067871 1.067871
SM_Bush_03 8.287590 4.586592 29.512910 0.000000 0.000000 0.000000 1.035742 1.035742 1.035742
SM_Bush_03 10.865750 4.373165 25.284150 0.000000 0.000000 0.000000 1.059255 1.059255 1.059255
SM_Bush_03 7.163433 4.211683 26.392120 0.000000 0.000000 0.000000 0.921393 0.921393 0.921393
SM_Bush_03 7.730167 4.618956 28.612030 0.000000 0.000000 0.000000 1.084018 1.084018 1.084018
SM_Bush_03 5.235561 4.429059 25.210640 0.000000 0.000000 0.000000 1.050562 1.050562 1.050562
SM_Bush_03 11.123840 4.143691 34.915100 0.000000 0.000000 0.000000 0.977066 0.977066 0.977066
SM_Bush_03 9.133587 4.247957 33.081060 0.000000 0.000000 0.000000 0.964933 0.964933 0.964933
SM_Bush_03 10.666240 4.373190 32.055720 0.000000 0.000000 0.000000 0.965227 0.965227 0.965227
SM_Bush_03 8.778721 3.661798 34.575810 0.000000 0.000000 0.000000 1.030295 1.030295 1.030295
SM_Bush_03 7.622368 4.224147 31.567220 0.000000 0.000000 0.000000 0.997930 0.997930 0.997930
SM_Bush_03 5.750271 4.156630 22.758520 0.000000 0.000000 0.000000 1.015374 1.015374 1.015374
SM_Bush_03 9.822289 4.381327 24.861960 0.000000 0.000000 0.000000 1.048081 1.048081 1.048081
SM_Bush_03 11.936410 4.221829 25.429780 0.000000 0.000000 0.000000 0.902478 0.902478 0.902478
SM_Bush_03 13.176170 4.165744 23.069170 0.000000 0.000000 0.000000 1.026283 1.026283 1.026283
SM_Bush_03 13.312650 4.025271 20.172430 0.000000 0.000000 0.000000 1.042324 1.042324 1.042324
SM_Bush_03 15.341330 3.833759 22.472320 0.000000 0.000000 0.000000 0.987685 0.987685 0.987685
SM_Bush_03 12.251510 3.753891 19.018320 0.000000 0.000000 0.000000 1.042863 1.042863 1.042863
SM_Bush_03 5.938736 3.753891 15.995080 0.000000 0.000000 0.000000 1.042395 1.042395 1.042395
SM_Bush_03 9.016010 3.753891 13.160080 0.000000 0.000000 0.000000 1.023331 1.023331 1.023331
SM_Bush_03 10.986640 3.753891 18.510850 0.000000 0.000000 0.000000 1.067300 1.067300 1.067300
SM_Bush_03 5.233379 3.753891 12.862980 0.000000 0.000000 0.000000 1.061316 1.061316 1.061316
SM_Bush_03 4.533310 3.753891 11.562570 0.000000 0.000000 0.000000 0.948761 0.948761 0.948761
SM_Bush_03 4.109753 3.753891 13.117080 0.000000 0.000000 0.000000 1.063589 1.063589 1.063589
SM_Bush_03 3.311481 3.753891 12.118030 0.000000 0.000000 0.000000 1.012169 1.012169 1.012169
SM_Bush_03 2.764359 3.608783 9.994389 0.000000 0.000000 0.000000 0.987596 0.987596 0.987596
SM_Bush_03 2.661884 3.530518 11.141650 0.000000 0.000000 0.000000 1.040064 1.040064 1.040064
SM_Bush_03 3.465401 3.668873 8.158827 0.000000 0.000000 0.000000 0.908351 0.908351 0.908351
SM_Bush_03 28.381290 3.675716 22.731720 0.000000 0.000000 0.000000 1.078315 1.078315 1.078315
SM_Bush_03 30.352540 3.379106 26.020780 0.000000 0.000000 0.000000 0.953319 0.953319 0.953319
SM_Bush_03 36.678630 3.720576 28.478760 0.000000 0.000000 0.000000 0.926114 0.926114 0.926114
SM_Bush_03 34.059190 3.269902 31.811280 0.000000 0.000000 0.000000 1.032164 1.032164 1.032164
SM_Bush_03 39.717180 3.957675 31.426350 0.000000 0.000000 0.000000 0.909100 0.909100 0.909100
SM_Bush_03 35.402000 3.297343 31.370460 0.000000 0.000000 0.000000 1.035267 1.035267 1.035267
SM_Bush_03 32.583610 3.717970 24.365040 0.000000 0.000000 0.000000 1.035160 1.035160 1.035160
SM_Bush_03 36.285790 3.884409 24.992030 0.000000 0.000000 0.000000 1.013928 1.013928 1.013928
SM_Bush_03 31.290730 3.355637 24.146900 0.000000 0.000000 0.000000 0.908632 0.908632 0.908632
SM_Bush_03 35.963240 4.119056 22.334630 0.000000 0.000000 0.000000 1.036453 1.036453 1.036453
SM_Bush_03 33.665240 3.808116 26.669150 0.000000 0.000000 0.000000 1.025712 1.025712 1.025712
SM_Bush_03 38.114340 4.088059 28.547260 0.000000 0.000000 0.000000 1.083619 1.083619 1.083619
SM_Bush_03 39.427240 4.029473 33.313340 0.000000 0.000000 0.000000 0.901797 0.901797 0.901797
SM_Bush_03 36.231060 2.885630 35.396400 0.000000 0.000000 0.000000 1.094324 1.094324 1.094324
SM_Bush_03 37.346290 2.861701 33.465670 0.000000 0.000000 0.000000 0.953017 0.953017 0.953017
SM_Bush_03 30.592110 3.931499 29.546530 0.000000 0.000000 0.000000 1.056611 1.056611 1.056611
SM_Bush_03 29.350620 3.353892 25.600490 0.000000 0.000000 0.000000 1.086911 1.086911 1.086911
SM_Bush_03 28.893800 3.387658 24.606980 0.000000 0.000000 0.000000 1.083541 1.083541 1.083541
SM_Bush_03 28.341090 3.457695 25.671150 0.000000 0.000000 0.000000 1.079523 1.079523 1.079523
SM_Bush_03 27.851030 3.845449 21.154130 0.000000 0.000000 0.000000 0.907092 0.907092 0.907092
SM_Bush_03 27.285390 3.751960 22.483250 0.000000 0.000000 0.000000 1.085467 1.085467 1.085467
SM_Bush_03 26.836200 3.845449 21.108710 0.000000 0.000000 0.000000 1.039536 1.039536 1.039536
SM_Bush_03 27.781490 3.394998 24.812760 0.000000 0.000000 0.000000 0.998255 0.998255 0.998255
SM_Bush_03 28.727320 3.421623 27.804950 0.000000 0.000000 0.000000 1.088224 1.088224 1.088224
SM_Bush_03 29.894100 3.542235 26.904830 0.000000 0.000000 0.000000 1.071169 1.071169 1.071169
SM_Bush_03 28.415550 3.845449 19.171650 0.000000 0.000000 0.000000 0.942789 0.942789 0.942789
SM_Bush_03 27.305290 3.845449 19.337190 0.000000 0.000000 0.000000 1.007822 1.007822 1.007822
SM_Bush_03 26.091750 3.838196 19.000610 0.000000 0.000000 0.000000 1.002381 1.002381 1.002381
SM_Bush_03 28.061750 3.998242 16.359250 0.000000 0.000000 0.000000 1.040308 1.040308 1.040308
SM_Bush_03 28.950360 3.973726 17.079070 0.000000 0.000000 0.000000 1.061480 1.061480 1.061480
SM_Bush_03 25.177190 3.589624 18.421140 0.000000 0.000000 0.000000 1.084955 1.084955 1.084955
SM_Bush_03 26.633990 3.845449 16.825940 0.000000 0.000000 0.000000 0.962300 0.962300 0.962300
SM_Bush_03 28.133300 4.211683 14.380120 0.000000 0.000000 0.000000 1.067184 1.067184 1.067184
SM_Bush_03 35.894290 4.009315 20.171320 0.000000 0.000000 0.000000 0.915195 0.915195 0.915195
SM_Bush_03 33.432010 4.211361 19.642460 0.000000 0.000000 0.000000 0.959746 0.959746 0.959746
SM_Bush_03 32.417840 4.199583 17.311840 0.000000 0.000000 0.000000 1.081487 1.081487 1.081487
SM_Bush_03 29.188440 4.211683 14.042500 0.000000 0.000000 0.000000 1.010384 1.010384 1.010384
SM_Bush_03 32.408910 4.211683 13.689450 0.000000 0.000000 0.000000 0.914617 0.914617 0.914617
SM_Bush_03 26.255670 4.211683 10.786050 0.000000 0.000000 0.000000 0.965536 0.965536 0.965536
SM_Bush_03 25.506720 4.211683 10.017230 0.000000 0.000000 0.000000 1.015217 1.015217 1.015217
SM_Bush_03 25.531550 2.814349 8.794909 0.000000 0.000000 0.000000 0.972453 0.972453 0.972453
SM_Bush_03 27.442770 1.821121 7.819153 0.000000 0.000000 0.000000 0.901735 0.901735 0.901735
SM_Bush_03 29.777840 2.218783 8.313187 0.000000 0.000000 0.000000 0.940922 0.940922 0.940922
SM_Bush_03 29.537220 3.845449 21.103410 0.000000 0.000000 0.000000 1.000947 1.000947 1.000947
SM_Grass_Patch_09 24.347940 3.557529 14.255630 0.000000 0.000000 0.000000 0.929355 0.929355 0.929355
SM_Grass_Patch_09 25.502840 3.845449 14.484580 0.000000 0.000000 0.000000 0.941052 0.941052 0.941052
SM_Grass_Patch_09 26.034470 3.696153 21.798040 0.000000 0.000000 0.000000 1.032805 1.032805 1.032805
SM_Grass_Patch_09 25.644220 3.655283 17.560610 0.000000 0.000000 0.000000 1.048709 1.048709 1.048709
SM_Grass_Patch_09 30.656930 3.920552 18.305260 0.000000 0.000000 0.000000 1.084170 1.084170 1.084170
SM_Grass_Patch_09 33.307040 3.091403 34.873740 0.000000 0.000000 0.000000 1.008784 1.008784 1.008784
SM_Grass_Patch_09 37.454170 4.242543 23.930840 0.000000 0.000000 0.000000 1.002593 1.002593 1.002593
SM_Grass_Patch_09 34.470390 3.880257 22.807840 0.000000 0.000000 0.000000 0.980791 0.980791 0.980791
SM_Grass_Patch_09 38.564880 4.077969 24.839640 0.000000 0.000000 0.000000 0.952301 0.952301 0.952301
SM_Grass_Patch_09 39.510240 3.513279 39.800890 0.000000 0.000000 0.000000 0.979021 0.979021 0.979021
SM_Grass_Patch_09 36.565800 3.511123 39.246200 0.000000 0.000000 0.000000 0.973893 0.973893 0.973893
SM_Grass_Patch_09 37.919270 3.222853 46.843170 0.000000 0.000000 0.000000 0.924663 0.924663 0.924663
SM_Grass_Patch_09 36.874070 3.228231 46.786950 0.000000 0.000000 0.000000 0.936493 0.936493 0.936493
SM_Grass_Patch_09 39.133430 3.215302 46.903960 0.000000 0.000000 0.000000 0.928107 0.928107 0.928107
SM_Grass_Patch_09 36.719600 3.520501 44.091830 0.000000 0.000000 0.000000 1.097060 1.097060 1.097060
SM_Grass_Patch_09 40.122400 3.772915 44.347230 0.000000 0.000000 0.000000 0.930983 0.930983 0.930983
SM_Grass_Patch_09 40.601590 3.387658 39.388110 0.000000 0.000000 0.000000 1.045544 1.045544 1.045544
SM_Grass_Patch_09 39.760470 4.296360 37.128780 0.000000 0.000000 0.000000 1.085423 1.085423 1.085423
SM_Grass_Patch_09 41.518470 4.092076 37.126260 0.000000 0.000000 0.000000 0.992455 0.992455 0.992455
SM_Grass_Patch_09 41.836110 3.551174 41.965520 0.000000 0.000000 0.000000 0.958965 0.958965 0.958965
SM_Grass_Patch_09 40.628890 3.525867 42.412490 0.000000 0.000000 0.000000 0.903526 0.903526 0.903526
SM_Grass_Patch_09 37.351500 3.463392 40.090020 0.000000 0.000000 0.000000 0.947126 0.947126 0.947126
SM_Grass_Patch_09 40.278170 4.141728 35.492160 0.000000 0.000000 0.000000 0.912395 0.912395 0.912395
SM_Bush_03 26.779360 3.442593 37.071540 0.000000 0.000000 0.000000 1.098527 1.098527 1.098527
SM_Bush_03 25.814680 3.247002 36.245470 0.000000 0.000000 0.000000 0.941259 0.941259 0.941259
SM_Bush_03 24.373870 2.645459 40.440690 0.000000 0.000000 0.000000 1.014942 1.014942 1.014942
SM_Bush_03 23.382080 3.442593 31.661190 0.000000 0.000000 0.000000 1.097937 1.097937 1.097937
SM_Bush_03 20.274020 4.053762 35.781530 0.000000 0.000000 0.000000 0.904551 0.904551 0.904551
SM_Bush_03 21.645310 3.382805 30.619680 0.000000 0.000000 0.000000 0.958503 0.958503 0.958503
SM_Bush_03 20.572680 3.409035 41.021260 0.000000 0.000000 0.000000 0.907780 0.907780 0.907780
SM_Bush_03 19.616760 3.458928 40.270790 0.000000 0.000000 0.000000 1.022722 1.022722 1.022722
SM_Bush_03 17.911120 4.095902 37.850170 0.000000 0.000000 0.000000 1.016292 1.016292 1.016292
SM_Bush_03 14.831620 4.431381 31.587460 0.000000 0.000000 0.000000 0.957144 0.957144 0.957144
SM_Bush_03 13.651680 4.426550 27.993990 0.000000 0.000000 0.000000 1.093225 1.093225 1.093225
SM_Bush_03 10.253660 4.614625 28.379020 0.000000 0.000000 0.000000 1.017468 1.017468 1.017468
SM_Bush_03 10.032670 3.970402 34.410880 0.000000 0.000000 0.000000 0.900494 0.900494 0.900494
SM_Bush_03 9.082012 3.395304 36.432010 0.000000 0.000000 0.000000 0.990858 0.990858 0.990858
SM_Bush_03 8.168819 4.368124 25.627750 0.000000 0.000000 0.000000 1.009825 1.009825 1.009825
SM_Bush_03 8.337040 3.918696 19.016990 0.000000 0.000000 0.000000 0.933390 0.933390 0.933390
SM_Bush_03 5.201847 3.753891 15.314110 0.000000 0.000000 0.000000 0.950721 0.950721 0.950721
SM_Bush_03 6.545132 3.856948 17.919300 0.000000 0.000000 0.000000 0.998661 0.998661 0.998661
SM_Grass_Patch_04 52.749450 1.263986 48.337070 0.000000 0.000000 0.000000 1.064572 1.064572 1.064572
SM_Grass_Patch_04 51.647970 1.923559 48.518140 0.000000 0.000000 0.000000 0.971786 0.971786 0.971786
SM_Grass_Patch_04 51.515130 1.208570 49.712290 0.000000 0.000000 0.000000 1.068442 1.068442 1.068442
SM_Grass_Patch_04 53.673580 1.208570 52.833040 0.000000 0.000000 0.000000 0.975341 0.975341 0.975341
SM_Grass_Patch_04 54.533390 1.208570 54.019060 0.000000 0.000000 0.000000 1.063729 1.063729 1.063729
SM_Grass_Patch_04 49.564670 1.260111 50.057910 0.000000 0.000000 0.000000 0.945450 0.945450 0.945450
SM_Grass_Patch_04 49.295020 3.223340 46.949740 0.000000 0.000000 0.000000 0.939665 0.939665 0.939665
SM_Grass_Patch_04 50.585820 2.124068 48.613660 0.000000 0.000000 0.000000 0.902791 0.902791 0.902791
SM_Grass_Patch_04 48.876900 1.892790 48.269450 0.000000 0.000000 0.000000 1.099628 1.099628 1.099628
SM_Grass_Patch_04 45.251360 3.508276 44.729470 0.000000 0.000000 0.000000 1.000731 1.000731 1.000731
SM_Grass_Patch_04 43.183610 3.591622 43.392510 0.000000 0.000000 0.000000 1.087626 1.087626 1.087626
SM_Bush_03 39.248180 3.692592 24.065130 0.000000 0.000000 0.000000 0.986405 0.986405 0.986405
SM_Bush_03 31.565410 3.357129 32.400120 0.000000 0.000000 0.000000 1.044209 1.044209 1.044209
SM_Bush_03 27.953690 3.389695 26.998810 0.000000 0.000000 0.000000 0.912169 0.912169 0.912169
SM_Bush_03 30.485960 3.324868 32.599630 0.000000 0.000000 0.000000 0.972979 0.972979 0.972979
SM_Bush_03 31.552930 3.569090 30.097270 0.000000 0.000000 0.000000 1.044257 1.044257 1.044257
SM_Bush_03 30.579750 3.684211 30.541280 0.000000 0.000000 0.000000 0.956893 0.956893 0.956893
SM_Bush_03 13.338470 4.395076 26.978740 0.000000 0.000000 0.000000 0.906239 0.906239 0.906239
SM_Bush_03 34.563530 3.050660 34.468210 0.000000 0.000000 0.000000 0.943968 0.943968 0.943968
SM_Bush_03 33.949050 3.354218 37.029220 0.000000 0.000000 0.000000 0.924120 0.924120 0.924120
SM_Bush_03 37.877660 3.770179 43.537200 0.000000 0.000000 0.000000 0.995403 0.995403 0.995403
SM_Bush_03 37.731000 3.429752 41.147180 0.000000 0.000000 0.000000 0.962184 0.962184 0.962184
SM_Bush_03 37.908050 3.254581 45.354270 0.000000 0.000000 0.000000 0.996306 0.996306 0.996306
SM_Bush_03 36.699230 3.288778 45.773510 0.000000 0.000000 0.000000 0.913097 0.913097 0.913097
SM_Bush_03 38.734950 4.085657 35.217430 0.000000 0.000000 0.000000 0.920999 0.920999 0.920999
SM_Bush_03 37.089720 3.320450 37.622220 0.000000 0.000000 0.000000 0.984352 0.984352 0.984352
SM_Bush_03 38.740300 3.639664 39.127160 0.000000 0.000000 0.000000 1.082554 1.082554 1.082554
SM_Bush_03 47.293330 3.326551 46.798680 0.000000 0.000000 0.000000 1.050909 1.050909 1.050909
SM_Bush_03 47.246970 2.231103 49.767570 0.000000 0.000000 0.000000 1.067608 1.067608 1.067608
SM_Bush_03 48.023320 1.623849 50.437580 0.000000 0.000000 0.000000 1.046603 1.046603 1.046603
SM_Bush_03 48.731290 1.090708 51.236800 0.000000 0.000000 0.000000 1.051925 1.051925 1.051925
SM_Bush_03 51.143960 3.081859 47.625660 0.000000 0.000000 0.000000 1.017801 1.017801 1.017801
SM_Bush_03 48.246090 3.288429 47.081560 0.000000 0.000000 0.000000 1.042707 1.042707 1.042707
SM_Bush_03 50.689830 1.252108 50.428310 0.000000 0.000000 0.000000 1.095479 1.095479 1.095479
SM_Bush_03 49.870940 1.190258 51.457630 0.000000 0.000000 0.000000 0.967443 0.967443 0.967443
SM_Bush_03 52.400670 2.275358 47.373660 0.000000 0.000000 0.000000 1.036344 1.036344 1.036344
SM_Bush_03 51.607000 1.208570 50.989510 0.000000 0.000000 0.000000 0.997020 0.997020 0.997020
SM_Bush_03 47.851240 1.434420 48.868880 0.000000 0.000000 0.000000 0.941853 0.941853 0.941853
SM_Bush_03 41.139450 2.804571 51.747810 0.000000 0.000000 0.000000 1.058568 1.058568 1.058568
SM_Bush_03 44.548750 2.309321 50.705720 0.000000 0.000000 0.000000 1.061990 1.061990 1.061990
SM_Bush_03 44.511950 1.962091 53.570260 0.000000 0.000000 0.000000 1.011294 1.011294 1.011294
SM_Bush_03 39.786800 2.723256 52.615140 0.000000 0.000000 0.000000 0.994136 0.994136 0.994136
SM_Bush_03 41.224180 1.592920 56.589980 0.000000 0.000000 0.000000 0.972374 0.972374 0.972374
SM_Bush_03 38.000060 3.039718 53.209250 0.000000 0.000000 0.000000 1.039982 1.039982 1.039982
SM_Bush_03 37.272980 2.332407 56.176510 0.000000 0.000000 0.000000 1.045508 1.045508 1.045508
SM_Bush_03 36.136700 2.123937 58.264710 0.000000 0.000000 0.000000 0.963000 0.963000 0.963000
SM_Bush_03 37.570370 3.068178 54.304270 0.000000 0.000000 0.000000 0.905137 0.905137 0.905137
SM_Bush_03 36.384110 1.932303 57.281460 0.000000 0.000000 0.000000 0.926390 0.926390 0.926390
SM_Bush_03 37.003120 2.363132 59.442200 0.000000 0.000000 0.000000 0.969335 0.969335 0.969335
SM_Bush_03 38.719110 1.503733 59.117270 0.000000 0.000000 0.000000 0.923373 0.923373 0.923373
SM_Bush_03 34.054880 3.955158 60.050580 0.000000 0.000000 0.000000 1.093380 1.093380 1.093380
SM_Bush_03 46.965280 2.318428 51.052620 0.000000 0.000000 0.000000 0.961593 0.961593 0.961593
SM_Bush_03 47.700720 1.669042 52.124390 0.000000 0.000000 0.000000 0.920527 0.920527 0.920527
SM_Bush_03 45.089220 2.472075 49.346470 0.000000 0.000000 0.000000 1.033592 1.033592 1.033592
SM_Bush_03 42.414150 1.142362 57.895000 0.000000 0.000000 0.000000 0.916969 0.916969 0.916969
SM_Bush_03 39.364690 1.572753 61.081030 0.000000 0.000000 0.000000 1.011169 1.011169 1.011169
SM_Bush_03 38.498580 1.660406 58.118160 0.000000 0.000000 0.000000 1.056547 1.056547 1.056547
SM_Bush_03 42.326900 1.671205 55.559450 0.000000 0.000000 0.000000 0.973125 0.973125 0.973125
SM_Bush_03 45.595300 0.862389 56.891380 0.000000 0.000000 0.000000 0.975123 0.975123 0.975123
SM_Bush_03 44.222480 0.957008 57.927780 0.000000 0.000000 0.000000 0.915233 0.915233 0.915233
SM_Bush_03 47.927700 0.747412 56.972900 0.000000 0.000000 0.000000 1.093873 1.093873 1.093873
SM_Bush_03 46.639500 1.420265 54.364590 0.000000 0.000000 0.000000 1.016031 1.016031 1.016031
SM_Bush_03 48.025790 1.162209 53.216150 0.000000 0.000000 0.000000 1.042481 1.042481 1.042481
SM_Bush_03 50.245930 1.249840 52.890240 0.000000 0.000000 0.000000 1.047804 1.047804 1.047804
SM_Bush_03 40.885290 1.122393 59.833840 0.000000 0.000000 0.000000 0.952541 0.952541 0.952541
SM_Bush_03 31.605340 3.260937 52.908360 0.000000 0.000000 0.000000 0.964028 0.964028 0.964028
SM_Bush_03 31.456920 3.575648 56.409730 0.000000 0.000000 0.000000 0.967529 0.967529 0.967529
SM_Bush_03 34.882740 3.223830 55.530900 0.000000 0.000000 0.000000 0.931538 0.931538 0.931538
SM_Bush_03 34.396440 3.198259 56.473890 0.000000 0.000000 0.000000 1.069214 1.069214 1.069214
SM_Bush_03 29.108420 3.387658 51.470330 0.000000 0.000000 0.000000 1.062174 1.062174 1.062174
SM_Bush_03 30.862980 3.262998 50.581320 0.000000 0.000000 0.000000 0.909456 0.909456 0.909456
SM_Bush_03 26.993690 3.387658 49.130620 0.000000 0.000000 0.000000 0.986169 0.986169 0.986169
SM_Bush_03 27.465910 3.387658 52.903360 0.000000 0.000000 0.000000 1.097772 1.097772 1.097772
SM_Bush_03 26.427150 3.387658 51.822240 0.000000 0.000000 0.000000 0.966966 0.966966 0.966966
SM_Bush_03 26.663020 3.387658 50.124120 0.000000 0.000000 0.000000 1.015662 1.015662 1.015662
SM_Bush_03 22.193570 3.387658 48.615680 0.000000 0.000000 0.000000 1.024424 1.024424 1.024424
SM_Bush_03 22.499700 3.387658 49.607770 0.000000 0.000000 0.000000 1.023579 1.023579 1.023579
SM_Bush_03 25.579900 3.527622 46.701500 0.000000 0.000000 0.000000 1.020849 1.020849 1.020849
SM_Bush_03 23.573260 3.566174 45.161930 0.000000 0.000000 0.000000 1.077882 1.077882 1.077882
SM_Bush_03 22.177630 3.387658 45.740910 0.000000 0.000000 0.000000 0.979536 0.979536 0.979536
SM_Bush_03 24.625760 3.506163 46.102640 0.000000 0.000000 0.000000 0.984904 0.984904 0.984904
SM_Bush_03 21.274800 3.387658 47.970820 0.000000 0.000000 0.000000 0.920476 0.920476 0.920476
SM_Bush_03 21.596040 3.387658 46.640180 0.000000 0.000000 0.000000 0.963789 0.963789 0.963789
SM_Bush_03 24.097350 3.387658 47.429270 0.000000 0.000000 0.000000 1.054328 1.054328 1.054328
SM_Bush_03 16.813020 3.513224 42.646320 0.000000 0.000000 0.000000 1.001503 1.001503 1.001503
SM_Bush_03 19.238110 3.387658 45.612720 0.000000 0.000000 0.000000 1.025571 1.025571 1.025571
SM_Bush_03 20.503000 3.387658 43.142480 0.000000 0.000000 0.000000 1.072777 1.072777 1.072777
SM_Bush_03 15.134950 3.586653 41.711300 0.000000 0.000000 0.000000 1.074124 1.074124 1.074124
SM_Bush_03 17.794580 3.387658 43.486980 0.000000 0.000000 0.000000 0.928873 0.928873 0.928873
SM_Bush_03 16.876160 3.782169 41.598110 0.000000 0.000000 0.000000 1.031346 1.031346 1.031346
SM_Bush_03 25.353210 3.387658 51.609850 0.000000 0.000000 0.000000 1.076661 1.076661 1.076661
SM_Bush_03 28.811200 3.545290 49.388090 0.000000 0.000000 0.000000 0.995267 0.995267 0.995267
SM_Bush_03 31.078670 3.413325 48.593860 0.000000 0.000000 0.000000 1.086764 1.086764 1.086764
SM_Bush_03 25.897490 3.508939 43.867760 0.000000 0.000000 0.000000 0.957558 0.957558 0.957558
SM_Bush_03 23.669020 3.540130 43.100740 0.000000 0.000000 0.000000 1.091958 1.091958 1.091958
SM_Bush_03 23.907010 3.634910 44.067390 0.000000 0.000000 0.000000 1.094068 1.094068 1.094068
SM_Bush_03 27.047110 3.550876 41.348530 0.000000 0.000000 0.000000 1.071302 1.071302 1.071302
SM_Bush_03 27.707390 3.523282 45.389870 0.000000 0.000000 0.000000 0.928417 0.928417 0.928417
SM_Bush_03 31.875270 3.222853 54.067530 0.000000 0.000000 0.000000 1.024493 1.024493 1.024493
SM_Bush_03 34.643070 3.222853 52.808780 0.000000 0.000000 0.000000 1.006986 1.006986 1.006986
SM_Bush_03 23.031660 3.497528 64.544900 0.000000 0.000000 0.000000 0.979464 0.979464 0.979464
SM_Bush_03 38.513790 2.853235 63.943300 0.000000 0.000000 0.000000 1.089350 1.089350 1.089350
SM_Bush_03 39.296550 3.258792 66.694030 0.000000 0.000000 0.000000 0.991520 0.991520 0.991520
SM_Bush_03 36.819040 3.794842 62.871440 0.000000 0.000000 0.000000 1.081332 1.081332 1.081332
SM_Bush_03 38.369340 3.724231 65.796810 0.000000 0.000000 0.000000 0.960862 0.960862 0.960862
SM_Bush_03 38.668480 3.277788 50.565720 0.000000 0.000000 0.000000 0.929869 0.929869 0.929869
SM_Bush_03 38.628310 3.267290 49.285420 0.000000 0.000000 0.000000 1.000999 1.000999 1.000999
SM_Bush_03 39.303620 2.432392 55.276370 0.000000 0.000000 0.000000 0.952934 0.952934 0.952934
SM_Bush_03 40.959220 4.018667 70.082640 0.000000 0.000000 0.000000 0.900047 0.900047 0.900047
SM_Bush_03 42.070700 3.960255 70.432110 0.000000 0.000000 0.000000 0.970233 0.970233 0.970233
SM_Bush_03 40.539820 3.811459 69.132060 0.000000 0.000000 0.000000 1.088182 1.088182 1.088182
SM_Bush_03 42.754330 3.865065 71.598410 0.000000 0.000000 0.000000 0.983818 0.983818 0.983818
SM_Bush_03 43.125070 3.925547 72.523380 0.000000 0.000000 0.000000 0.940581 0.940581 0.940581
SM_Bush_03 42.424440 2.053222 68.152560 0.000000 0.000000 0.000000 1.062312 1.062312 1.062312
SM_Bush_03 46.263050 2.831098 73.266430 0.000000 0.000000 0.000000 0.943836 0.943836 0.943836
SM_Bush_03 49.405670 3.521245 80.950520 0.000000 0.000000 0.000000 1.026648 1.026648 1.026648
SM_Bush_03 51.936420 3.124395 85.507160 0.000000 0.000000 0.000000 0.944334 0.944334 0.944334
SM_Bush_03 53.142910 2.653716 85.225040 0.000000 0.000000 0.000000 0.989869 0.989869 0.989869
SM_Bush_03 61.299740 1.171947 96.353600 0.000000 0.000000 0.000000 0.931988 0.931988 0.931988
SM_Bush_03 67.884380 1.171947 103.410800 0.000000 0.000000 0.000000 1.001182 1.001182 1.001182
SM_Bush_03 57.223700 1.171947 91.737890 0.000000 0.000000 0.000000 0.937796 0.937796 0.937796
SM_Bush_03 64.787120 0.801168 101.168200 0.000000 0.000000 0.000000 1.075758 1.075758 1.075758
SM_Bush_03 72.181850 0.727960 97.729950 0.000000 0.000000 0.000000 1.004473 1.004473 1.004473
SM_Bush_03 76.859730 0.000000 108.799700 0.000000 0.000000 0.000000 0.993321 0.993321 0.993321
SM_Bush_03 78.470950 0.640006 107.763600 0.000000 0.000000 0.000000 1.081208 1.081208 1.081208
SM_Bush_03 78.909980 0.659220 109.165600 0.000000 0.000000 0.000000 0.976752 0.976752 0.976752
SM_Bush_03 73.677830 0.012687 105.233200 0.000000 0.000000 0.000000 1.041391 1.041391 1.041391
SM_Bush_03 73.167920 0.231989 102.240300 0.000000 0.000000 0.000000 1.062118 1.062118 1.062118
SM_Bush_03 65.801710 0.699389 94.028690 0.000000 0.000000 0.000000 1.011328 1.011328 1.011328
SM_Bush_03 64.419340 0.990361 92.076570 0.000000 0.000000 0.000000 1.073799 1.073799 1.073799
SM_Bush_03 61.220460 1.171947 93.033790 0.000000 0.000000 0.000000 0.939989 0.939989 0.939989
SM_Bush_03 62.485930 0.841827 88.836300 0.000000 0.000000 0.000000 0.944610 0.944610 0.944610
SM_Bush_03 60.351010 1.171947 90.159900 0.000000 0.000000 0.000000 1.019453 1.019453 1.019453
SM_Bush_03 64.023820 0.015771 88.042970 0.000000 0.000000 0.000000 0.918482 0.918482 0.918482
SM_Bush_03 61.546290 1.171947 90.495320 0.000000 0.000000 0.000000 0.976706 0.976706 0.976706
SM_Bush_03 59.705830 1.171947 91.143490 0.000000 0.000000 0.000000 1.056651 1.056651 1.056651
SM_Bush_03 63.171800 0.070058 87.386740 0.000000 0.000000 0.000000 0.998547 0.998547 0.998547
SM_Bush_03 61.891620 1.171947 92.232510 0.000000 0.000000 0.000000 0.903386 0.903386 0.903386
SM_Bush_03 57.950230 1.185151 88.974880 0.000000 0.000000 0.000000 1.087525 1.087525 1.087525
SM_Bush_03 63.629690 1.144057 93.532090 0.000000 0.000000 0.000000 1.083339 1.083339 1.083339
SM_Bush_03 61.141990 0.561134 86.782500 0.000000 0.000000 0.000000 0.956106 0.956106 0.956106
SM_Bush_03 59.673530 0.989804 86.222950 0.000000 0.000000 0.000000 1.061086 1.061086 1.061086
SM_Bush_03 59.149330 0.535743 84.220130 0.000000 0.000000 0.000000 0.939545 0.939545 0.939545
SM_Bush_03 57.766700 1.171947 90.088350 0.000000 0.000000 0.000000 0.908401 0.908401 0.908401
SM_Bush_03 55.534670 1.205710 88.600890 0.000000 0.000000 0.000000 1.048125 1.048125 1.048125
SM_Bush_03 55.458620 1.226882 86.495630 0.000000 0.000000 0.000000 0.984572 0.984572 0.984572
SM_Bush_03 56.992870 1.134136 85.125570 0.000000 0.000000 0.000000 0.972307 0.972307 0.972307
SM_Bush_03 55.299710 1.222059 84.138640 0.000000 0.000000 0.000000 0.928165 0.928165 0.928165
SM_Bush_03 56.921890 0.311298 81.120990 0.000000 0.000000 0.000000 1.035004 1.035004 1.035004
SM_Bush_03 55.904350 0.890678 83.256580 0.000000 0.000000 0.000000 0.923819 0.923819 0.923819
SM_Bush_03 58.093680 0.146493 81.309550 0.000000 0.000000 0.000000 0.926052 0.926052 0.926052
SM_Bush_03 57.101170 0.010118 80.160310 0.000000 0.000000 0.000000 1.037043 1.037043 1.037043
SM_Bush_03 52.243320 2.008710 82.059130 0.000000 0.000000 0.000000 1.005871 1.005871 1.005871
SM_Bush_03 54.219950 1.827818 83.566380 0.000000 0.000000 0.000000 0.939233 0.939233 0.939233
SM_Bush_03 54.241340 1.655479 82.124110 0.000000 0.000000 0.000000 1.014983 1.014983 1.014983
SM_Bush_03 52.281380 2.456755 84.498180 0.000000 0.000000 0.000000 0.975652 0.975652 0.975652
SM_Bush_03 52.977160 1.919767 81.027220 0.000000 0.000000 0.000000 0.924106 0.924106 0.924106
SM_Bush_03 50.955330 2.285100 81.147500 0.000000 0.000000 0.000000 0.907006 0.907006 0.907006
SM_Bush_03 53.138180 1.052428 77.414380 0.000000 0.000000 0.000000 1.095583 1.095583 1.095583
SM_Bush_03 50.522340 1.405723 77.358590 0.000000 0.000000 0.000000 0.998510 0.998510 0.998510
SM_Bush_03 49.156880 1.722425 75.883740 0.000000 0.000000 0.000000 1.007565 1.007565 1.007565
SM_Bush_03 47.399300 3.732715 78.199780 0.000000 0.000000 0.000000 1.017436 1.017436 1.017436
SM_Bush_03 63.580330 0.274675 70.925290 0.000000 0.000000 0.000000 1.060748 1.060748 1.060748
SM_Bush_03 61.027520 0.274675 67.598590 0.000000 0.000000 0.000000 0.930152 0.930152 0.930152
SM_Bush_03 59.988790 0.357269 69.172100 0.000000 0.000000 0.000000 1.019203 1.019203 1.019203
SM_Bush_03 62.553680 0.274675 66.717590 0.000000 0.000000 0.000000 0.989138 0.989138 0.989138
SM_Bush_03 61.325420 0.274675 66.547650 0.000000 0.000000 0.000000 0.938841 0.938841 0.938841
SM_Bush_03 48.655730 1.208570 49.505120 0.000000 0.000000 0.000000 0.903591 0.903591 0.903591
SM_Bush_03 49.913100 2.969796 47.806230 0.000000 0.000000 0.000000 0.972128 0.972128 0.972128
SM_Bush_03 53.107650 0.986725 49.970890 0.000000 0.000000 0.000000 0.969251 0.969251 0.969251
SM_Bush_03 52.720930 1.208570 51.804260 0.000000 0.000000 0.000000 1.029752 1.029752 1.029752
SM_Bush_03 51.549890 1.214045 54.155930 0.000000 0.000000 0.000000 0.969103 0.969103 0.969103
SM_Bush_03 55.265840 1.208570 54.906040 0.000000 0.000000 0.000000 1.005881 1.005881 1.005881
SM_Bush_03 55.092180 1.208570 56.528150 0.000000 0.000000 0.000000 0.934035 0.934035 0.934035
SM_Bush_03 57.471230 1.208570 59.882160 0.000000 0.000000 0.000000 1.051316 1.051316 1.051316
SM_Bush_03 57.140820 1.174682 62.036460 0.000000 0.000000 0.000000 1.072279 1.072279 1.072279
SM_Bush_03 58.964760 0.809316 63.495430 0.000000 0.000000 0.000000 1.086285 1.086285 1.086285
SM_Bush_03 60.417340 0.378835 64.186020 0.000000 0.000000 0.000000 1.060164 1.060164 1.060164
SM_Bush_03 56.277130 1.208570 57.781640 0.000000 0.000000 0.000000 0.935508 0.935508 0.935508
SM_Bush_03 52.580540 1.135323 54.454000 0.000000 0.000000 0.000000 0.909012 0.909012 0.909012
SM_Bush_03 54.388640 1.208570 55.621150 0.000000 0.000000 0.000000 0.950168 0.950168 0.950168
SM_Bush_03 51.387290 1.208570 53.107760 0.000000 0.000000 0.000000 0.988228 0.988228 0.988228
SM_Bush_03 51.141570 1.135323 52.135680 0.000000 0.000000 0.000000 1.039100 1.039100 1.039100
SM_Bush_03 52.317870 1.208570 52.750210 0.000000 0.000000 0.000000 0.978148 0.978148 0.978148
SM_Bush_03 55.165500 1.198872 63.663540 0.000000 0.000000 0.000000 1.011699 1.011699 1.011699
SM_Bush_03 57.822080 0.860229 64.679700 0.000000 0.000000 0.000000 1.050907 1.050907 1.050907
SM_Bush_03 52.804410 0.451694 65.096050 0.000000 0.000000 0.000000 1.053213 1.053213 1.053213
SM_Bush_03 55.416580 1.208570 62.095940 0.000000 0.000000 0.000000 1.027214 1.027214 1.027214
SM_Bush_03 53.748810 0.561944 65.753340 0.000000 0.000000 0.000000 1.022640 1.022640 1.022640
SM_Bush_03 53.793200 1.157845 63.452050 0.000000 0.000000 0.000000 1.018860 1.018860 1.018860
SM_Bush_03 55.760040 1.208570 58.670050 0.000000 0.000000 0.000000 0.995867 0.995867 0.995867
SM_Bush_03 50.397960 1.202105 57.216680 0.000000 0.000000 0.000000 1.009430 1.009430 1.009430
SM_Bush_03 52.498990 1.208570 57.926750 0.000000 0.000000 0.000000 0.956665 0.956665 0.956665
SM_Bush_03 51.297810 1.200009 55.146090 0.000000 0.000000 0.000000 1.058296 1.058296 1.058296
SM_Bush_03 53.533040 1.208570 53.802980 0.000000 0.000000 0.000000 0.913105 0.913105 0.913105
SM_Bush_03 49.593620 1.275593 53.737680 0.000000 0.000000 0.000000 1.079536 1.079536 1.079536
SM_Bush_03 50.998050 0.844645 61.000900 0.000000 0.000000 0.000000 1.007775 1.007775 1.007775
SM_Bush_03 58.771070 0.499982 65.805710 0.000000 0.000000 0.000000 1.004352 1.004352 1.004352
SM_Bush_03 52.882670 1.265369 61.215940 0.000000 0.000000 0.000000 0.923866 0.923866 0.923866
SM_Bush_03 68.369440 0.000000 75.601700 0.000000 0.000000 0.000000 1.091529 1.091529 1.091529
SM_Bush_03 70.508870 0.000000 73.232450 0.000000 0.000000 0.000000 1.083099 1.083099 1.083099
SM_Bush_03 68.510060 0.157314 77.072330 0.000000 0.000000 0.000000 0.936428 0.936428 0.936428
SM_Bush_03 71.419870 0.597128 75.485370 0.000000 0.000000 0.000000 1.001262 1.001262 1.001262
SM_Bush_03 69.924190 0.067365 74.729840 0.000000 0.000000 0.000000 0.918330 0.918330 0.918330
SM_Bush_03 67.504810 0.000000 76.554210 0.000000 0.000000 0.000000 0.914676 0.914676 0.914676
SM_Bush_03 71.582960 0.032348 73.621510 0.000000 0.000000 0.000000 0.926940 0.926940 0.926940
SM_Bush_03 69.236050 0.449614 78.071360 0.000000 0.000000 0.000000 1.036530 1.036530 1.036530
SM_Bush_03 69.714600 0.298511 75.982710 0.000000 0.000000 0.000000 0.904015 0.904015 0.904015
SM_Bush_03 67.900720 0.108316 77.874200 0.000000 0.000000 0.000000 1.048701 1.048701 1.048701
SM_Bush_03 71.496640 1.146806 77.005910 0.000000 0.000000 0.000000 0.915749 0.915749 0.915749
SM_Bush_03 68.184260 0.094080 78.977230 0.000000 0.000000 0.000000 1.037877 1.037877 1.037877
SM_Bush_03 72.851560 1.753422 79.349410 0.000000 0.000000 0.000000 0.959633 0.959633 0.959633
SM_Bush_03 67.900670 0.081706 80.392680 0.000000 0.000000 0.000000 0.991035 0.991035 0.991035
SM_Bush_03 71.781710 1.175342 78.057030 0.000000 0.000000 0.000000 0.923454 0.923454 0.923454
SM_Bush_03 69.135680 0.580227 81.330520 0.000000 0.000000 0.000000 0.935243 0.935243 0.935243
SM_Bush_03 69.723360 0.761876 82.894300 0.000000 0.000000 0.000000 0.959950 0.959950 0.959950
SM_Bush_03 73.808110 1.770404 79.959530 0.000000 0.000000 0.000000 0.947095 0.947095 0.947095
SM_Bush_03 73.694080 1.837893 81.079280 0.000000 0.000000 0.000000 1.072297 1.072297 1.072297
SM_Bush_03 68.832920 0.489213 83.424980 0.000000 0.000000 0.000000 0.984830 0.984830 0.984830
SM_Bush_03 73.021740 1.010866 84.939150 0.000000 0.000000 0.000000 1.081320 1.081320 1.081320
SM_Bush_03 73.814060 0.979857 85.819060 0.000000 0.000000 0.000000 1.049185 1.049185 1.049185
SM_Bush_03 72.484120 0.804000 83.108280 0.000000 0.000000 0.000000 0.932404 0.932404 0.932404
SM_Bush_03 73.465740 0.371295 87.191930 0.000000 0.000000 0.000000 0.923137 0.923137 0.923137
SM_Bush_03 75.946110 0.502026 87.092130 0.000000 0.000000 0.000000 1.083320 1.083320 1.083320
SM_Bush_03 78.274000 1.679654 83.537660 0.000000 0.000000 0.000000 1.045409 1.045409 1.045409
SM_Bush_03 77.082230 1.493840 81.707200 0.000000 0.000000 0.000000 1.065567 1.065567 1.065567
SM_Bush_03 79.791380 1.342440 85.304860 0.000000 0.000000 0.000000 1.079475 1.079475 1.079475
SM_Bush_03 80.584580 1.218043 84.461640 0.000000 0.000000 0.000000 1.065443 1.065443 1.065443
SM_Bush_03 75.497450 1.262335 84.284330 0.000000 0.000000 0.000000 0.929650 0.929650 0.929650
SM_Bush_03 80.835890 1.225280 85.455090 0.000000 0.000000 0.000000 1.019850 1.019850 1.019850
SM_Bush_03 75.684610 0.000000 68.861040 0.000000 0.000000 0.000000 1.031727 1.031727 1.031727
SM_Bush_03 74.744080 0.000000 71.438320 0.000000 0.000000 0.000000 0.923800 0.923800 0.923800
SM_Bush_03 73.176130 0.000000 72.410980 0.000000 0.000000 0.000000 0.955572 0.955572 0.955572
SM_Bush_03 71.504900 0.000000 71.940870 0.000000 0.000000 0.000000 1.030003 1.030003 1.030003
SM_Bush_03 74.982920 0.000000 70.347500 0.000000 0.000000 0.000000 1.018939 1.018939 1.018939
SM_Bush_03 73.327960 0.000000 70.452800 0.000000 0.000000 0.000000 1.034842 1.034842 1.034842
SM_Bush_03 75.943580 0.000000 70.574170 0.000000 0.000000 0.000000 0.948351 0.948351 0.948351
SM_Bush_03 70.490780 0.000000 72.118360 0.000000 0.000000 0.000000 0.934338 0.934338 0.934338
SM_Bush_03 75.807880 0.000000 71.656360 0.000000 0.000000 0.000000 1.066055 1.066055 1.066055
SM_Bush_03 74.939690 1.600517 80.465900 0.000000 0.000000 0.000000 1.063640 1.063640 1.063640
SM_Grass_Patch_02 75.972530 1.359976 80.466400 0.000000 0.000000 0.000000 0.928857 0.928857 0.928857
SM_Grass_Patch_02 78.328870 1.570642 82.331480 0.000000 0.000000 0.000000 1.085561 1.085561 1.085561
SM_Grass_Patch_02 77.719960 0.970312 86.226080 0.000000 0.000000 0.000000 0.978626 0.978626 0.978626
SM_Grass_Patch_02 76.952420 0.210102 87.607380 0.000000 0.000000 0.000000 1.062965 1.062965 1.062965
SM_Grass_Patch_02 63.290410 1.147569 91.363650 0.000000 0.000000 0.000000 1.050845 1.050845 1.050845
SM_Grass_Patch_02 64.987500 0.000000 88.637370 0.000000 0.000000 0.000000 0.942676 0.942676 0.942676
SM_Grass_Patch_02 51.883710 1.294333 77.718360 0.000000 0.000000 0.000000 1.045136 1.045136 1.045136
SM_Grass_Patch_02 48.246230 1.386331 73.911760 0.000000 0.000000 0.000000 0.923519 0.923519 0.923519
SM_Grass_Patch_02 54.018320 1.360645 88.247380 0.000000 0.000000 0.000000 1.009831 1.009831 1.009831
SM_Bush_03 56.756760 0.991303 66.485500 0.000000 0.000000 0.000000 0.914253 0.914253 0.914253
SM_Bush_03 78.894840 1.012647 86.840860 0.000000 0.000000 0.000000 1.091325 1.091325 1.091325
SM_Bush_03 78.072020 0.000000 89.015570 0.000000 0.000000 0.000000 1.023896 1.023896 1.023896
SM_Bush_03 79.120740 0.189154 88.377950 0.000000 0.000000 0.000000 1.016174 1.016174 1.016174
SM_Bush_03 76.923490 0.100922 88.708760 0.000000 0.000000 0.000000 1.013572 1.013572 1.013572
SM_Bush_03 76.089430 0.245929 88.184360 0.000000 0.000000 0.000000 1.015342 1.015342 1.015342
SM_Bush_03 79.918680 1.343736 83.093800 0.000000 0.000000 0.000000 1.059468 1.059468 1.059468
SM_Bush_03 63.086360 0.814454 96.980960 0.000000 0.000000 0.000000 1.045477 1.045477 1.045477
SM_Bush_03 69.443200 1.171947 101.949100 0.000000 0.000000 0.000000 0.944846 0.944846 0.944846
SM_Bush_03 74.768280 0.000000 103.906600 0.000000 0.000000 0.000000 1.072523 1.072523 1.072523
SM_Bush_03 80.230870 0.659220 107.592700 0.000000 0.000000 0.000000 0.952518 0.952518 0.952518
SM_Bush_03 81.016490 0.659220 106.995900 0.000000 0.000000 0.000000 1.011214 1.011214 1.011214
SM_Bush_03 83.040950 0.659220 105.248600 0.000000 0.000000 0.000000 1.022342 1.022342 1.022342
SM_Bush_03 75.924040 0.000000 105.311600 0.000000 0.000000 0.000000 0.936637 0.936637 0.936637
SM_Bush_03 85.155560 0.659220 104.834700 0.000000 0.000000 0.000000 0.939733 0.939733 0.939733
SM_Bush_03 76.939380 0.000000 104.034200 0.000000 0.000000 0.000000 1.045086 1.045086 1.045086
SM_Bush_03 87.331630 0.616690 103.917300 0.000000 0.000000 0.000000 0.968471 0.968471 0.968471
SM_Bush_03 90.208540 0.183116 103.306900 0.000000 0.000000 0.000000 0.985236 0.985236 0.985236
SM_Bush_03 91.789210 0.423029 104.186200 0.000000 0.000000 0.000000 0.924276 0.924276 0.924276
SM_Bush_03 94.698910 0.823356 109.321200 0.000000 0.000000 0.000000 1.042693 1.042693 1.042693
SM_Bush_03 95.408370 0.756396 110.083500 0.000000 0.000000 0.000000 1.088530 1.088530 1.088530
SM_Bush_03 95.073770 0.761533 105.434200 0.000000 0.000000 0.000000 1.018858 1.018858 1.018858
SM_Bush_03 90.121540 0.623609 108.410000 0.000000 0.000000 0.000000 0.942332 0.942332 0.942332
SM_Bush_03 100.641000 0.541391 105.869600 0.000000 0.000000 0.000000 1.020436 1.020436 1.020436
SM_Bush_03 85.923810 0.659220 108.260800 0.000000 0.000000 0.000000 0.962691 0.962691 0.962691
SM_Bush_03 99.468410 0.190085 102.909300 0.000000 0.000000 0.000000 1.044741 1.044741 1.044741
SM_Bush_03 96.015370 0.200442 103.055500 0.000000 0.000000 0.000000 0.962263 0.962263 0.962263
SM_Bush_03 98.479710 0.109870 102.283800 0.000000 0.000000 0.000000 0.937003 0.937003 0.937003
SM_Bush_03 98.510960 0.345473 103.287800 0.000000 0.000000 0.000000 0.988117 0.988117 0.988117
SM_Bush_03 100.493000 0.463965 103.697100 0.000000 0.000000 0.000000 0.930530 0.930530 0.930530
SM_Bush_03 103.958100 0.421206 105.694400 0.000000 0.000000 0.000000 0.912590 0.912590 0.912590
SM_Bush_03 102.828500 0.383608 103.535400 0.000000 0.000000 0.000000 0.916787 0.916787 0.916787
SM_Bush_03 108.551700 0.549350 108.125900 0.000000 0.000000 0.000000 1.004226 1.004226 1.004226
SM_Bush_03 112.158500 1.117753 106.839700 0.000000 0.000000 0.000000 0.961319 0.961319 0.961319
SM_Bush_03 110.590500 0.866307 106.640500 0.000000 0.000000 0.000000 0.917314 0.917314 0.917314
SM_Bush_03 101.585600 0.666331 107.427800 0.000000 0.000000 0.000000 0.918362 0.918362 0.918362
SM_Bush_03 104.531600 0.409603 106.776700 0.000000 0.000000 0.000000 0.978211 0.978211 0.978211
SM_Bush_03 104.651900 0.549350 111.760700 0.000000 0.000000 0.000000 0.966196 0.966196 0.966196
SM_Bush_03 114.538100 0.884410 104.256600 0.000000 0.000000 0.000000 0.949028 0.949028 0.949028
SM_Bush_03 106.634400 0.199980 100.981600 0.000000 0.000000 0.000000 1.006309 1.006309 1.006309
SM_Bush_03 105.578900 0.000000 100.552400 0.000000 0.000000 0.000000 0.986374 0.986374 0.986374
SM_Bush_03 108.773300 0.567701 101.322400 0.000000 0.000000 0.000000 1.026463 1.026463 1.026463
SM_Bush_03 117.186400 0.540668 101.949100 0.000000 0.000000 0.000000 1.015665 1.015665 1.015665
SM_Bush_03 113.195100 0.893773 101.686600 0.000000 0.000000 0.000000 1.095012 1.095012 1.095012
SM_Bush_03 111.455900 0.118020 97.333970 0.000000 0.000000 0.000000 1.065340 1.065340 1.065340
SM_Bush_03 112.252300 0.269450 96.633440 0.000000 0.000000 0.000000 1.035593 1.035593 1.035593
SM_Bush_03 121.637800 0.859982 96.306530 0.000000 0.000000 0.000000 1.043660 1.043660 1.043660
SM_Bush_03 123.469900 0.876462 97.586870 0.000000 0.000000 0.000000 0.983587 0.983587 0.983587
SM_Bush_03 124.190400 0.523849 96.913220 0.000000 0.000000 0.000000 0.958259 0.958259 0.958259
SM_Bush_03 121.423700 0.544163 99.351160 0.000000 0.000000 0.000000 0.957871 0.957871 0.957871
SM_Bush_03 120.378700 0.365451 93.909730 0.000000 0.000000 0.000000 0.913675 0.913675 0.913675
SM_Bush_03 116.795200 1.024847 96.800320 0.000000 0.000000 0.000000 0.967993 0.967993 0.967993
SM_Bush_03 115.033000 0.003864 93.791240 0.000000 0.000000 0.000000 0.917891 0.917891 0.917891
SM_Bush_03 117.131500 0.260286 92.826980 0.000000 0.000000 0.000000 0.922730 0.922730 0.922730
SM_Bush_03 119.611700 0.181750 91.004350 0.000000 0.000000 0.000000 1.005392 1.005392 1.005392
SM_Bush_03 124.959600 0.175938 92.188790 0.000000 0.000000 0.000000 0.904226 0.904226 0.904226
SM_Bush_03 121.687200 0.615724 91.320500 0.000000 0.000000 0.000000 1.099384 1.099384 1.099384
SM_Bush_03 119.702200 0.820090 91.993290 0.000000 0.000000 0.000000 0.914508 0.914508 0.914508
SM_Bush_03 118.462500 1.056899 93.641420 0.000000 0.000000 0.000000 0.909492 0.909492 0.909492
SM_Bush_03 123.028300 0.632296 92.969100 0.000000 0.000000 0.000000 0.997916 0.997916 0.997916
SM_Bush_03 128.522900 0.224681 91.881030 0.000000 0.000000 0.000000 1.032419 1.032419 1.032419
SM_Bush_03 129.529900 0.142869 91.205030 0.000000 0.000000 0.000000 0.953738 0.953738 0.953738
SM_Bush_03 127.461300 0.001102 92.793690 0.000000 0.000000 0.000000 1.083110 1.083110 1.083110
SM_Bush_03 127.315200 0.575151 89.346470 0.000000 0.000000 0.000000 0.921491 0.921491 0.921491
SM_Bush_03 125.077200 0.164230 94.458930 0.000000 0.000000 0.000000 1.004586 1.004586 1.004586
SM_Bush_03 130.586400 0.018312 92.556340 0.000000 0.000000 0.000000 0.970724 0.970724 0.970724
SM_Bush_03 133.339900 0.289817 89.724430 0.000000 0.000000 0.000000 0.974148 0.974148 0.974148
SM_Bush_03 131.193300 0.424978 88.333500 0.000000 0.000000 0.000000 1.053234 1.053234 1.053234
SM_Bush_03 132.417100 0.253377 90.114810 0.000000 0.000000 0.000000 0.905972 0.905972 0.905972
SM_Bush_03 131.815400 0.899375 86.634830 0.000000 0.000000 0.000000 1.010195 1.010195 1.010195
SM_Bush_03 129.389900 0.141873 92.375710 0.000000 0.000000 0.000000 1.067288 1.067288 1.067288
SM_Bush_03 127.427100 0.699444 88.072430 0.000000 0.000000 0.000000 1.014305 1.014305 1.014305
SM_Bush_03 125.282900 0.309566 86.687420 0.000000 0.000000 0.000000 0.962713 0.962713 0.962713
SM_Bush_03 122.854000 0.258217 87.802650 0.000000 0.000000 0.000000 1.002477 1.002477 1.002477
SM_Bush_03 120.810200 0.091558 89.095630 0.000000 0.000000 0.000000 0.981255 0.981255 0.981255
SM_Bush_03 130.101500 0.622848 84.537340 0.000000 0.000000 0.000000 1.017652 1.017652 1.017652
SM_Bush_03 130.978000 0.866232 85.286260 0.000000 0.000000 0.000000 0.911074 0.911074 0.911074
SM_Bush_03 133.135200 0.957346 84.119710 0.000000 0.000000 0.000000 1.026610 1.026610 1.026610
SM_Bush_03 132.957200 0.679644 82.274640 0.000000 0.000000 0.000000 0.953908 0.953908 0.953908
SM_Bush_03 128.131900 0.478359 85.586500 0.000000 0.000000 0.000000 1.086135 1.086135 1.086135
SM_Bush_03 130.998200 0.299769 81.181950 0.000000 0.000000 0.000000 0.910596 0.910596 0.910596
SM_Bush_03 131.550400 0.090047 79.974210 0.000000 0.000000 0.000000 1.086942 1.086942 1.086942
SM_Bush_03 135.721200 0.821434 84.325580 0.000000 0.000000 0.000000 0.962191 0.962191 0.962191
SM_Bush_03 127.628000 0.203493 83.383670 0.000000 0.000000 0.000000 1.013422 1.013422 1.013422
SM_Bush_03 129.031200 0.213008 82.033840 0.000000 0.000000 0.000000 0.928369 0.928369 0.928369
SM_Bush_03 132.538200 0.396901 81.380320 0.000000 0.000000 0.000000 0.946383 0.946383 0.946383
SM_Bush_03 138.517100 0.449162 75.464230 0.000000 0.000000 0.000000 0.999624 0.999624 0.999624
SM_Bush_03 135.023900 0.106637 80.183840 0.000000 0.000000 0.000000 0.937568 0.937568 0.937568
SM_Bush_03 139.031100 1.204724 68.412030 0.000000 0.000000 0.000000 0.946511 0.946511 0.946511
SM_Bush_03 141.803500 1.886101 68.413360 0.000000 0.000000 0.000000 0.906211 0.906211 0.906211
SM_Bush_03 137.760800 0.881329 69.949800 0.000000 0.000000 0.000000 0.983122 0.983122 0.983122
SM_Bush_03 140.901200 1.674767 68.943620 0.000000 0.000000 0.000000 0.915731 0.915731 0.915731
SM_Bush_03 139.131800 1.738768 66.691280 0.000000 0.000000 0.000000 0.994368 0.994368 0.994368
SM_Bush_03 139.144800 0.747694 72.019060 0.000000 0.000000 0.000000 1.099711 1.099711 1.099711
SM_Bush_03 136.518900 1.307337 68.261060 0.000000 0.000000 0.000000 0.906673 0.906673 0.906673
SM_Bush_03 134.067000 0.283879 73.900980 0.000000 0.000000 0.000000 0.919775 0.919775 0.919775
SM_Bush_03 129.950700 0.035642 69.502430 0.000000 0.000000 0.000000 1.096526 1.096526 1.096526
SM_Bush_03 118.996700 0.000000 76.515530 0.000000 0.000000 0.000000 0.943421 0.943421 0.943421
SM_Bush_03 115.869300 1.245193 74.321810 0.000000 0.000000 0.000000 0.986209 0.986209 0.986209
SM_Bush_03 116.256900 1.197808 76.718440 0.000000 0.000000 0.000000 0.972893 0.972893 0.972893
SM_Bush_03 117.675600 0.752273 72.300280 0.000000 0.000000 0.000000 0.983598 0.983598 0.983598
SM_Bush_03 120.163500 0.002219 69.888840 0.000000 0.000000 0.000000 0.941531 0.941531 0.941531
SM_Bush_03 121.665700 0.000000 71.587460 0.000000 0.000000 0.000000 0.987172 0.987172 0.987172
SM_Bush_03 123.930900 0.000000 72.911960 0.000000 0.000000 0.000000 1.052283 1.052283 1.052283
SM_Bush_03 127.354500 0.285087 69.307590 0.000000 0.000000 0.000000 0.955222 0.955222 0.955222
SM_Bush_03 123.839400 0.138243 67.972270 0.000000 0.000000 0.000000 1.072187 1.072187 1.072187
SM_Bush_03 127.377900 0.180250 65.839810 0.000000 0.000000 0.000000 0.911897 0.911897 0.911897
SM_Bush_03 126.783800 0.745955 64.316620 0.000000 0.000000 0.000000 1.082823 1.082823 1.082823
SM_Bush_03 129.232200 0.274460 64.980420 0.000000 0.000000 0.000000 0.911114 0.911114 0.911114
SM_Bush_03 129.929000 2.042989 63.000230 0.000000 0.000000 0.000000 1.089416 1.089416 1.089416
SM_Bush_03 126.974200 1.839479 63.016210 0.000000 0.000000 0.000000 0.981703 0.981703 0.981703
SM_Bush_03 125.780100 1.064843 64.197400 0.000000 0.000000 0.000000 1.027378 1.027378 1.027378
SM_Bush_03 123.672300 0.000000 70.624120 0.000000 0.000000 0.000000 0.927974 0.927974 0.927974
SM_Bush_03 122.507700 0.000000 69.834060 0.000000 0.000000 0.000000 0.908022 0.908022 0.908022
SM_Bush_03 120.896400 0.000000 74.437160 0.000000 0.000000 0.000000 1.091190 1.091190 1.091190
SM_Bush_03 127.748400 0.139893 64.779800 0.000000 0.000000 0.000000 1.002249 1.002249 1.002249
SM_Bush_03 129.904400 0.074312 67.481810 0.000000 0.000000 0.000000 1.094906 1.094906 1.094906
SM_Bush_03 124.249600 0.070438 68.953030 0.000000 0.000000 0.000000 0.960573 0.960573 0.960573
SM_Bush_03 125.332600 0.044659 71.371960 0.000000 0.000000 0.000000 0.952808 0.952808 0.952808
SM_Bush_03 121.108400 0.000000 70.764020 0.000000 0.000000 0.000000 1.078951 1.078951 1.078951
SM_Bush_03 124.735100 0.000000 73.665000 0.000000 0.000000 0.000000 1.099200 1.099200 1.099200
SM_Bush_03 123.436200 0.000000 73.766140 0.000000 0.000000 0.000000 0.943772 0.943772 0.943772
SM_Bush_03 121.258800 0.000000 73.419140 0.000000 0.000000 0.000000 0.916467 0.916467 0.916467
SM_Bush_03 130.465800 0.013104 71.007840 0.000000 0.000000 0.000000 1.082082 1.082082 1.082082
SM_Bush_03 132.880700 0.986209 67.344990 0.000000 0.000000 0.000000 1.062151 1.062151 1.062151
SM_Bush_03 125.826700 0.000000 75.418490 0.000000 0.000000 0.000000 0.959765 0.959765 0.959765
SM_Bush_03 124.713000 0.000000 75.494830 0.000000 0.000000 0.000000 1.097803 1.097803 1.097803
SM_Bush_03 123.303100 0.000000 75.150210 0.000000 0.000000 0.000000 1.087454 1.087454 1.087454
SM_Bush_03 127.011200 0.000000 72.833620 0.000000 0.000000 0.000000 1.013755 1.013755 1.013755
SM_Bush_03 115.959800 0.584479 78.089610 0.000000 0.000000 0.000000 0.918535 0.918535 0.918535
SM_Bush_03 116.270700 1.131877 75.686170 0.000000 0.000000 0.000000 0.953753 0.953753 0.953753
SM_Bush_03 113.852400 0.423022 80.455620 0.000000 0.000000 0.000000 1.076901 1.076901 1.076901
SM_Bush_03 113.668900 1.245193 76.666670 0.000000 0.000000 0.000000 1.044025 1.044025 1.044025
SM_Bush_03 109.074300 0.677532 83.021550 0.000000 0.000000 0.000000 0.926515 0.926515 0.926515
SM_Bush_03 106.593200 0.988830 81.420600 0.000000 0.000000 0.000000 1.069953 1.069953 1.069953
SM_Bush_03 112.376600 1.245193 77.012980 0.000000 0.000000 0.000000 0.973352 0.973352 0.973352
SM_Bush_03 108.784000 1.172486 79.424620 0.000000 0.000000 0.000000 1.075000 1.075000 1.075000
SM_Bush_03 107.426700 0.677532 82.644580 0.000000 0.000000 0.000000 1.048463 1.048463 1.048463
SM_Bush_03 101.501700 1.245193 84.103460 0.000000 0.000000 0.000000 1.069304 1.069304 1.069304
SM_Bush_03 97.085560 0.972293 89.878470 0.000000 0.000000 0.000000 0.990214 0.990214 0.990214
SM_Bush_03 118.963900 1.886101 60.992890 0.000000 0.000000 0.000000 0.942075 0.942075 0.942075
SM_Bush_03 124.251600 0.758922 64.686420 0.000000 0.000000 0.000000 0.995108 0.995108 0.995108
SM_Bush_03 121.237100 1.886101 58.632250 0.000000 0.000000 0.000000 1.034733 1.034733 1.034733
SM_Bush_03 119.026300 1.886101 59.739640 0.000000 0.000000 0.000000 1.008713 1.008713 1.008713
SM_Bush_03 125.326900 2.063041 57.454470 0.000000 0.000000 0.000000 0.974806 0.974806 0.974806
SM_Bush_03 124.040000 1.713820 53.622410 0.000000 0.000000 0.000000 1.081197 1.081197 1.081197
SM_Bush_03 127.163100 1.620092 53.924950 0.000000 0.000000 0.000000 0.962055 0.962055 0.962055
SM_Bush_03 120.067500 1.886101 55.667600 0.000000 0.000000 0.000000 1.080660 1.080660 1.080660
SM_Bush_03 121.378500 1.886101 53.150730 0.000000 0.000000 0.000000 1.086263 1.086263 1.086263
SM_Bush_03 120.095100 1.886101 52.543430 0.000000 0.000000 0.000000 0.932065 0.932065 0.932065
SM_Bush_03 123.107100 1.572710 49.440200 0.000000 0.000000 0.000000 1.090619 1.090619 1.090619
SM_Bush_03 121.932500 1.484001 49.691800 0.000000 0.000000 0.000000 0.910511 0.910511 0.910511
SM_Bush_03 108.684800 0.192431 53.695320 0.000000 0.000000 0.000000 1.040004 1.040004 1.040004
SM_Bush_03 109.059300 1.593893 56.486550 0.000000 0.000000 0.000000 0.981872 0.981872 0.981872
SM_Bush_03 108.157900 0.498379 54.589200 0.000000 0.000000 0.000000 1.090408 1.090408 1.090408
SM_Bush_03 109.198200 0.082894 52.664630 0.000000 0.000000 0.000000 0.942956 0.942956 0.942956
SM_Bush_03 107.969200 1.338808 56.226880 0.000000 0.000000 0.000000 0.943155 0.943155 0.943155
SM_Bush_03 107.575000 0.145281 53.416820 0.000000 0.000000 0.000000 0.919724 0.919724 0.919724
SM_Bush_03 119.553600 2.028943 45.642650 0.000000 0.000000 0.000000 0.992966 0.992966 0.992966
SM_Bush_03 119.330300 1.886761 48.961770 0.000000 0.000000 0.000000 0.963460 0.963460 0.963460
SM_Bush_03 128.216100 2.170769 61.320990 0.000000 0.000000 0.000000 0.977936 0.977936 0.977936
SM_Bush_03 126.920000 1.881785 59.276250 0.000000 0.000000 0.000000 1.049653 1.049653 1.049653
SM_Bush_03 128.781700 2.239988 57.461660 0.000000 0.000000 0.000000 1.001858 1.001858 1.001858
SM_Bush_03 131.185500 2.263678 58.355550 0.000000 0.000000 0.000000 0.962982 0.962982 0.962982
SM_Bush_03 130.474400 2.115327 54.439250 0.000000 0.000000 0.000000 0.908495 0.908495 0.908495
SM_Bush_03 130.982600 2.104042 56.486690 0.000000 0.000000 0.000000 0.954063 0.954063 0.954063
SM_Bush_03 128.911800 1.774985 54.731170 0.000000 0.000000 0.000000 1.065779 1.065779 1.065779
SM_Bush_03 132.109900 1.790872 53.338310 0.000000 0.000000 0.000000 1.056815 1.056815 1.056815
SM_Bush_03 128.209200 1.980227 59.775600 0.000000 0.000000 0.000000 0.973385 0.973385 0.973385
SM_Bush_03 129.816900 2.185622 59.319250 0.000000 0.000000 0.000000 1.051350 1.051350 1.051350
SM_Bush_03 126.481700 1.959298 61.240170 0.000000 0.000000 0.000000 0.911166 0.911166 0.911166
SM_Bush_03 135.597900 1.884513 61.090170 0.000000 0.000000 0.000000 0.902583 0.902583 0.902583
SM_Bush_03 134.714800 1.870079 59.906430 0.000000 0.000000 0.000000 0.949449 0.949449 0.949449
SM_Bush_03 133.854100 2.007972 58.904430 0.000000 0.000000 0.000000 1.063249 1.063249 1.063249
SM_Bush_03 132.776700 1.826972 62.263870 0.000000 0.000000 0.000000 0.973705 0.973705 0.973705
SM_Bush_03 136.254900 1.886101 56.448420 0.000000 0.000000 0.000000 0.906619 0.906619 0.906619
SM_Bush_03 136.553900 1.886101 54.792600 0.000000 0.000000 0.000000 1.024634 1.024634 1.024634
SM_Bush_03 135.920400 1.886101 53.410690 0.000000 0.000000 0.000000 1.061343 1.061343 1.061343
SM_Bush_03 134.693800 1.857965 51.475510 0.000000 0.000000 0.000000 1.065820 1.065820 1.065820
SM_Bush_03 135.370300 1.751144 46.259880 0.000000 0.000000 0.000000 0.903713 0.903713 0.903713
SM_Bush_03 133.716200 1.821359 45.626720 0.000000 0.000000 0.000000 0.938868 0.938868 0.938868
SM_Bush_03 133.333100 1.836284 46.557030 0.000000 0.000000 0.000000 1.019230 1.019230 1.019230
SM_Bush_03 134.697600 1.879849 44.893300 0.000000 0.000000 0.000000 1.021101 1.021101 1.021101
SM_Bush_03 128.343400 1.640160 51.737140 0.000000 0.000000 0.000000 1.080594 1.080594 1.080594
SM_Bush_03 131.450700 2.031437 54.079790 0.000000 0.000000 0.000000 1.028041 1.028041 1.028041
SM_Bush_03 128.797000 1.869918 52.660920 0.000000 0.000000 0.000000 0.914747 0.914747 0.914747
SM_Bush_03 126.379700 1.494068 52.378740 0.000000 0.000000 0.000000 0.960716 0.960716 0.960716
SM_Bush_03 130.350000 2.019747 55.423070 0.000000 0.000000 0.000000 0.954729 0.954729 0.954729
SM_Bush_03 128.783700 1.668336 49.683460 0.000000 0.000000 0.000000 0.965578 0.965578 0.965578
SM_Bush_03 130.214600 1.613311 41.335080 0.000000 0.000000 0.000000 1.020792 1.020792 1.020792
SM_Bush_03 132.808900 1.386355 41.326640 0.000000 0.000000 0.000000 1.015103 1.015103 1.015103
SM_Bush_03 127.183700 1.054166 50.505340 0.000000 0.000000 0.000000 1.060329 1.060329 1.060329
SM_Bush_03 123.856200 1.358911 51.598340 0.000000 0.000000 0.000000 0.992146 0.992146 0.992146
SM_Bush_03 124.942100 1.916942 55.280720 0.000000 0.000000 0.000000 1.089681 1.089681 1.089681
SM_Bush_03 124.475300 1.274562 50.243170 0.000000 0.000000 0.000000 1.070209 1.070209 1.070209
SM_Bush_03 125.852300 1.152219 49.139500 0.000000 0.000000 0.000000 1.000734 1.000734 1.000734
SM_Bush_03 131.552400 1.342334 42.831750 0.000000 0.000000 0.000000 0.942653 0.942653 0.942653
SM_Bush_03 129.805800 2.251323 36.753990 0.000000 0.000000 0.000000 0.990654 0.990654 0.990654
SM_Bush_03 129.869900 1.842246 37.766900 0.000000 0.000000 0.000000 1.060513 1.060513 1.060513
SM_Bush_03 125.913200 1.751721 44.675290 0.000000 0.000000 0.000000 1.048979 1.048979 1.048979
SM_Bush_03 125.559300 2.316680 41.413530 0.000000 0.000000 0.000000 1.059549 1.059549 1.059549
SM_Bush_03 127.884400 1.505771 39.033170 0.000000 0.000000 0.000000 0.980351 0.980351 0.980351
SM_Bush_03 123.417400 2.041119 44.328560 0.000000 0.000000 0.000000 0.946638 0.946638 0.946638
SM_Bush_03 123.780600 2.439036 42.083970 0.000000 0.000000 0.000000 0.929307 0.929307 0.929307
SM_Bush_03 133.157100 2.567737 38.106020 0.000000 0.000000 0.000000 0.908178 0.908178 0.908178
SM_Bush_03 138.437700 2.028028 37.890440 0.000000 0.000000 0.000000 1.084661 1.084661 1.084661
SM_Bush_03 135.688200 2.074387 39.774330 0.000000 0.000000 0.000000 1.040915 1.040915 1.040915
SM_Bush_03 137.211300 2.223235 35.809110 0.000000 0.000000 0.000000 0.929513 0.929513 0.929513
SM_Bush_03 135.825900 2.100913 34.536780 0.000000 0.000000 0.000000 0.980090 0.980090 0.980090
SM_Bush_03 136.124200 2.067481 37.405460 0.000000 0.000000 0.000000 0.962143 0.962143 0.962143
SM_Bush_03 137.859400 1.886101 32.656450 0.000000 0.000000 0.000000 1.005294 1.005294 1.005294
SM_Bush_03 134.842500 2.014565 33.429180 0.000000 0.000000 0.000000 0.951240 0.951240 0.951240
SM_Bush_03 139.276800 1.886101 33.512030 0.000000 0.000000 0.000000 0.940446 0.940446 0.940446
SM_Bush_03 140.405700 1.886101 34.083680 0.000000 0.000000 0.000000 1.098268 1.098268 1.098268
SM_Bush_03 139.995300 1.886101 35.092120 0.000000 0.000000 0.000000 0.994712 0.994712 0.994712
SM_Bush_03 139.093700 2.012457 35.694710 0.000000 0.000000 0.000000 1.049817 1.049817 1.049817
SM_Bush_03 138.103600 2.181240 35.327820 0.000000 0.000000 0.000000 0.984637 0.984637 0.984637
SM_Bush_03 127.843800 1.714159 40.018310 0.000000 0.000000 0.000000 0.963956 0.963956 0.963956
SM_Bush_03 129.931200 1.695439 38.827630 0.000000 0.000000 0.000000 1.027565 1.027565 1.027565
SM_Bush_03 120.119400 2.057901 42.312300 0.000000 0.000000 0.000000 1.041116 1.041116 1.041116
SM_Bush_03 121.951200 2.346145 41.623730 0.000000 0.000000 0.000000 1.091357 1.091357 1.091357
SM_Bush_03 121.172300 2.239005 43.041460 0.000000 0.000000 0.000000 1.026855 1.026855 1.026855
SM_Bush_03 118.852200 2.082796 40.916040 0.000000 0.000000 0.000000 1.000469 1.000469 1.000469
SM_Bush_03 121.401500 2.161397 38.275390 0.000000 0.000000 0.000000 1.094237 1.094237 1.094237
SM_Bush_03 124.869300 1.887197 32.821840 0.000000 0.000000 0.000000 1.049357 1.049357 1.049357
SM_Bush_03 128.198500 2.068989 32.148820 0.000000 0.000000 0.000000 1.063334 1.063334 1.063334
SM_Bush_03 130.457600 2.419719 34.844000 0.000000 0.000000 0.000000 1.034089 1.034089 1.034089
SM_Bush_03 132.706600 2.531616 34.172630 0.000000 0.000000 0.000000 1.064008 1.064008 1.064008
SM_Bush_03 131.051000 2.423119 32.141210 0.000000 0.000000 0.000000 0.970715 0.970715 0.970715
SM_Bush_03 129.983700 1.886101 29.663920 0.000000 0.000000 0.000000 0.960945 0.960945 0.960945
SM_Bush_03 128.234600 1.955487 30.904560 0.000000 0.000000 0.000000 1.030458 1.030458 1.030458
SM_Bush_03 123.113800 1.865823 33.079970 0.000000 0.000000 0.000000 1.077811 1.077811 1.077811
SM_Bush_03 120.614700 1.886101 34.151420 0.000000 0.000000 0.000000 1.090104 1.090104 1.090104
SM_Bush_03 119.537800 1.886101 34.281160 0.000000 0.000000 0.000000 1.020317 1.020317 1.020317
SM_Bush_03 120.623000 1.886101 32.560780 0.000000 0.000000 0.000000 0.991212 0.991212 0.991212
SM_Bush_03 122.958700 1.886101 30.678600 0.000000 0.000000 0.000000 1.065062 1.065062 1.065062
SM_Bush_03 121.892000 1.886101 29.773280 0.000000 0.000000 0.000000 1.035212 1.035212 1.035212
SM_Bush_03 126.800300 1.886101 31.007340 0.000000 0.000000 0.000000 0.990724 0.990724 0.990724
SM_Bush_03 123.834300 1.884084 31.140440 0.000000 0.000000 0.000000 1.041343 1.041343 1.041343
SM_Bush_03 128.158900 1.886101 28.204980 0.000000 0.000000 0.000000 1.001819 1.001819 1.001819
SM_Bush_03 128.611900 1.912062 29.596520 0.000000 0.000000 0.000000 1.010511 1.010511 1.010511
SM_Bush_03 129.442000 1.886101 28.697590 0.000000 0.000000 0.000000 0.977795 0.977795 0.977795
SM_Bush_03 133.498600 1.886101 29.120950 0.000000 0.000000 0.000000 1.070628 1.070628 1.070628
SM_Bush_03 133.228800 1.914704 30.069730 0.000000 0.000000 0.000000 1.094477 1.094477 1.094477
SM_Bush_03 122.987200 1.886101 29.323560 0.000000 0.000000 0.000000 0.907104 0.907104 0.907104
SM_Bush_03 121.526800 1.886101 28.805750 0.000000 0.000000 0.000000 1.056733 1.056733 1.056733
SM_Bush_03 119.548100 1.886101 29.807000 0.000000 0.000000 0.000000 1.092739 1.092739 1.092739
SM_Bush_03 119.715300 1.886101 28.832790 0.000000 0.000000 0.000000 1.028662 1.028662 1.028662
SM_Bush_03 150.620000 1.886101 32.433660 0.000000 0.000000 0.000000 0.941921 0.941921 0.941921
SM_Bush_03 147.195200 1.670376 34.641960 0.000000 0.000000 0.000000 1.080978 1.080978 1.080978
SM_Bush_03 149.908000 1.886101 30.841520 0.000000 0.000000 0.000000 1.077344 1.077344 1.077344
SM_Bush_03 146.449300 1.886101 33.312850 0.000000 0.000000 0.000000 0.924834 0.924834 0.924834
SM_Bush_03 147.752700 1.886101 29.643910 0.000000 0.000000 0.000000 1.080247 1.080247 1.080247
SM_Bush_03 148.255400 1.886101 32.243660 0.000000 0.000000 0.000000 0.975941 0.975941 0.975941
SM_Bush_03 148.877900 1.886101 29.102950 0.000000 0.000000 0.000000 1.040351 1.040351 1.040351
SM_Bush_03 148.980400 1.886101 30.080580 0.000000 0.000000 0.000000 0.909799 0.909799 0.909799
SM_Bush_03 144.552900 1.886101 30.049990 0.000000 0.000000 0.000000 0.901709 0.901709 0.901709
SM_Bush_03 144.687400 1.886101 31.806090 0.000000 0.000000 0.000000 1.080408 1.080408 1.080408
SM_Bush_03 146.689300 1.886101 30.539960 0.000000 0.000000 0.000000 1.043134 1.043134 1.043134
SM_Bush_03 151.029100 1.942632 35.652230 0.000000 0.000000 0.000000 1.070989 1.070989 1.070989
SM_Bush_03 150.090700 1.827836 34.852490 0.000000 0.000000 0.000000 1.061031 1.061031 1.061031
SM_Bush_03 152.479600 0.765475 45.423650 0.000000 0.000000 0.000000 1.041751 1.041751 1.041751
SM_Bush_03 154.675700 1.941865 42.798360 0.000000 0.000000 0.000000 0.939979 0.939979 0.939979
SM_Bush_03 156.395600 1.470381 44.864840 0.000000 0.000000 0.000000 1.091429 1.091429 1.091429
SM_Bush_03 154.336900 1.611328 45.333840 0.000000 0.000000 0.000000 0.950706 0.950706 0.950706
SM_Bush_03 152.875300 1.299126 43.652660 0.000000 0.000000 0.000000 0.975933 0.975933 0.975933
SM_Bush_03 152.504200 1.873880 37.712750 0.000000 0.000000 0.000000 0.938366 0.938366 0.938366
SM_Bush_03 150.925900 1.445480 42.070010 0.000000 0.000000 0.000000 1.021113 1.021113 1.021113
SM_Bush_03 145.615500 1.574803 35.925220 0.000000 0.000000 0.000000 0.952719 0.952719 0.952719
SM_Bush_03 148.381900 1.956092 36.710990 0.000000 0.000000 0.000000 1.011656 1.011656 1.011656
SM_Bush_03 146.953900 1.472840 40.098610 0.000000 0.000000 0.000000 0.977781 0.977781 0.977781
SM_Bush_03 146.054200 1.747478 41.930300 0.000000 0.000000 0.000000 0.935468 0.935468 0.935468
SM_Bush_03 150.332700 1.210820 45.409080 0.000000 0.000000 0.000000 0.923947 0.923947 0.923947
SM_Bush_03 150.681800 1.192288 48.658290 0.000000 0.000000 0.000000 1.071332 1.071332 1.071332
SM_Bush_03 154.314100 1.377910 47.607130 0.000000 0.000000 0.000000 0.964547 0.964547 0.964547
SM_Bush_03 155.837400 1.887695 42.546290 0.000000 0.000000 0.000000 1.080577 1.080577 1.080577
SM_Bush_03 156.851700 1.941037 40.528730 0.000000 0.000000 0.000000 0.922586 0.922586 0.922586
SM_Bush_03 155.430600 1.909315 40.708650 0.000000 0.000000 0.000000 0.991482 0.991482 0.991482
SM_Bush_03 155.002300 1.792582 44.544600 0.000000 0.000000 0.000000 1.095483 1.095483 1.095483
SM_Bush_03 158.957800 1.924756 43.715340 0.000000 0.000000 0.000000 1.007373 1.007373 1.007373
SM_Bush_03 157.355300 1.606135 49.550890 0.000000 0.000000 0.000000 1.042408 1.042408 1.042408
SM_Bush_03 155.359800 1.372245 50.033300 0.000000 0.000000 0.000000 0.975795 0.975795 0.975795
SM_Bush_03 149.174600 1.201844 58.492850 0.000000 0.000000 0.000000 0.956979 0.956979 0.956979
SM_Bush_03 149.429500 1.299407 60.066820 0.000000 0.000000 0.000000 1.065809 1.065809 1.065809
SM_Bush_03 146.988400 1.798249 59.665020 0.000000 0.000000 0.000000 1.048685 1.048685 1.048685
SM_Bush_03 148.413300 1.377043 60.058510 0.000000 0.000000 0.000000 1.068554 1.068554 1.068554
SM_Bush_03 151.738600 1.266179 58.889940 0.000000 0.000000 0.000000 0.981345 0.981345 0.981345
SM_Bush_03 148.811000 2.484915 54.827570 0.000000 0.000000 0.000000 1.008870 1.008870 1.008870
SM_Bush_03 149.844300 1.182894 57.618780 0.000000 0.000000 0.000000 1.064620 1.064620 1.064620
SM_Bush_03 151.423300 1.804006 53.829230 0.000000 0.000000 0.000000 1.041500 1.041500 1.041500
SM_Bush_03 152.169500 1.535347 52.292520 0.000000 0.000000 0.000000 1.090220 1.090220 1.090220
SM_Bush_03 148.286400 1.530672 61.129610 0.000000 0.000000 0.000000 1.018248 1.018248 1.018248
SM_Bush_03 150.293400 1.442383 60.777490 0.000000 0.000000 0.000000 0.988138 0.988138 0.988138
SM_Bush_03 146.594900 2.328007 62.371690 0.000000 0.000000 0.000000 0.942100 0.942100 0.942100
SM_Bush_03 147.934100 2.394995 48.779620 0.000000 0.000000 0.000000 0.905999 0.905999 0.905999
SM_Bush_03 152.626200 0.559120 48.351930 0.000000 0.000000 0.000000 1.021667 1.021667 1.021667
SM_Bush_03 148.445300 2.615870 53.811550 0.000000 0.000000 0.000000 0.913183 0.913183 0.913183
SM_Bush_03 144.895000 2.432045 49.197940 0.000000 0.000000 0.000000 1.025009 1.025009 1.025009
SM_Bush_03 143.563000 1.929311 56.599960 0.000000 0.000000 0.000000 0.998743 0.998743 0.998743
SM_Bush_03 146.741300 1.770283 57.488780 0.000000 0.000000 0.000000 1.055363 1.055363 1.055363
SM_Bush_03 155.837700 1.618042 53.638580 0.000000 0.000000 0.000000 1.053214 1.053214 1.053214
SM_Bush_03 154.905800 1.594871 57.318270 0.000000 0.000000 0.000000 1.043894 1.043894 1.043894
SM_Bush_03 152.367100 1.503512 59.996950 0.000000 0.000000 0.000000 0.959839 0.959839 0.959839
SM_Bush_03 149.271900 1.803489 63.653110 0.000000 0.000000 0.000000 1.084839 1.084839 1.084839
SM_Bush_03 152.568800 1.886101 63.584660 0.000000 0.000000 0.000000 1.073092 1.073092 1.073092
SM_Bush_03 150.641200 1.795130 61.871930 0.000000 0.000000 0.000000 0.950598 0.950598 0.950598
SM_Bush_03 153.503600 1.886101 64.600160 0.000000 0.000000 0.000000 1.059351 1.059351 1.059351
SM_Bush_03 152.311200 1.886101 64.719480 0.000000 0.000000 0.000000 0.908543 0.908543 0.908543
SM_Bush_03 153.008300 1.886101 62.258240 0.000000 0.000000 0.000000 0.970793 0.970793 0.970793
SM_Bush_03 157.085800 1.886101 59.609410 0.000000 0.000000 0.000000 0.929915 0.929915 0.929915
SM_Bush_03 157.496600 1.757718 58.243960 0.000000 0.000000 0.000000 1.002299 1.002299 1.002299
SM_Bush_03 155.894500 1.767537 59.221370 0.000000 0.000000 0.000000 0.934043 0.934043 0.934043
SM_Bush_03 154.560800 1.707461 53.775140 0.000000 0.000000 0.000000 1.046673 1.046673 1.046673
SM_Bush_03 154.232100 1.886101 65.344910 0.000000 0.000000 0.000000 0.918158 0.918158 0.918158
SM_Bush_03 151.552300 1.884304 63.319920 0.000000 0.000000 0.000000 1.054268 1.054268 1.054268
SM_Bush_03 145.918900 1.976567 64.855000 0.000000 0.000000 0.000000 1.053552 1.053552 1.053552
SM_Bush_03 144.351100 1.886101 65.733550 0.000000 0.000000 0.000000 1.094944 1.094944 1.094944
SM_Bush_03 143.482200 1.886101 64.908630 0.000000 0.000000 0.000000 0.999693 0.999693 0.999693
SM_Bush_03 145.376900 1.886101 65.777070 0.000000 0.000000 0.000000 1.084031 1.084031 1.084031
SM_Bush_03 142.965800 1.886101 66.353830 0.000000 0.000000 0.000000 0.959839 0.959839 0.959839
SM_Bush_03 148.428400 1.284463 57.491080 0.000000 0.000000 0.000000 0.962905 0.962905 0.962905
SM_Bush_03 139.733700 1.886101 29.338290 0.000000 0.000000 0.000000 0.911792 0.911792 0.911792
SM_Bush_03 138.187500 1.886101 27.602770 0.000000 0.000000 0.000000 0.928593 0.928593 0.928593
SM_Bush_03 146.244100 1.886101 27.833730 0.000000 0.000000 0.000000 0.987293 0.987293 0.987293
SM_Bush_03 149.457700 1.886101 27.306750 0.000000 0.000000 0.000000 0.977150 0.977150 0.977150
SM_Bush_03 149.952200 1.886101 29.779820 0.000000 0.000000 0.000000 0.900287 0.900287 0.900287
SM_Bush_03 134.642800 1.886101 27.298530 0.000000 0.000000 0.000000 0.909465 0.909465 0.909465
SM_Bush_03 140.310300 0.787402 80.463000 0.000000 0.000000 0.000000 1.020484 1.020484 1.020484
SM_Bush_03 140.549100 0.787402 81.655360 0.000000 0.000000 0.000000 1.056352 1.056352 1.056352
SM_Bush_03 140.053400 0.787402 82.559600 0.000000 0.000000 0.000000 0.941333 0.941333 0.941333
SM_Bush_03 137.130500 0.787402 86.708080 0.000000 0.000000 0.000000 0.987397 0.987397 0.987397
SM_Grass_Patch_09 18.549290 3.387658 9.676029 0.000000 0.000000 0.000000 1.086329 1.086329 1.086329
SM_Grass_Patch_09 20.948700 3.595608 9.345364 0.000000 0.000000 0.000000 0.997240 0.997240 0.997240
SM_Grass_Patch_09 23.496800 4.086991 11.055860 0.000000 0.000000 0.000000 0.939025 0.939025 0.939025
SM_Grass_Patch_09 24.679720 2.078210 6.021351 0.000000 0.000000 0.000000 0.905813 0.905813 0.905813
SM_Grass_Patch_09 25.632260 1.990129 7.458456 0.000000 0.000000 0.000000 1.089118 1.089118 1.089118
SM_Grass_Patch_09 24.763660 1.720682 5.037033 0.000000 0.000000 0.000000 1.009301 1.009301 1.009301
SM_Grass_Patch_09 31.289850 3.928036 19.542780 0.000000 0.000000 0.000000 1.083322 1.083322 1.083322
SM_Grass_Patch_09 21.275450 4.194863 7.737869 0.000000 0.000000 0.000000 1.024836 1.024836 1.024836
SM_Grass_Patch_09 16.458260 3.387658 8.639996 0.000000 0.000000 0.000000 0.936234 0.936234 0.936234
SM_Grass_Patch_09 17.045990 3.387658 9.638271 0.000000 0.000000 0.000000 0.923325 0.923325 0.923325
SM_Grass_Patch_09 17.071720 3.504932 4.608948 0.000000 0.000000 0.000000 0.968468 0.968468 0.968468
SM_Grass_Patch_09 19.578250 3.387658 11.594300 0.000000 0.000000 0.000000 1.050621 1.050621 1.050621
SM_Grass_Patch_09 20.630580 3.387658 12.593020 0.000000 0.000000 0.000000 0.930687 0.930687 0.930687
SM_Grass_Patch_09 15.519590 3.802266 3.023014 0.000000 0.000000 0.000000 1.061574 1.061574 1.061574
SM_Grass_Patch_09 13.457690 2.774565 0.323639 0.000000 0.000000 0.000000 1.084292 1.084292 1.084292
SM_Grass_Patch_09 22.432300 3.387658 14.313210 0.000000 0.000000 0.000000 0.924257 0.924257 0.924257
SM_Grass_Patch_09 22.764600 3.421475 15.445610 0.000000 0.000000 0.000000 0.930402 0.930402 0.930402
SM_Grass_Patch_09 23.497680 3.486269 16.120560 0.000000 0.000000 0.000000 0.925736 0.925736 0.925736
SM_Grass_Patch_04 10.138580 3.455252 12.503380 0.000000 0.000000 0.000000 1.096818 1.096818 1.096818
SM_Grass_Patch_04 10.779900 3.387658 11.554060 0.000000 0.000000 0.000000 0.979662 0.979662 0.979662
SM_Grass_Patch_04 11.230130 3.387658 12.832590 0.000000 0.000000 0.000000 0.958856 0.958856 0.958856
SM_Grass_Patch_04 9.648430 3.387658 10.138400 0.000000 0.000000 0.000000 0.911185 0.911185 0.911185
SM_Grass_Patch_04 9.275887 3.606510 11.540630 0.000000 0.000000 0.000000 1.000410 1.000410 1.000410
SM_Grass_Patch_04 10.861410 3.387658 10.589540 0.000000 0.000000 0.000000 1.028771 1.028771 1.028771
SM_Grass_Patch_04 8.683979 3.637183 10.305880 0.000000 0.000000 0.000000 0.953841 0.953841 0.953841
SM_Grass_Patch_04 10.413530 3.387658 9.408190 0.000000 0.000000 0.000000 1.069663 1.069663 1.069663
SM_Grass_Patch_04 7.761463 3.753891 10.327250 0.000000 0.000000 0.000000 0.979678 0.979678 0.979678
SM_Grass_Patch_04 7.774071 3.721673 9.153297 0.000000 0.000000 0.000000 1.062731 1.062731 1.062731
SM_Grass_Patch_04 6.665119 3.634199 7.825043 0.000000 0.000000 0.000000 0.991718 0.991718 0.991718
SM_Grass_Patch_04 7.896320 3.421319 7.912956 0.000000 0.000000 0.000000 0.985188 0.985188 0.985188
SM_Grass_Patch_09 8.916664 3.387658 9.034857 0.000000 0.000000 0.000000 1.079547 1.079547 1.079547
SM_Grass_Patch_09 9.985477 3.668548 13.403860 0.000000 0.000000 0.000000 0.973863 0.973863 0.973863
SM_Grass_Patch_09 8.541752 3.753891 12.277710 0.000000 0.000000 0.000000 0.958462 0.958462 0.958462
SM_Grass_Patch_09 11.499070 3.438876 14.146350 0.000000 0.000000 0.000000 0.964132 0.964132 0.964132
SM_Grass_Patch_09 11.964950 3.387658 11.573310 0.000000 0.000000 0.000000 0.946304 0.946304 0.946304
SM_Grass_Patch_09 13.630950 3.452090 14.512250 0.000000 0.000000 0.000000 0.964841 0.964841 0.964841
SM_Grass_Patch_09 12.652260 3.469056 13.667300 0.000000 0.000000 0.000000 0.900733 0.900733 0.900733
SM_Grass_Patch_09 3.917622 3.753891 18.434370 0.000000 0.000000 0.000000 1.041469 1.041469 1.041469
SM_Grass_Patch_09 2.654266 3.707531 14.179130 0.000000 0.000000 0.000000 0.918169 0.918169 0.918169
SM_Grass_Patch_09 3.936123 3.753891 15.625690 0.000000 0.000000 0.000000 1.008058 1.008058 1.008058
SM_Grass_Patch_09 3.134441 3.753891 19.341640 0.000000 0.000000 0.000000 0.923850 0.923850 0.923850
SM_Grass_Patch_09 8.033138 3.753891 15.633340 0.000000 0.000000 0.000000 1.016544 1.016544 1.016544
SM_Grass_Patch_09 5.414207 3.924179 20.093560 0.000000 0.000000 0.000000 0.965050 0.965050 0.965050
SM_Grass_Patch_09 6.994446 4.594890 24.149740 0.000000 0.000000 0.000000 1.095653 1.095653 1.095653
SM_Grass_Patch_09 10.066890 4.551656 22.814370 0.000000 0.000000 0.000000 1.047783 1.047783 1.047783
SM_Grass_Patch_09 35.157140 4.023428 21.173610 0.000000 0.000000 0.000000 0.960493 0.960493 0.960493
SM_Grass_Patch_09 41.709160 3.587962 39.228340 0.000000 0.000000 0.000000 1.075439 1.075439 1.075439
SM_Grass_Patch_09 35.151160 4.026658 25.355240 0.000000 0.000000 0.000000 1.074277 1.074277 1.074277
SM_Grass_Patch_09 32.015770 3.612850 27.234260 0.000000 0.000000 0.000000 0.926678 0.926678 0.926678
SM_Grass_Patch_09 28.935600 3.442593 30.291070 0.000000 0.000000 0.000000 0.957567 0.957567 0.957567
SM_Grass_Patch_09 32.957460 3.806396 25.299370 0.000000 0.000000 0.000000 0.972983 0.972983 0.972983
SM_Grass_Patch_09 35.496270 2.974417 34.404150 0.000000 0.000000 0.000000 0.951067 0.951067 0.951067
SM_Grass_Patch_09 39.341370 3.759423 40.842380 0.000000 0.000000 0.000000 1.032131 1.032131 1.032131
SM_Grass_Patch_09 36.010000 3.540402 29.099440 0.000000 0.000000 0.000000 0.958836 0.958836 0.958836
SM_Grass_Patch_09 41.754640 3.484024 45.509780 0.000000 0.000000 0.000000 1.002386 1.002386 1.002386
SM_Grass_Patch_09 39.226370 3.607858 44.951280 0.000000 0.000000 0.000000 1.089775 1.089775 1.089775
SM_Grass_Patch_09 41.621220 2.876834 50.018070 0.000000 0.000000 0.000000 0.996353 0.996353 0.996353
SM_Grass_Patch_09 46.080500 2.419945 51.226060 0.000000 0.000000 0.000000 1.093146 1.093146 1.093146
SM_Grass_Patch_09 43.528770 2.489111 48.389750 0.000000 0.000000 0.000000 0.916714 0.916714 0.916714
SM_Grass_Patch_09 57.105630 1.123705 63.224140 0.000000 0.000000 0.000000 0.903812 0.903812 0.903812
SM_Grass_Patch_09 53.381980 1.135323 55.863450 0.000000 0.000000 0.000000 0.987829 0.987829 0.987829
SM_Grass_Patch_09 37.824180 3.277788 50.899700 0.000000 0.000000 0.000000 1.026314 1.026314 1.026314
SM_Grass_Patch_09 40.221270 1.676321 56.731650 0.000000 0.000000 0.000000 0.986376 0.986376 0.986376
SM_Grass_Patch_09 30.522500 3.441009 55.114220 0.000000 0.000000 0.000000 1.018100 1.018100 1.018100
SM_Grass_Patch_09 25.706550 3.511569 45.416630 0.000000 0.000000 0.000000 1.004369 1.004369 1.004369
SM_Grass_Patch_09 23.653180 3.439160 46.582030 0.000000 0.000000 0.000000 0.921947 0.921947 0.921947
SM_Grass_Patch_09 29.489310 3.476481 50.223890 0.000000 0.000000 0.000000 0.911341 0.911341 0.911341
SM_Grass_Patch_09 27.645720 3.789280 47.074990 0.000000 0.000000 0.000000 0.929012 0.929012 0.929012
SM_Grass_Patch_09 22.274870 3.387658 44.511820 0.000000 0.000000 0.000000 1.013957 1.013957 1.013957
SM_Grass_Patch_09 39.681540 1.289096 64.148190 0.000000 0.000000 0.000000 1.004559 1.004559 1.004559
SM_Grass_Patch_09 39.088780 1.810866 61.982190 0.000000 0.000000 0.000000 1.084284 1.084284 1.084284
SM_Grass_Patch_09 47.518630 1.129712 54.083750 0.000000 0.000000 0.000000 1.013513 1.013513 1.013513
SM_Grass_Patch_09 48.718010 0.564266 58.574750 0.000000 0.000000 0.000000 1.025882 1.025882 1.025882
SM_Grass_Patch_09 61.026790 0.274675 64.938930 0.000000 0.000000 0.000000 1.042814 1.042814 1.042814
SM_Grass_Patch_09 72.161760 0.000000 70.843850 0.000000 0.000000 0.000000 0.947949 0.947949 0.947949
SM_Grass_Patch_09 74.143530 0.000000 72.183330 0.000000 0.000000 0.000000 0.910860 0.910860 0.910860
SM_Grass_Patch_09 74.482100 0.000000 69.570020 0.000000 0.000000 0.000000 0.902431 0.902431 0.902431
SM_Grass_Patch_09 72.436400 0.004479 73.201440 0.000000 0.000000 0.000000 1.003130 1.003130 1.003130
SM_Grass_Patch_09 66.838680 0.274675 69.683550 0.000000 0.000000 0.000000 0.902349 0.902349 0.902349
SM_Grass_Patch_09 67.368320 0.213981 70.657810 0.000000 0.000000 0.000000 0.966420 0.966420 0.966420
SM_Grass_Patch_09 68.394560 0.000000 73.672040 0.000000 0.000000 0.000000 1.026749 1.026749 1.026749
SM_Grass_Patch_09 65.574270 0.000000 74.069440 0.000000 0.000000 0.000000 1.021161 1.021161 1.021161
SM_Grass_Patch_09 64.228220 0.093685 73.616640 0.000000 0.000000 0.000000 0.997306 0.997306 0.997306
SM_Grass_Patch_09 63.357860 0.075849 73.913540 0.000000 0.000000 0.000000 1.042431 1.042431 1.042431
SM_Grass_Patch_09 63.187050 0.327415 72.831230 0.000000 0.000000 0.000000 1.057901 1.057901 1.057901
SM_Grass_Patch_09 59.787450 0.499160 70.324390 0.000000 0.000000 0.000000 1.099644 1.099644 1.099644
SM_Grass_Patch_09 59.139620 0.397387 68.511920 0.000000 0.000000 0.000000 1.015930 1.015930 1.015930
SM_Grass_Patch_09 60.213660 0.274675 68.144870 0.000000 0.000000 0.000000 0.949764 0.949764 0.949764
SM_Grass_Patch_09 57.541810 0.801047 67.400500 0.000000 0.000000 0.000000 0.961816 0.961816 0.961816
SM_Grass_Patch_09 59.476350 0.226066 71.349700 0.000000 0.000000 0.000000 1.041216 1.041216 1.041216
SM_Grass_Patch_09 71.373870 0.226103 86.485020 0.000000 0.000000 0.000000 1.070700 1.070700 1.070700
SM_Grass_Patch_09 75.522350 1.475739 79.679340 0.000000 0.000000 0.000000 1.071883 1.071883 1.071883
SM_Grass_Patch_09 72.921840 1.828399 80.265910 0.000000 0.000000 0.000000 0.996197 0.996197 0.996197
SM_Grass_Patch_09 70.808980 0.754126 82.644450 0.000000 0.000000 0.000000 1.070774 1.070774 1.070774
SM_Grass_Patch_09 49.174320 0.726727 71.596820 0.000000 0.000000 0.000000 0.911345 0.911345 0.911345
SM_Grass_Patch_09 49.969750 1.818194 78.955030 0.000000 0.000000 0.000000 1.079579 1.079579 1.079579
SM_Grass_Patch_09 45.313100 3.335874 71.750030 0.000000 0.000000 0.000000 1.070135 1.070135 1.070135
SM_Grass_Patch_09 47.432090 1.953716 74.546880 0.000000 0.000000 0.000000 1.069743 1.069743 1.069743
SM_Grass_Patch_09 51.690720 0.262573 74.686620 0.000000 0.000000 0.000000 0.997411 0.997411 0.997411
SM_Grass_Patch_09 61.567620 1.171947 93.882250 0.000000 0.000000 0.000000 0.994110 0.994110 0.994110
SM_Grass_Patch_09 60.283990 1.171947 93.187160 0.000000 0.000000 0.000000 1.075445 1.075445 1.075445
SM_Grass_Patch_09 59.134040 1.171947 91.855480 0.000000 0.000000 0.000000 1.098573 1.098573 1.098573
SM_Grass_Patch_09 57.098660 1.226719 88.438420 0.000000 0.000000 0.000000 1.099621 1.099621 1.099621
SM_Grass_Patch_09 63.409360 0.662890 99.893800 0.000000 0.000000 0.000000 1.070871 1.070871 1.070871
SM_Grass_Patch_09 60.614250 0.105755 84.485390 0.000000 0.000000 0.000000 0.953582 0.953582 0.953582
SM_Grass_Patch_09 70.581500 0.938946 98.674560 0.000000 0.000000 0.000000 0.953550 0.953550 0.953550
SM_Grass_Patch_09 67.323540 0.811966 98.160570 0.000000 0.000000 0.000000 0.922016 0.922016 0.922016
SM_Grass_Patch_09 72.397380 0.463261 104.203400 0.000000 0.000000 0.000000 1.083930 1.083930 1.083930
SM_Grass_Patch_09 89.668410 0.542938 104.336600 0.000000 0.000000 0.000000 1.085520 1.085520 1.085520
SM_Grass_Patch_09 95.566410 0.822398 107.133000 0.000000 0.000000 0.000000 1.056310 1.056310 1.056310
SM_Grass_Patch_09 97.629460 0.780355 106.240800 0.000000 0.000000 0.000000 0.995053 0.995053 0.995053
SM_Grass_Patch_09 97.276180 0.776141 108.086600 0.000000 0.000000 0.000000 0.936027 0.936027 0.936027
SM_Grass_Patch_09 86.976360 0.659220 106.467100 0.000000 0.000000 0.000000 0.967784 0.967784 0.967784
SM_Grass_Patch_09 115.783900 0.000000 92.879070 0.000000 0.000000 0.000000 0.969602 0.969602 0.969602
SM_Grass_Patch_09 116.904800 0.839434 94.323330 0.000000 0.000000 0.000000 0.946260 0.946260 0.946260
SM_Grass_Patch_09 124.780500 0.203384 95.316440 0.000000 0.000000 0.000000 0.932508 0.932508 0.932508
SM_Grass_Patch_09 108.388500 0.561371 106.433100 0.000000 0.000000 0.000000 0.980432 0.980432 0.980432
SM_Grass_Patch_09 120.226900 0.000000 112.130300 0.000000 0.000000 0.000000 0.969749 0.969749 0.969749
SM_Grass_Patch_09 120.650200 0.000000 110.960300 0.000000 0.000000 0.000000 0.917261 0.917261 0.917261
SM_Grass_Patch_09 117.516300 0.000000 113.023000 0.000000 0.000000 0.000000 1.024844 1.024844 1.024844
SM_Grass_Patch_09 116.574200 0.000000 113.254700 0.000000 0.000000 0.000000 0.917782 0.917782 0.917782
SM_Grass_Patch_09 121.853000 0.000000 110.322800 0.000000 0.000000 0.000000 0.977760 0.977760 0.977760
SM_Grass_Patch_09 120.039000 0.796366 97.308000 0.000000 0.000000 0.000000 0.988065 0.988065 0.988065
SM_Grass_Patch_09 119.466400 0.418057 100.397000 0.000000 0.000000 0.000000 0.915918 0.915918 0.915918
SM_Grass_Patch_09 121.943700 0.870107 97.419290 0.000000 0.000000 0.000000 0.928132 0.928132 0.928132
SM_Grass_Patch_09 106.302900 0.000000 85.751530 0.000000 0.000000 0.000000 1.027844 1.027844 1.027844
SM_Grass_Patch_09 112.947700 0.860662 78.822100 0.000000 0.000000 0.000000 0.934287 0.934287 0.934287
SM_Grass_Patch_09 115.897800 0.464101 79.579820 0.000000 0.000000 0.000000 1.092134 1.092134 1.092134
SM_Grass_Patch_09 104.749100 1.205065 82.832640 0.000000 0.000000 0.000000 1.002014 1.002014 1.002014
SM_Grass_Patch_09 118.301500 1.886101 62.979870 0.000000 0.000000 0.000000 1.088154 1.088154 1.088154
SM_Grass_Patch_09 137.033700 1.742817 67.083220 0.000000 0.000000 0.000000 1.065197 1.065197 1.065197
SM_Grass_Patch_09 135.944100 0.647317 70.288440 0.000000 0.000000 0.000000 0.965316 0.965316 0.965316
SM_Grass_Patch_09 135.384800 1.776231 65.315060 0.000000 0.000000 0.000000 0.953759 0.953759 0.953759
SM_Grass_Patch_09 136.545700 0.093522 75.409470 0.000000 0.000000 0.000000 1.052183 1.052183 1.052183
SM_Grass_Patch_09 137.808800 0.517385 77.861550 0.000000 0.000000 0.000000 1.000977 1.000977 1.000977
SM_Grass_Patch_09 137.617300 0.738200 81.412730 0.000000 0.000000 0.000000 0.948347 0.948347 0.948347
SM_Grass_Patch_09 137.278400 0.878960 83.587270 0.000000 0.000000 0.000000 1.094711 1.094711 1.094711
SM_Grass_Patch_09 136.164800 0.668829 82.086980 0.000000 0.000000 0.000000 1.059547 1.059547 1.059547
SM_Grass_Patch_09 135.018700 0.959886 83.581500 0.000000 0.000000 0.000000 1.093457 1.093457 1.093457
SM_Grass_Patch_09 129.121200 0.707396 86.787980 0.000000 0.000000 0.000000 1.091369 1.091369 1.091369
SM_Grass_Patch_09 129.632100 0.410859 83.330090 0.000000 0.000000 0.000000 1.095942 1.095942 1.095942
SM_Grass_Patch_09 141.686600 1.886101 67.444360 0.000000 0.000000 0.000000 1.084694 1.084694 1.084694
SM_Grass_Patch_09 140.583600 1.819034 66.332760 0.000000 0.000000 0.000000 0.953202 0.953202 0.953202
SM_Grass_Patch_09 139.574200 1.078363 69.165600 0.000000 0.000000 0.000000 1.067596 1.067596 1.067596
SM_Grass_Patch_09 144.267900 2.019433 62.392100 0.000000 0.000000 0.000000 0.987335 0.987335 0.987335
SM_Grass_Patch_09 149.600400 1.766525 62.029370 0.000000 0.000000 0.000000 1.030314 1.030314 1.030314
SM_Grass_Patch_09 151.994300 1.352789 56.866050 0.000000 0.000000 0.000000 1.042267 1.042267 1.042267
SM_Grass_Patch_09 143.721600 1.988151 63.646270 0.000000 0.000000 0.000000 0.917597 0.917597 0.917597
SM_Grass_Patch_09 150.477400 2.323925 54.334290 0.000000 0.000000 0.000000 1.035320 1.035320 1.035320
SM_Grass_Patch_09 156.353400 1.407114 50.159890 0.000000 0.000000 0.000000 0.948755 0.948755 0.948755
SM_Grass_Patch_09 153.273300 1.460681 55.807350 0.000000 0.000000 0.000000 1.052253 1.052253 1.052253
SM_Grass_Patch_09 156.815600 1.886101 35.703400 0.000000 0.000000 0.000000 1.077531 1.077531 1.077531
SM_Grass_Patch_09 154.994900 1.886101 33.857460 0.000000 0.000000 0.000000 1.045968 1.045968 1.045968
SM_Grass_Patch_09 153.944600 1.886101 34.902730 0.000000 0.000000 0.000000 0.916326 0.916326 0.916326
SM_Grass_Patch_09 156.572500 1.886101 33.824610 0.000000 0.000000 0.000000 1.097182 1.097182 1.097182
SM_Grass_Patch_09 153.519600 1.864907 38.931160 0.000000 0.000000 0.000000 1.034750 1.034750 1.034750
SM_Grass_Patch_09 151.661300 1.742550 38.600960 0.000000 0.000000 0.000000 0.907298 0.907298 0.907298
SM_Grass_Patch_09 150.397200 2.409078 51.998610 0.000000 0.000000 0.000000 0.906807 0.906807 0.906807
SM_Grass_Patch_09 142.569100 1.795415 56.452310 0.000000 0.000000 0.000000 0.994822 0.994822 0.994822
SM_Grass_Patch_09 149.483500 1.623999 42.081440 0.000000 0.000000 0.000000 0.956804 0.956804 0.956804
SM_Grass_Patch_09 150.165000 1.814154 40.302600 0.000000 0.000000 0.000000 1.012597 1.012597 1.012597
SM_Grass_Patch_09 152.545000 1.886101 34.579580 0.000000 0.000000 0.000000 1.030166 1.030166 1.030166
SM_Grass_Patch_09 123.025000 2.253392 39.773610 0.000000 0.000000 0.000000 1.012237 1.012237 1.012237
SM_Grass_Patch_09 122.443000 2.182745 36.815320 0.000000 0.000000 0.000000 0.926317 0.926317 0.926317
SM_Grass_Patch_09 126.122000 2.017630 35.880730 0.000000 0.000000 0.000000 0.980332 0.980332 0.980332
SM_Grass_Patch_09 120.915400 2.059029 40.473220 0.000000 0.000000 0.000000 1.048304 1.048304 1.048304
SM_Grass_Patch_09 121.063200 2.058692 45.517240 0.000000 0.000000 0.000000 1.025644 1.025644 1.025644
SM_Grass_Patch_09 121.772200 1.451804 47.164340 0.000000 0.000000 0.000000 0.945860 0.945860 0.945860
SM_Grass_Patch_09 127.636700 1.731450 37.770030 0.000000 0.000000 0.000000 0.977562 0.977562 0.977562
SM_Grass_Patch_09 129.272600 2.471166 33.013950 0.000000 0.000000 0.000000 0.961117 0.961117 0.961117
SM_Grass_Patch_09 128.940900 2.547631 34.908440 0.000000 0.000000 0.000000 1.079198 1.079198 1.079198
SM_Grass_Patch_09 132.087600 1.678421 46.686140 0.000000 0.000000 0.000000 1.045020 1.045020 1.045020
SM_Grass_Patch_09 130.765700 2.622518 33.051670 0.000000 0.000000 0.000000 0.999538 0.999538 0.999538
SM_Grass_Patch_09 131.492700 2.177491 36.535240 0.000000 0.000000 0.000000 0.943839 0.943839 0.943839
SM_Grass_Patch_09 129.087500 2.164767 56.593550 0.000000 0.000000 0.000000 0.919472 0.919472 0.919472
SM_Grass_Patch_09 123.539200 1.653323 46.247900 0.000000 0.000000 0.000000 1.022855 1.022855 1.022855
SM_Grass_Patch_09 123.710100 1.718342 48.720580 0.000000 0.000000 0.000000 0.987457 0.987457 0.987457
SM_Grass_Patch_09 126.558500 0.944835 49.817320 0.000000 0.000000 0.000000 1.068074 1.068074 1.068074
SM_Grass_Patch_09 128.337000 1.908910 47.094910 0.000000 0.000000 0.000000 0.981791 0.981791 0.981791
SM_Grass_Patch_09 127.575100 1.525733 53.024890 0.000000 0.000000 0.000000 0.931847 0.931847 0.931847
SM_Grass_Patch_09 133.486900 1.818396 54.370840 0.000000 0.000000 0.000000 0.998032 0.998032 0.998032
SM_Grass_Patch_09 131.255700 1.979797 63.209350 0.000000 0.000000 0.000000 1.087132 1.087132 1.087132
SM_Grass_Patch_09 126.931100 2.179088 56.503010 0.000000 0.000000 0.000000 0.951947 0.951947 0.951947
SM_Grass_Patch_09 125.348300 1.576898 52.771760 0.000000 0.000000 0.000000 0.943921 0.943921 0.943921
SM_Grass_Patch_02 149.241200 1.311242 43.568010 0.000000 0.000000 0.000000 0.973337 0.973337 0.973337
SM_Grass_Patch_02 147.493300 1.030321 44.669330 0.000000 0.000000 0.000000 1.068828 1.068828 1.068828
SM_Grass_Patch_02 149.506000 1.354208 46.658390 0.000000 0.000000 0.000000 0.947041 0.947041 0.947041
SM_Grass_Patch_02 148.478900 0.948423 45.572010 0.000000 0.000000 0.000000 0.974317 0.974317 0.974317
SM_Grass_Patch_02 145.832200 2.701880 49.347530 0.000000 0.000000 0.000000 0.982580 0.982580 0.982580
SM_Grass_Patch_02 147.030400 2.818346 49.985100 0.000000 0.000000 0.000000 0.966873 0.966873 0.966873
SM_Grass_Patch_02 146.309900 2.040291 47.900120 0.000000 0.000000 0.000000 1.066755 1.066755 1.066755
SM_Grass_Patch_02 145.046900 1.953873 47.141000 0.000000 0.000000 0.000000 0.906243 0.906243 0.906243
SM_Grass_Patch_02 145.828600 2.850644 51.148390 0.000000 0.000000 0.000000 1.054716 1.054716 1.054716
SM_Grass_Patch_02 146.229700 2.505369 52.685650 0.000000 0.000000 0.000000 0.970739 0.970739 0.970739
SM_Grass_Patch_02 147.886400 2.423156 53.060640 0.000000 0.000000 0.000000 0.992735 0.992735 0.992735
SM_Grass_Patch_02 145.338900 1.959579 54.002250 0.000000 0.000000 0.000000 0.930085 0.930085 0.930085
SM_Grass_Patch_02 146.174000 1.752887 54.867390 0.000000 0.000000 0.000000 1.086910 1.086910 1.086910
SM_Grass_Patch_02 145.001800 1.706146 56.050960 0.000000 0.000000 0.000000 1.079286 1.079286 1.079286
SM_Grass_Patch_02 145.592100 1.874177 56.773250 0.000000 0.000000 0.000000 0.989793 0.989793 0.989793
SM_Grass_Patch_02 147.755200 2.463832 51.391940 0.000000 0.000000 0.000000 1.035575 1.035575 1.035575
SM_Grass_Patch_02 147.354300 1.423194 42.818560 0.000000 0.000000 0.000000 0.900891 0.900891 0.900891
SM_Grass_Patch_02 146.973200 1.588414 42.035130 0.000000 0.000000 0.000000 0.998982 0.998982 0.998982
SM_Grass_Patch_02 149.398800 1.875412 38.815040 0.000000 0.000000 0.000000 0.942499 0.942499 0.942499
SM_Grass_Patch_02 150.251300 1.869854 37.023280 0.000000 0.000000 0.000000 1.091322 1.091322 1.091322
SM_Grass_Patch_02 148.428000 1.910601 35.843550 0.000000 0.000000 0.000000 0.999403 0.999403 0.999403
SM_Grass_Patch_02 147.815500 1.789811 37.990460 0.000000 0.000000 0.000000 1.078408 1.078408 1.078408
SM_Grass_Patch_02 149.346400 1.714983 40.754410 0.000000 0.000000 0.000000 1.059595 1.059595 1.059595
SM_Grass_Patch_02 148.394400 1.118372 43.424230 0.000000 0.000000 0.000000 1.007894 1.007894 1.007894
SM_Grass_Patch_02 147.270300 1.362260 46.882340 0.000000 0.000000 0.000000 1.056180 1.056180 1.056180
SM_Grass_Patch_02 143.846000 2.151711 50.335100 0.000000 0.000000 0.000000 0.994060 0.994060 0.994060
SM_Grass_Patch_02 143.584000 2.229427 52.348020 0.000000 0.000000 0.000000 1.081680 1.081680 1.081680
SM_Grass_Patch_02 150.890900 1.104952 47.355690 0.000000 0.000000 0.000000 0.916710 0.916710 0.916710
SM_Grass_Patch_02 151.429300 0.914174 45.165790 0.000000 0.000000 0.000000 1.055717 1.055717 1.055717
SM_Grass_Patch_02 152.914400 0.708009 46.384640 0.000000 0.000000 0.000000 0.912818 0.912818 0.912818
SM_Grass_Patch_02 150.711900 1.352362 43.516350 0.000000 0.000000 0.000000 1.057450 1.057450 1.057450
SM_Grass_Patch_02 149.739100 2.632261 52.627700 0.000000 0.000000 0.000000 0.973078 0.973078 0.973078
SM_Grass_Patch_02 147.864100 2.310595 54.868710 0.000000 0.000000 0.000000 0.902666 0.902666 0.902666
SM_Grass_Patch_02 145.955000 1.915763 38.191420 0.000000 0.000000 0.000000 0.921795 0.921795 0.921795
SM_Grass_Patch_02 147.056800 1.645707 38.809760 0.000000 0.000000 0.000000 0.907829 0.907829 0.907829
SM_Grass_Patch_02 145.291700 1.817383 42.618890 0.000000 0.000000 0.000000 1.089332 1.089332 1.089332
SM_Grass_Patch_03 143.318900 1.643634 37.425210 0.000000 0.000000 0.000000 0.908936 0.908936 0.908936
SM_Grass_Patch_03 145.015600 1.769597 35.018870 0.000000 0.000000 0.000000 0.904380 0.904380 0.904380
SM_Grass_Patch_03 144.242900 1.836550 37.662730 0.000000 0.000000 0.000000 1.077782 1.077782 1.077782
SM_Grass_Patch_03 143.987100 1.613376 35.851060 0.000000 0.000000 0.000000 1.091670 1.091670 1.091670
SM_Grass_Patch_03 143.311400 1.666361 36.467250 0.000000 0.000000 0.000000 1.038763 1.038763 1.038763
SM_Grass_Patch_03 142.414800 1.676342 37.090660 0.000000 0.000000 0.000000 0.931444 0.931444 0.931444
SM_Grass_Patch_03 142.620300 1.733930 35.686730 0.000000 0.000000 0.000000 1.022699 1.022699 1.022699
SM_Grass_Patch_03 143.078600 1.801973 39.965560 0.000000 0.000000 0.000000 0.998928 0.998928 0.998928
SM_Grass_Patch_03 146.144700 1.585224 40.485170 0.000000 0.000000 0.000000 1.004501 1.004501 1.004501
SM_Grass_Patch_03 144.176200 1.852600 40.593190 0.000000 0.000000 0.000000 1.090426 1.090426 1.090426
SM_Grass_Patch_03 134.650900 2.548521 35.992740 0.000000 0.000000 0.000000 0.963498 0.963498 0.963498
SM_Grass_Patch_03 132.242000 2.360577 38.420780 0.000000 0.000000 0.000000 0.948108 0.948108 0.948108
SM_Grass_Patch_03 137.783700 2.175516 36.556140 0.000000 0.000000 0.000000 0.917166 0.917166 0.917166
SM_Grass_Patch_03 136.542600 2.252225 35.301620 0.000000 0.000000 0.000000 0.930860 0.930860 0.930860
SM_Grass_Patch_03 137.690800 1.997926 34.213960 0.000000 0.000000 0.000000 0.955572 0.955572 0.955572
SM_Grass_Patch_03 135.420500 2.299170 37.959380 0.000000 0.000000 0.000000 1.054472 1.054472 1.054472
SM_Grass_Patch_03 133.620000 2.523597 34.369210 0.000000 0.000000 0.000000 1.044051 1.044051 1.044051
SM_Grass_Patch_03 133.074500 2.436016 35.452050 0.000000 0.000000 0.000000 1.018726 1.018726 1.018726
SM_Grass_Patch_03 136.519500 2.105228 36.341490 0.000000 0.000000 0.000000 1.081833 1.081833 1.081833
SM_Grass_Patch_03 132.768900 2.488752 36.923840 0.000000 0.000000 0.000000 1.059808 1.059808 1.059808
SM_Grass_Patch_03 132.733700 2.615279 32.911320 0.000000 0.000000 0.000000 1.067539 1.067539 1.067539
SM_Grass_Patch_03 131.784200 2.142465 35.737590 0.000000 0.000000 0.000000 0.963283 0.963283 0.963283
SM_Grass_Patch_03 134.321700 2.183403 32.668410 0.000000 0.000000 0.000000 0.990908 0.990908 0.990908
SM_Grass_Patch_03 133.104900 2.457792 32.126560 0.000000 0.000000 0.000000 0.908518 0.908518 0.908518
SM_Grass_Patch_03 132.688700 2.204895 39.152070 0.000000 0.000000 0.000000 1.066965 1.066965 1.066965
SM_Grass_Patch_03 129.784900 1.380169 43.202710 0.000000 0.000000 0.000000 1.048491 1.048491 1.048491
SM_Grass_Patch_03 131.034700 1.913009 39.325540 0.000000 0.000000 0.000000 0.988366 0.988366 0.988366
SM_Grass_Patch_03 130.922800 1.260035 41.785190 0.000000 0.000000 0.000000 0.965993 0.965993 0.965993
SM_Grass_Patch_03 128.886500 1.855658 41.674320 0.000000 0.000000 0.000000 1.069096 1.069096 1.069096
SM_Grass_Patch_03 130.808000 1.766823 45.343890 0.000000 0.000000 0.000000 1.091756 1.091756 1.091756
SM_Grass_Patch_03 130.050800 1.968726 45.758870 0.000000 0.000000 0.000000 1.048816 1.048816 1.048816
SM_Grass_Patch_03 129.310000 1.809260 44.553500 0.000000 0.000000 0.000000 0.992247 0.992247 0.992247
SM_Grass_Patch_03 127.655300 1.634284 42.832900 0.000000 0.000000 0.000000 0.995073 0.995073 0.995073
SM_Grass_Patch_03 129.454300 1.652425 50.451770 0.000000 0.000000 0.000000 0.902503 0.902503 0.902503
SM_Grass_Patch_03 127.342800 1.328289 48.277450 0.000000 0.000000 0.000000 0.901819 0.901819 0.901819
SM_Grass_Patch_03 127.700700 1.271150 51.181830 0.000000 0.000000 0.000000 0.905540 0.905540 0.905540
SM_Grass_Patch_03 126.654400 1.688681 44.094230 0.000000 0.000000 0.000000 1.023258 1.023258 1.023258
SM_Grass_Patch_03 125.465400 2.315868 43.169770 0.000000 0.000000 0.000000 1.059467 1.059467 1.059467
SM_Grass_Patch_03 122.537700 1.492090 46.773100 0.000000 0.000000 0.000000 1.010671 1.010671 1.010671
SM_Grass_Patch_03 121.042400 1.876149 46.421450 0.000000 0.000000 0.000000 0.922846 0.922846 0.922846
SM_Grass_Patch_03 123.145200 2.442122 42.698670 0.000000 0.000000 0.000000 1.012397 1.012397 1.012397
SM_Grass_Patch_03 120.084600 2.231213 38.797950 0.000000 0.000000 0.000000 1.062879 1.062879 1.062879
SM_Grass_Patch_03 119.309400 2.050907 41.898240 0.000000 0.000000 0.000000 0.910639 0.910639 0.910639
SM_Grass_Patch_03 122.302300 2.142344 37.699770 0.000000 0.000000 0.000000 0.946522 0.946522 0.946522
SM_Grass_Patch_03 124.721700 2.271448 40.075320 0.000000 0.000000 0.000000 1.009441 1.009441 1.009441
SM_Grass_Patch_03 122.379700 2.448939 42.341730 0.000000 0.000000 0.000000 1.000697 1.000697 1.000697
SM_Grass_Patch_03 122.053600 1.851299 44.957240 0.000000 0.000000 0.000000 0.998605 0.998605 0.998605
SM_Grass_Patch_03 124.277800 1.749266 45.793460 0.000000 0.000000 0.000000 0.976030 0.976030 0.976030
SM_Grass_Patch_03 124.510100 1.588717 52.787480 0.000000 0.000000 0.000000 0.931990 0.931990 0.931990
SM_Grass_Patch_03 121.674400 1.868556 52.312520 0.000000 0.000000 0.000000 1.080964 1.080964 1.080964
SM_Grass_Patch_03 125.586300 1.452562 48.053580 0.000000 0.000000 0.000000 1.083730 1.083730 1.083730
SM_Grass_Patch_03 124.262200 2.263736 44.001030 0.000000 0.000000 0.000000 0.908186 0.908186 0.908186
SM_Grass_Patch_03 131.015500 1.647945 44.377290 0.000000 0.000000 0.000000 1.060868 1.060868 1.060868
SM_Grass_Patch_03 130.467300 1.738366 46.883010 0.000000 0.000000 0.000000 1.008247 1.008247 1.008247
SM_Grass_Patch_03 133.172900 1.935426 51.192410 0.000000 0.000000 0.000000 0.960568 0.960568 0.960568
SM_Grass_Patch_03 133.118500 1.676342 48.594880 0.000000 0.000000 0.000000 1.060443 1.060443 1.060443
SM_Grass_Patch_03 131.514200 1.694821 52.113670 0.000000 0.000000 0.000000 0.968123 0.968123 0.968123
SM_Grass_Patch_03 128.801800 1.684254 48.809000 0.000000 0.000000 0.000000 1.045442 1.045442 1.045442
SM_Grass_Patch_03 131.811800 1.596069 49.392940 0.000000 0.000000 0.000000 0.940769 0.940769 0.940769
SM_Grass_Patch_03 132.716600 1.924869 50.444980 0.000000 0.000000 0.000000 1.058495 1.058495 1.058495
SM_Grass_Patch_03 134.703700 1.815705 48.258250 0.000000 0.000000 0.000000 1.062277 1.062277 1.062277
SM_Grass_Patch_03 135.035300 1.819065 49.481410 0.000000 0.000000 0.000000 1.048338 1.048338 1.048338
SM_Grass_Patch_03 132.695900 1.916313 56.905200 0.000000 0.000000 0.000000 0.979399 0.979399 0.979399
SM_Grass_Patch_03 135.522800 1.886101 52.505300 0.000000 0.000000 0.000000 0.903262 0.903262 0.903262
SM_Grass_Patch_03 130.974400 2.265670 57.512890 0.000000 0.000000 0.000000 0.983001 0.983001 0.983001
SM_Grass_Patch_03 131.315800 1.895919 61.243320 0.000000 0.000000 0.000000 0.947321 0.947321 0.947321
SM_Grass_Patch_03 129.203200 2.152088 62.246110 0.000000 0.000000 0.000000 0.913433 0.913433 0.913433
SM_Grass_Patch_03 129.742000 2.115080 60.799900 0.000000 0.000000 0.000000 0.903505 0.903505 0.903505
SM_Grass_Patch_03 126.048400 1.746642 63.380520 0.000000 0.000000 0.000000 1.036357 1.036357 1.036357
SM_Grass_Patch_03 123.878700 1.836166 56.921830 0.000000 0.000000 0.000000 1.018218 1.018218 1.018218
SM_Grass_Patch_03 123.997400 1.988347 59.422640 0.000000 0.000000 0.000000 0.967734 0.967734 0.967734
SM_Grass_Patch_03 121.986700 1.886101 59.552850 0.000000 0.000000 0.000000 1.087237 1.087237 1.087237
SM_Grass_Patch_03 125.296300 2.112215 58.327520 0.000000 0.000000 0.000000 0.938919 0.938919 0.938919
SM_Grass_Patch_03 121.903100 1.886101 57.570970 0.000000 0.000000 0.000000 1.082887 1.082887 1.082887
SM_Grass_Patch_03 131.631100 2.109180 59.155960 0.000000 0.000000 0.000000 0.982588 0.982588 0.982588
SM_Grass_Patch_03 151.941200 1.619876 41.062270 0.000000 0.000000 0.000000 0.960492 0.960492 0.960492
SM_Grass_Patch_03 151.004300 0.973692 45.832990 0.000000 0.000000 0.000000 1.095251 1.095251 1.095251
SM_Grass_Patch_03 153.284400 1.086306 45.431700 0.000000 0.000000 0.000000 1.000547 1.000547 1.000547
SM_Grass_Patch_03 148.626900 2.478786 51.733910 0.000000 0.000000 0.000000 1.048416 1.048416 1.048416
SM_Grass_Patch_03 149.498500 2.020365 56.106020 0.000000 0.000000 0.000000 0.944758 0.944758 0.944758
SM_Grass_Patch_03 149.071500 1.607141 47.335740 0.000000 0.000000 0.000000 0.913290 0.913290 0.913290
SM_Grass_Patch_03 152.258400 0.929280 49.817640 0.000000 0.000000 0.000000 1.000250 1.000250 1.000250
SM_Grass_Patch_03 148.846300 2.398570 49.566120 0.000000 0.000000 0.000000 0.913870 0.913870 0.913870
SM_Grass_Patch_03 152.640000 1.353284 42.830700 0.000000 0.000000 0.000000 0.923996 0.923996 0.923996
SM_Grass_Patch_03 153.265300 1.917716 41.346970 0.000000 0.000000 0.000000 1.078328 1.078328 1.078328
SM_Grass_Patch_03 153.748300 1.955594 40.248440 0.000000 0.000000 0.000000 0.987150 0.987150 0.987150
SM_Grass_Patch_03 154.824000 1.849478 40.167080 0.000000 0.000000 0.000000 0.929515 0.929515 0.929515
SM_Grass_Patch_03 154.224000 1.952165 41.913940 0.000000 0.000000 0.000000 0.976422 0.976422 0.976422
SM_Grass_Patch_03 153.080200 1.909016 39.771580 0.000000 0.000000 0.000000 1.057284 1.057284 1.057284
SM_Grass_Patch_03 151.618400 1.259115 42.362480 0.000000 0.000000 0.000000 1.054991 1.054991 1.054991
SM_Grass_Patch_03 154.836400 1.881372 43.681810 0.000000 0.000000 0.000000 1.078940 1.078940 1.078940
SM_Grass_Patch_03 154.819600 1.560814 45.966670 0.000000 0.000000 0.000000 1.099718 1.099718 1.099718
SM_Grass_Patch_03 154.223100 1.274440 49.227740 0.000000 0.000000 0.000000 1.007151 1.007151 1.007151
SM_Grass_Patch_03 151.274200 1.789305 50.983580 0.000000 0.000000 0.000000 1.022200 1.022200 1.022200
SM_Grass_Patch_03 147.787200 2.688315 50.523940 0.000000 0.000000 0.000000 1.092857 1.092857 1.092857
SM_Grass_Patch_03 146.864700 2.297549 53.485910 0.000000 0.000000 0.000000 1.058524 1.058524 1.058524
SM_Grass_Patch_03 147.013800 2.071580 54.764100 0.000000 0.000000 0.000000 1.040565 1.040565 1.040565
SM_Grass_Patch_03 151.547400 0.878589 49.462970 0.000000 0.000000 0.000000 0.944488 0.944488 0.944488
SM_Grass_Patch_03 152.123600 0.578901 46.867170 0.000000 0.000000 0.000000 0.955298 0.955298 0.955298
SM_Grass_Patch_03 150.128400 1.382135 43.987750 0.000000 0.000000 0.000000 0.965864 0.965864 0.965864
SM_Grass_Patch_03 149.712100 1.795485 48.308400 0.000000 0.000000 0.000000 0.910836 0.910836 0.910836
SM_Grass_Patch_03 145.434100 2.818835 50.224820 0.000000 0.000000 0.000000 0.909890 0.909890 0.909890
SM_Grass_Patch_03 147.275000 2.387496 52.014460 0.000000 0.000000 0.000000 1.033076 1.033076 1.033076
SM_Grass_Patch_03 150.870900 1.783208 38.559160 0.000000 0.000000 0.000000 0.914358 0.914358 0.914358
SM_Grass_Patch_03 154.170300 1.886161 37.188510 0.000000 0.000000 0.000000 0.933487 0.933487 0.933487
SM_Grass_Patch_03 151.903900 1.889416 37.101990 0.000000 0.000000 0.000000 0.968176 0.968176 0.968176
SM_Grass_Patch_03 146.949200 1.233368 45.233540 0.000000 0.000000 0.000000 0.936733 0.936733 0.936733
SM_Grass_Patch_03 151.885200 1.886101 35.733940 0.000000 0.000000 0.000000 0.994933 0.994933 0.994933
SM_Grass_Patch_03 152.695300 1.000145 44.697800 0.000000 0.000000 0.000000 0.949772 0.949772 0.949772
SM_Grass_Patch_03 148.370400 1.325334 58.260770 0.000000 0.000000 0.000000 1.006482 1.006482 1.006482
SM_Grass_Patch_03 146.277900 1.727873 59.375730 0.000000 0.000000 0.000000 0.995556 0.995556 0.995556
SM_Grass_Patch_03 147.249900 1.740666 58.955330 0.000000 0.000000 0.000000 0.907455 0.907455 0.907455
SM_Grass_Patch_03 145.342900 2.246438 61.713580 0.000000 0.000000 0.000000 0.927086 0.927086 0.927086
SM_Grass_Patch_03 143.863000 1.658196 59.344130 0.000000 0.000000 0.000000 0.952005 0.952005 0.952005
SM_Grass_Patch_03 143.118900 1.836970 61.655390 0.000000 0.000000 0.000000 0.952919 0.952919 0.952919
SM_Grass_Patch_03 142.853200 2.030374 59.448490 0.000000 0.000000 0.000000 0.977100 0.977100 0.977100
SM_Grass_Patch_03 142.447400 1.982056 60.322530 0.000000 0.000000 0.000000 0.996080 0.996080 0.996080
SM_Grass_Patch_03 142.299100 1.837705 61.981160 0.000000 0.000000 0.000000 1.009131 1.009131 1.009131
SM_Grass_Patch_03 147.051800 2.052062 61.153580 0.000000 0.000000 0.000000 0.985021 0.985021 0.985021
SM_Grass_Patch_03 144.208000 1.806857 56.196120 0.000000 0.000000 0.000000 1.082384 1.082384 1.082384
SM_Grass_Patch_03 145.031400 1.679614 58.148540 0.000000 0.000000 0.000000 1.095105 1.095105 1.095105
SM_Grass_Patch_03 145.312800 1.667148 59.877580 0.000000 0.000000 0.000000 0.986073 0.986073 0.986073
SM_Grass_Patch_03 141.229500 1.886101 63.987880 0.000000 0.000000 0.000000 1.056236 1.056236 1.056236
SM_Grass_Patch_03 141.808900 1.837444 62.586630 0.000000 0.000000 0.000000 0.940618 0.940618 0.940618
SM_Grass_Patch_03 141.728900 1.886101 64.754900 0.000000 0.000000 0.000000 1.093899 1.093899 1.093899
SM_Grass_Patch_03 140.952600 1.886101 64.987260 0.000000 0.000000 0.000000 1.094621 1.094621 1.094621
SM_Grass_Patch_03 141.142700 1.886101 65.827170 0.000000 0.000000 0.000000 0.966667 0.966667 0.966667
SM_Grass_Patch_03 140.361600 1.886101 63.753750 0.000000 0.000000 0.000000 0.902945 0.902945 0.902945
SM_Grass_Patch_03 138.889500 1.776231 65.495700 0.000000 0.000000 0.000000 1.009006 1.009006 1.009006
SM_Grass_Patch_03 139.895800 1.722852 66.831430 0.000000 0.000000 0.000000 1.007510 1.007510 1.007510
SM_Grass_Patch_03 139.930600 1.776231 65.501140 0.000000 0.000000 0.000000 0.907838 0.907838 0.907838
SM_Grass_Patch_03 139.309600 1.886101 63.403320 0.000000 0.000000 0.000000 0.943950 0.943950 0.943950
SM_Grass_Patch_03 140.252500 1.886101 64.621570 0.000000 0.000000 0.000000 0.981129 0.981129 0.981129
SM_Grass_Patch_03 138.151300 1.776231 65.236390 0.000000 0.000000 0.000000 0.949759 0.949759 0.949759
SM_Grass_Patch_03 138.301800 1.776231 66.149800 0.000000 0.000000 0.000000 1.080224 1.080224 1.080224
SM_Grass_Patch_03 139.879600 1.288898 68.256670 0.000000 0.000000 0.000000 1.065902 1.065902 1.065902
SM_Grass_Patch_03 139.371200 1.781297 64.353870 0.000000 0.000000 0.000000 1.011504 1.011504 1.011504
SM_Grass_Patch_03 138.082900 1.742664 67.005170 0.000000 0.000000 0.000000 0.953221 0.953221 0.953221
SM_Grass_Patch_03 138.662700 1.776231 64.056580 0.000000 0.000000 0.000000 1.017152 1.017152 1.017152
SM_Grass_Patch_03 139.062000 1.505047 67.580990 0.000000 0.000000 0.000000 0.991918 0.991918 0.991918
SM_Grass_Patch_03 141.012600 1.701545 68.190930 0.000000 0.000000 0.000000 1.023903 1.023903 1.023903
SM_Grass_Patch_03 140.894800 1.823750 67.030500 0.000000 0.000000 0.000000 1.073713 1.073713 1.073713
SM_Grass_Patch_03 144.136300 1.886101 66.464800 0.000000 0.000000 0.000000 0.960459 0.960459 0.960459
SM_Grass_Patch_03 141.255000 1.861656 63.228910 0.000000 0.000000 0.000000 0.948306 0.948306 0.948306
SM_Grass_Patch_03 138.692300 0.988832 69.273090 0.000000 0.000000 0.000000 0.972946 0.972946 0.972946
SM_Grass_Patch_03 138.208300 0.633482 70.604520 0.000000 0.000000 0.000000 1.025643 1.025643 1.025643
SM_Grass_Patch_03 137.550000 0.506947 71.197220 0.000000 0.000000 0.000000 1.064716 1.064716 1.064716
SM_Grass_Patch_03 135.683400 1.278613 67.934620 0.000000 0.000000 0.000000 0.902335 0.902335 0.902335
SM_Grass_Patch_03 136.603300 0.507750 71.292470 0.000000 0.000000 0.000000 0.973044 0.973044 0.973044
SM_Grass_Patch_03 134.624400 0.384850 71.059590 0.000000 0.000000 0.000000 0.915753 0.915753 0.915753
SM_Grass_Patch_03 134.255400 1.298326 67.425570 0.000000 0.000000 0.000000 0.916534 0.916534 0.916534
SM_Grass_Patch_03 134.523700 0.834233 69.212770 0.000000 0.000000 0.000000 1.021063 1.021063 1.021063
SM_Grass_Patch_03 133.704700 0.371023 71.644230 0.000000 0.000000 0.000000 1.020927 1.020927 1.020927
SM_Grass_Patch_03 133.267600 0.732679 69.099710 0.000000 0.000000 0.000000 0.913522 0.913522 0.913522
SM_Grass_Patch_03 133.095000 0.396998 70.325820 0.000000 0.000000 0.000000 1.011325 1.011325 1.011325
SM_Grass_Patch_03 135.349000 0.333882 71.954220 0.000000 0.000000 0.000000 0.929989 0.929989 0.929989
SM_Grass_Patch_03 136.221000 0.431995 71.973720 0.000000 0.000000 0.000000 1.072337 1.072337 1.072337
SM_Grass_Patch_03 138.955400 0.702788 70.923110 0.000000 0.000000 0.000000 1.060128 1.060128 1.060128
SM_Grass_Patch_03 136.826300 0.291709 72.852220 0.000000 0.000000 0.000000 1.085680 1.085680 1.085680
SM_Grass_Patch_03 138.240800 0.402068 72.467480 0.000000 0.000000 0.000000 1.067929 1.067929 1.067929
SM_Grass_Patch_03 138.270500 1.344543 68.446760 0.000000 0.000000 0.000000 0.919418 0.919418 0.919418
SM_Grass_Patch_03 130.948600 0.011317 68.277550 0.000000 0.000000 0.000000 1.067513 1.067513 1.067513
SM_Grass_Patch_03 130.850100 0.063004 72.126760 0.000000 0.000000 0.000000 0.966397 0.966397 0.966397
SM_Grass_Patch_03 132.742100 0.355719 72.851190 0.000000 0.000000 0.000000 0.932127 0.932127 0.932127
SM_Grass_Patch_03 130.628200 0.065164 69.855630 0.000000 0.000000 0.000000 0.927572 0.927572 0.927572
SM_Grass_Patch_03 140.054900 1.191415 76.349840 0.000000 0.000000 0.000000 0.937116 0.937116 0.937116
SM_Grass_Patch_03 142.129700 1.886101 72.704120 0.000000 0.000000 0.000000 1.072928 1.072928 1.072928
SM_Grass_Patch_03 139.987700 1.308731 71.856480 0.000000 0.000000 0.000000 1.001183 1.001183 1.001183
SM_Grass_Patch_03 141.227300 1.732387 74.871370 0.000000 0.000000 0.000000 1.040682 1.040682 1.040682
SM_Grass_Patch_03 141.836000 1.873162 73.658310 0.000000 0.000000 0.000000 0.915926 0.915926 0.915926
SM_Grass_Patch_03 138.807000 0.703457 77.383060 0.000000 0.000000 0.000000 1.082435 1.082435 1.082435
SM_Grass_Patch_03 137.802400 0.578785 78.687970 0.000000 0.000000 0.000000 0.992573 0.992573 0.992573
SM_Grass_Patch_03 137.139300 0.393528 80.564280 0.000000 0.000000 0.000000 1.051880 1.051880 1.051880
SM_Grass_Patch_03 136.617800 0.102531 79.285780 0.000000 0.000000 0.000000 0.997739 0.997739 0.997739
SM_Grass_Patch_03 138.821700 0.787402 80.978290 0.000000 0.000000 0.000000 1.017468 1.017468 1.017468
SM_Grass_Patch_03 136.593700 0.133230 77.706640 0.000000 0.000000 0.000000 0.928863 0.928863 0.928863
SM_Grass_Patch_03 134.102100 0.808725 82.612730 0.000000 0.000000 0.000000 0.932226 0.932226 0.932226
SM_Grass_Patch_03 134.675000 0.969757 84.425570 0.000000 0.000000 0.000000 0.910233 0.910233 0.910233
SM_Grass_Patch_03 133.465700 0.913279 83.233340 0.000000 0.000000 0.000000 1.041629 1.041629 1.041629
SM_Grass_Patch_03 133.242500 0.259341 80.954440 0.000000 0.000000 0.000000 1.059422 1.059422 1.059422
SM_Grass_Patch_03 134.391200 0.978744 85.469050 0.000000 0.000000 0.000000 0.923734 0.923734 0.923734
SM_Grass_Patch_03 131.627000 0.635211 83.616460 0.000000 0.000000 0.000000 0.922726 0.922726 0.922726
SM_Grass_Patch_03 132.183800 0.570181 82.101380 0.000000 0.000000 0.000000 0.959806 0.959806 0.959806
SM_Grass_Patch_03 136.041500 0.787402 85.222620 0.000000 0.000000 0.000000 0.997590 0.997590 0.997590
SM_Grass_Patch_03 132.338900 0.864122 84.311690 0.000000 0.000000 0.000000 1.086652 1.086652 1.086652
SM_Grass_Patch_03 136.409300 0.862394 83.820680 0.000000 0.000000 0.000000 0.972957 0.972957 0.972957
SM_Grass_Patch_03 138.054800 0.878960 83.879320 0.000000 0.000000 0.000000 0.992782 0.992782 0.992782
SM_Grass_Patch_03 138.950500 0.787402 82.477580 0.000000 0.000000 0.000000 0.931076 0.931076 0.931076
SM_Grass_Patch_03 139.358300 0.822295 77.966770 0.000000 0.000000 0.000000 1.007441 1.007441 1.007441
SM_Grass_Patch_03 140.073500 1.404315 73.616250 0.000000 0.000000 0.000000 1.080929 1.080929 1.080929
SM_Grass_Patch_03 131.766600 0.311298 81.129920 0.000000 0.000000 0.000000 1.027495 1.027495 1.027495
SM_Grass_Patch_03 133.412100 0.196541 79.971010 0.000000 0.000000 0.000000 1.044102 1.044102 1.044102
SM_Grass_Patch_03 133.456700 0.074373 78.754550 0.000000 0.000000 0.000000 1.097871 1.097871 1.097871
SM_Grass_Patch_03 133.706800 1.091915 85.995400 0.000000 0.000000 0.000000 1.015400 1.015400 1.015400
SM_Grass_Patch_03 131.563000 0.953036 85.924330 0.000000 0.000000 0.000000 1.093272 1.093272 1.093272
SM_Grass_Patch_03 132.923200 0.469110 88.240010 0.000000 0.000000 0.000000 0.953874 0.953874 0.953874
SM_Grass_Patch_03 130.220400 0.737865 86.943590 0.000000 0.000000 0.000000 1.020241 1.020241 1.020241
SM_Grass_Patch_03 130.495800 0.674876 87.909900 0.000000 0.000000 0.000000 1.089247 1.089247 1.089247
SM_Grass_Patch_03 130.816800 0.083245 89.670870 0.000000 0.000000 0.000000 0.906969 0.906969 0.906969
SM_Grass_Patch_03 129.516000 0.150912 90.439090 0.000000 0.000000 0.000000 0.987726 0.987726 0.987726
SM_Grass_Patch_03 128.128900 0.604570 89.683370 0.000000 0.000000 0.000000 0.993761 0.993761 0.993761
SM_Grass_Patch_03 129.153900 0.649423 88.769010 0.000000 0.000000 0.000000 1.050269 1.050269 1.050269
SM_Grass_Patch_03 128.769800 0.295636 90.540120 0.000000 0.000000 0.000000 1.076311 1.076311 1.076311
SM_Grass_Patch_03 126.651100 0.072720 92.196490 0.000000 0.000000 0.000000 1.090122 1.090122 1.090122
SM_Grass_Patch_03 126.338000 0.327898 90.941150 0.000000 0.000000 0.000000 0.907895 0.907895 0.907895
SM_Grass_Patch_03 124.271400 0.144442 91.841810 0.000000 0.000000 0.000000 1.030480 1.030480 1.030480
SM_Grass_Patch_03 124.869700 0.354370 89.932240 0.000000 0.000000 0.000000 0.906083 0.906083 0.906083
SM_Grass_Patch_03 124.765600 0.128182 93.614890 0.000000 0.000000 0.000000 0.965867 0.965867 0.965867
SM_Grass_Patch_03 123.265600 0.367684 91.251620 0.000000 0.000000 0.000000 0.964582 0.964582 0.964582
SM_Grass_Patch_03 126.840100 0.128182 94.476170 0.000000 0.000000 0.000000 1.066666 1.066666 1.066666
SM_Grass_Patch_03 126.296200 0.115284 92.870190 0.000000 0.000000 0.000000 1.064541 1.064541 1.064541
SM_Grass_Patch_03 125.938900 0.373901 89.437470 0.000000 0.000000 0.000000 1.000539 1.000539 1.000539
SM_Grass_Patch_03 135.059700 0.954046 87.229960 0.000000 0.000000 0.000000 0.909227 0.909227 0.909227
SM_Grass_Patch_03 136.302600 0.817864 86.926280 0.000000 0.000000 0.000000 0.964710 0.964710 0.964710
SM_Grass_Patch_03 127.625200 0.119647 92.020650 0.000000 0.000000 0.000000 1.063425 1.063425 1.063425
SM_Grass_Patch_03 123.554000 0.271393 92.115860 0.000000 0.000000 0.000000 0.970301 0.970301 0.970301
SM_Grass_Patch_03 123.067400 0.744136 94.916080 0.000000 0.000000 0.000000 0.945872 0.945872 0.945872
SM_Grass_Patch_03 126.256900 0.441803 86.489090 0.000000 0.000000 0.000000 1.042456 1.042456 1.042456
SM_Grass_Patch_03 129.715700 0.282116 89.386090 0.000000 0.000000 0.000000 1.082740 1.082740 1.082740
SM_Grass_Patch_03 131.921100 0.349938 88.522830 0.000000 0.000000 0.000000 1.048458 1.048458 1.048458
SM_Grass_Patch_03 129.964800 0.675909 85.525320 0.000000 0.000000 0.000000 0.955125 0.955125 0.955125
SM_Grass_Patch_03 132.984600 1.072941 85.405200 0.000000 0.000000 0.000000 1.056015 1.056015 1.056015
SM_Grass_Patch_03 123.499300 0.303636 88.288800 0.000000 0.000000 0.000000 0.937752 0.937752 0.937752
SM_Grass_Patch_03 124.675700 0.379803 88.371350 0.000000 0.000000 0.000000 0.966146 0.966146 0.966146
SM_Grass_Patch_03 131.882100 0.627102 82.868110 0.000000 0.000000 0.000000 0.964944 0.964944 0.964944
SM_Grass_Patch_03 130.251000 0.441202 83.769680 0.000000 0.000000 0.000000 0.990702 0.990702 0.990702
SM_Grass_Patch_03 127.582800 0.780447 87.242030 0.000000 0.000000 0.000000 0.956034 0.956034 0.956034
SM_Grass_Patch_03 121.740600 0.723110 92.457850 0.000000 0.000000 0.000000 1.088494 1.088494 1.088494
SM_Grass_Patch_03 129.271700 0.535719 84.974060 0.000000 0.000000 0.000000 1.048879 1.048879 1.048879
SM_Grass_Patch_03 122.396500 0.744841 94.580540 0.000000 0.000000 0.000000 0.982604 0.982604 0.982604
SM_Grass_Patch_03 118.412300 1.056691 95.071110 0.000000 0.000000 0.000000 1.074225 1.074225 1.074225
SM_Grass_Patch_03 115.669500 0.824098 95.550850 0.000000 0.000000 0.000000 1.060229 1.060229 1.060229
SM_Grass_Patch_03 116.670800 0.810577 99.496190 0.000000 0.000000 0.000000 0.949031 0.949031 0.949031
SM_Grass_Patch_03 114.017800 0.922949 96.803930 0.000000 0.000000 0.000000 1.076520 1.076520 1.076520
SM_Grass_Patch_03 113.192700 0.919524 99.116960 0.000000 0.000000 0.000000 0.992420 0.992420 0.992420
SM_Grass_Patch_03 111.032000 0.563029 99.818790 0.000000 0.000000 0.000000 0.926745 0.926745 0.926745
SM_Grass_Patch_03 113.998300 0.676282 101.554000 0.000000 0.000000 0.000000 0.942910 0.942910 0.942910
SM_Grass_Patch_03 115.689400 0.978476 100.360300 0.000000 0.000000 0.000000 1.073052 1.073052 1.073052
SM_Grass_Patch_03 111.279700 0.994150 101.364700 0.000000 0.000000 0.000000 1.010366 1.010366 1.010366
SM_Grass_Patch_03 115.093000 1.021202 99.800950 0.000000 0.000000 0.000000 1.096263 1.096263 1.096263
SM_Grass_Patch_03 111.956800 0.442021 98.648960 0.000000 0.000000 0.000000 1.061985 1.061985 1.061985
SM_Grass_Patch_03 113.937000 0.587121 102.517200 0.000000 0.000000 0.000000 1.000149 1.000149 1.000149
SM_Grass_Patch_03 113.128200 0.990221 100.020600 0.000000 0.000000 0.000000 0.906058 0.906058 0.906058
SM_Grass_Patch_03 115.641700 0.792388 98.489140 0.000000 0.000000 0.000000 1.033790 1.033790 1.033790
SM_Grass_Patch_03 116.090000 0.858912 97.194900 0.000000 0.000000 0.000000 1.027117 1.027117 1.027117
SM_Grass_Patch_03 119.629500 0.814687 95.697450 0.000000 0.000000 0.000000 1.040161 1.040161 1.040161
SM_Grass_Patch_03 125.170100 0.226996 96.169550 0.000000 0.000000 0.000000 0.917666 0.917666 0.917666
SM_Grass_Patch_03 129.107900 0.114592 93.356930 0.000000 0.000000 0.000000 0.961277 0.961277 0.961277
SM_Grass_Patch_03 128.153000 0.000000 94.932820 0.000000 0.000000 0.000000 1.007666 1.007666 1.007666
SM_Grass_Patch_03 123.603600 0.586486 96.355360 0.000000 0.000000 0.000000 1.065349 1.065349 1.065349
SM_Grass_Patch_03 111.800100 0.717954 99.719250 0.000000 0.000000 0.000000 1.025133 1.025133 1.025133
SM_Grass_Patch_03 109.436900 0.473024 99.662770 0.000000 0.000000 0.000000 0.942218 0.942218 0.942218
SM_Grass_Patch_03 117.842800 0.872302 99.715260 0.000000 0.000000 0.000000 0.900259 0.900259 0.900259
SM_Grass_Patch_03 120.926300 0.584659 94.634590 0.000000 0.000000 0.000000 1.061817 1.061817 1.061817
SM_Grass_Patch_03 117.643800 1.096722 95.329380 0.000000 0.000000 0.000000 0.971999 0.971999 0.971999
SM_Grass_Patch_03 119.040100 0.827458 97.339430 0.000000 0.000000 0.000000 1.027661 1.027661 1.027661
SM_Grass_Patch_03 120.955400 0.725092 95.517030 0.000000 0.000000 0.000000 0.983112 0.983112 0.983112
SM_Grass_Patch_03 119.006200 0.825061 98.894120 0.000000 0.000000 0.000000 1.040065 1.040065 1.040065
SM_Grass_Patch_03 115.392000 0.379889 102.679500 0.000000 0.000000 0.000000 1.041520 1.041520 1.041520
SM_Grass_Patch_03 112.841000 0.981760 103.512100 0.000000 0.000000 0.000000 1.029817 1.029817 1.029817
SM_Grass_Patch_03 110.139500 0.933549 102.678900 0.000000 0.000000 0.000000 0.974754 0.974754 0.974754
SM_Grass_Patch_03 109.711800 0.746828 101.233400 0.000000 0.000000 0.000000 1.025042 1.025042 1.025042
SM_Grass_Patch_03 110.458900 0.874409 101.524100 0.000000 0.000000 0.000000 1.087484 1.087484 1.087484
SM_Grass_Patch_03 107.620200 0.636519 102.409100 0.000000 0.000000 0.000000 0.991776 0.991776 0.991776
SM_Grass_Patch_03 111.253300 0.759090 104.015200 0.000000 0.000000 0.000000 1.044410 1.044410 1.044410
SM_Grass_Patch_03 106.054500 0.626186 103.526600 0.000000 0.000000 0.000000 1.061939 1.061939 1.061939
SM_Grass_Patch_03 110.341500 0.831414 103.906600 0.000000 0.000000 0.000000 0.946579 0.946579 0.946579
SM_Grass_Patch_03 107.753000 0.788264 103.809100 0.000000 0.000000 0.000000 0.924160 0.924160 0.924160
SM_Grass_Patch_03 109.204100 0.597582 107.615200 0.000000 0.000000 0.000000 1.086202 1.086202 1.086202
SM_Grass_Patch_03 107.240300 0.597477 105.282300 0.000000 0.000000 0.000000 1.032459 1.032459 1.032459
SM_Grass_Patch_03 105.592200 0.543581 107.216600 0.000000 0.000000 0.000000 0.970360 0.970360 0.970360
SM_Grass_Patch_03 108.963800 0.983048 103.306600 0.000000 0.000000 0.000000 1.086017 1.086017 1.086017
SM_Grass_Patch_03 110.573700 0.903099 105.775700 0.000000 0.000000 0.000000 0.935927 0.935927 0.935927
SM_Grass_Patch_03 109.786400 0.916510 104.615900 0.000000 0.000000 0.000000 0.957561 0.957561 0.957561
SM_Grass_Patch_03 112.826300 0.920401 104.714700 0.000000 0.000000 0.000000 1.012165 1.012165 1.012165
SM_Grass_Patch_03 120.461400 0.274675 100.114900 0.000000 0.000000 0.000000 0.968184 0.968184 0.968184
SM_Grass_Patch_03 122.401400 0.807142 99.192200 0.000000 0.000000 0.000000 0.977707 0.977707 0.977707
SM_Grass_Patch_03 108.200400 0.426798 100.659300 0.000000 0.000000 0.000000 1.098968 1.098968 1.098968
SM_Grass_Patch_03 108.550900 0.391726 99.696690 0.000000 0.000000 0.000000 1.075848 1.075848 1.075848
SM_Grass_Patch_03 108.885900 0.906011 102.250800 0.000000 0.000000 0.000000 1.036552 1.036552 1.036552
SM_Grass_Patch_03 111.835000 0.426068 80.396120 0.000000 0.000000 0.000000 0.985782 0.985782 0.985782
SM_Grass_Patch_03 112.291100 0.424382 81.404070 0.000000 0.000000 0.000000 1.078504 1.078504 1.078504
SM_Grass_Patch_03 109.704800 0.677532 83.686040 0.000000 0.000000 0.000000 1.094610 1.094610 1.094610
SM_Grass_Patch_03 110.766400 0.347922 82.161030 0.000000 0.000000 0.000000 0.943203 0.943203 0.943203
SM_Grass_Patch_03 111.334200 0.213203 83.985890 0.000000 0.000000 0.000000 1.018397 1.018397 1.018397
SM_Grass_Patch_03 109.554200 1.027766 79.422950 0.000000 0.000000 0.000000 0.960752 0.960752 0.960752
SM_Grass_Patch_03 110.542900 0.626119 80.738190 0.000000 0.000000 0.000000 0.917022 0.917022 0.917022
SM_Grass_Patch_03 115.146900 0.821054 78.138900 0.000000 0.000000 0.000000 1.011343 1.011343 1.011343
SM_Grass_Patch_03 115.321200 0.484176 78.924740 0.000000 0.000000 0.000000 0.974780 0.974780 0.974780
SM_Grass_Patch_03 111.526000 1.245193 77.407250 0.000000 0.000000 0.000000 1.067879 1.067879 1.067879
SM_Grass_Patch_03 110.910100 1.000610 78.925610 0.000000 0.000000 0.000000 0.931179 0.931179 0.931179
SM_Grass_Patch_03 117.947300 0.134241 76.644430 0.000000 0.000000 0.000000 1.001095 1.001095 1.001095
SM_Grass_Patch_03 113.816800 1.016890 78.389330 0.000000 0.000000 0.000000 1.083091 1.083091 1.083091
SM_Grass_Patch_03 115.506900 1.245193 76.199360 0.000000 0.000000 0.000000 1.070316 1.070316 1.070316
SM_Grass_Patch_03 117.980300 0.603826 74.836110 0.000000 0.000000 0.000000 1.074063 1.074063 1.074063
SM_Grass_Patch_03 113.458800 0.257122 81.600940 0.000000 0.000000 0.000000 0.990583 0.990583 0.990583
SM_Grass_Patch_03 113.966900 0.466226 79.663310 0.000000 0.000000 0.000000 1.073150 1.073150 1.073150
SM_Grass_Patch_03 109.175200 0.700947 81.004380 0.000000 0.000000 0.000000 1.006163 1.006163 1.006163
SM_Grass_Patch_03 107.520300 1.057720 80.804610 0.000000 0.000000 0.000000 1.098655 1.098655 1.098655
SM_Grass_Patch_03 114.269100 1.245193 74.636570 0.000000 0.000000 0.000000 1.035504 1.035504 1.035504
SM_Grass_Patch_03 101.228900 1.245193 85.121530 0.000000 0.000000 0.000000 0.910105 0.910105 0.910105
SM_Grass_Patch_03 102.132100 1.197706 85.202600 0.000000 0.000000 0.000000 0.952912 0.952912 0.952912
SM_Grass_Patch_03 99.411820 0.523755 88.384320 0.000000 0.000000 0.000000 1.099883 1.099883 1.099883
SM_Grass_Patch_03 100.924200 0.856562 86.364440 0.000000 0.000000 0.000000 1.028524 1.028524 1.028524
SM_Grass_Patch_03 100.632300 0.002921 89.325160 0.000000 0.000000 0.000000 0.921575 0.921575 0.921575
SM_Grass_Patch_03 98.592670 0.693605 88.295060 0.000000 0.000000 0.000000 0.983478 0.983478 0.983478
SM_Grass_Patch_03 100.707600 0.358160 88.114990 0.000000 0.000000 0.000000 1.081584 1.081584 1.081584
SM_Grass_Patch_03 101.627500 0.761467 86.724180 0.000000 0.000000 0.000000 1.089047 1.089047 1.089047
SM_Grass_Patch_03 98.859260 0.886017 87.127260 0.000000 0.000000 0.000000 0.991620 0.991620 0.991620
SM_Grass_Patch_03 98.364020 0.811606 89.679760 0.000000 0.000000 0.000000 0.973306 0.973306 0.973306
SM_Grass_Patch_03 96.534100 0.945241 88.649280 0.000000 0.000000 0.000000 1.028665 1.028665 1.028665
SM_Grass_Patch_03 99.044100 0.081180 92.162860 0.000000 0.000000 0.000000 0.965199 0.965199 0.965199
SM_Grass_Patch_03 97.939850 0.294699 91.910620 0.000000 0.000000 0.000000 1.055458 1.055458 1.055458
SM_Grass_Patch_03 97.307920 0.899182 90.943080 0.000000 0.000000 0.000000 1.004798 1.004798 1.004798
SM_Grass_Patch_03 96.423160 0.322319 92.123500 0.000000 0.000000 0.000000 0.977720 0.977720 0.977720
SM_Grass_Patch_03 96.527550 0.000000 93.699400 0.000000 0.000000 0.000000 0.967320 0.967320 0.967320
SM_Grass_Patch_03 95.102990 0.229397 93.259650 0.000000 0.000000 0.000000 1.019680 1.019680 1.019680
SM_Grass_Patch_03 93.975510 0.198439 94.025150 0.000000 0.000000 0.000000 0.900358 0.900358 0.900358
SM_Grass_Patch_03 95.011730 1.007142 90.204730 0.000000 0.000000 0.000000 0.983679 0.983679 0.983679
SM_Grass_Patch_03 94.235120 0.468933 93.249300 0.000000 0.000000 0.000000 0.990411 0.990411 0.990411
SM_Grass_Patch_03 92.951720 1.057827 90.903920 0.000000 0.000000 0.000000 1.083351 1.083351 1.083351
SM_Grass_Patch_03 91.706790 0.915583 91.519940 0.000000 0.000000 0.000000 1.007548 1.007548 1.007548
SM_Grass_Patch_03 92.530480 0.881218 91.836470 0.000000 0.000000 0.000000 1.022903 1.022903 1.022903
SM_Grass_Patch_03 95.544980 0.000000 94.183230 0.000000 0.000000 0.000000 1.037372 1.037372 1.037372
SM_Grass_Patch_03 98.071170 0.067482 92.706040 0.000000 0.000000 0.000000 0.957449 0.957449 0.957449
SM_Grass_Patch_03 95.175180 1.075781 89.376450 0.000000 0.000000 0.000000 0.941051 0.941051 0.941051
SM_Grass_Patch_03 100.806000 0.071118 91.082170 0.000000 0.000000 0.000000 0.923555 0.923555 0.923555
SM_Grass_Patch_03 100.032700 0.814800 86.992490 0.000000 0.000000 0.000000 0.922266 0.922266 0.922266
SM_Grass_Patch_03 101.170700 0.004482 90.309650 0.000000 0.000000 0.000000 1.090552 1.090552 1.090552
SM_Grass_Patch_03 97.571230 0.805241 88.057800 0.000000 0.000000 0.000000 1.004387 1.004387 1.004387
SM_Grass_Patch_03 97.390550 0.014590 93.102030 0.000000 0.000000 0.000000 1.024139 1.024139 1.024139
SM_Grass_Patch_03 95.742230 1.039594 90.406710 0.000000 0.000000 0.000000 1.006622 1.006622 1.006622
SM_Grass_Patch_03 95.856580 0.683868 91.488490 0.000000 0.000000 0.000000 1.094716 1.094716 1.094716
SM_Grass_Patch_03 94.147030 0.044994 95.000600 0.000000 0.000000 0.000000 0.945202 0.945202 0.945202
SM_Grass_Patch_03 93.841370 0.884964 91.988270 0.000000 0.000000 0.000000 0.993256 0.993256 0.993256
SM_Grass_Patch_03 92.167930 0.181729 93.713560 0.000000 0.000000 0.000000 1.085109 1.085109 1.085109
SM_Grass_Patch_03 92.516450 0.042775 94.826660 0.000000 0.000000 0.000000 0.947535 0.947535 0.947535
SM_Grass_Patch_03 95.416650 0.000000 94.966250 0.000000 0.000000 0.000000 1.025984 1.025984 1.025984
SM_Grass_Patch_03 92.340900 0.828268 92.696270 0.000000 0.000000 0.000000 1.034028 1.034028 1.034028
SM_Grass_Patch_03 90.692180 0.270369 94.692570 0.000000 0.000000 0.000000 0.957000 0.957000 0.957000
SM_Grass_Patch_03 91.597580 0.073246 94.251010 0.000000 0.000000 0.000000 0.977986 0.977986 0.977986
SM_Grass_Patch_03 94.480930 0.009335 96.615600 0.000000 0.000000 0.000000 1.081923 1.081923 1.081923
SM_Grass_Patch_03 96.323080 0.000000 95.998540 0.000000 0.000000 0.000000 1.072876 1.072876 1.072876
SM_Grass_Patch_03 97.000800 0.054935 95.252370 0.000000 0.000000 0.000000 0.991358 0.991358 0.991358
SM_Grass_Patch_03 91.194830 0.901474 90.699480 0.000000 0.000000 0.000000 1.059049 1.059049 1.059049
SM_Grass_Patch_03 89.243150 0.602307 94.626730 0.000000 0.000000 0.000000 0.902296 0.902296 0.902296
SM_Grass_Patch_03 89.089370 0.906677 93.656530 0.000000 0.000000 0.000000 0.907682 0.907682 0.907682
SM_Grass_Patch_03 89.513010 1.125669 91.585450 0.000000 0.000000 0.000000 1.065967 1.065967 1.065967
SM_Grass_Patch_03 99.688260 0.591606 104.785100 0.000000 0.000000 0.000000 1.096319 1.096319 1.096319
SM_Grass_Patch_03 102.245600 0.095631 102.451400 0.000000 0.000000 0.000000 1.006000 1.006000 1.006000
SM_Grass_Patch_03 102.387700 0.645729 106.644800 0.000000 0.000000 0.000000 1.016192 1.016192 1.016192
SM_Grass_Patch_03 101.037100 0.078848 102.494100 0.000000 0.000000 0.000000 0.943244 0.943244 0.943244
SM_Grass_Patch_03 100.270600 0.110297 102.370300 0.000000 0.000000 0.000000 1.044996 1.044996 1.044996
SM_Grass_Patch_03 99.739180 0.731824 106.869500 0.000000 0.000000 0.000000 1.041578 1.041578 1.041578
SM_Grass_Patch_03 98.172230 0.790609 105.414500 0.000000 0.000000 0.000000 1.087888 1.087888 1.087888
SM_Grass_Patch_03 101.880100 0.527031 104.963300 0.000000 0.000000 0.000000 1.063825 1.063825 1.063825
SM_Grass_Patch_03 98.151510 0.682188 106.795500 0.000000 0.000000 0.000000 1.004784 1.004784 1.004784
SM_Grass_Patch_03 96.725800 0.852786 106.384600 0.000000 0.000000 0.000000 1.026016 1.026016 1.026016
SM_Grass_Patch_03 97.206590 0.399061 104.124400 0.000000 0.000000 0.000000 1.080377 1.080377 1.080377
SM_Grass_Patch_03 95.998790 0.639312 104.996100 0.000000 0.000000 0.000000 1.030641 1.030641 1.030641
SM_Grass_Patch_03 95.481920 0.140880 103.617400 0.000000 0.000000 0.000000 0.954033 0.954033 0.954033
SM_Grass_Patch_03 93.104560 0.178048 103.361000 0.000000 0.000000 0.000000 1.010602 1.010602 1.010602
SM_Grass_Patch_03 94.205480 0.180008 102.812300 0.000000 0.000000 0.000000 1.076696 1.076696 1.076696
SM_Grass_Patch_03 91.174270 0.335502 103.505600 0.000000 0.000000 0.000000 0.976387 0.976387 0.976387
SM_Grass_Patch_03 92.422580 0.469104 106.684800 0.000000 0.000000 0.000000 1.030145 1.030145 1.030145
SM_Grass_Patch_03 91.353270 0.757104 107.865100 0.000000 0.000000 0.000000 1.007598 1.007598 1.007598
SM_Grass_Patch_03 91.196500 0.586044 106.777000 0.000000 0.000000 0.000000 0.985042 0.985042 0.985042
SM_Grass_Patch_03 92.368770 0.589563 105.576900 0.000000 0.000000 0.000000 1.007993 1.007993 1.007993
SM_Grass_Patch_03 91.403110 0.743931 104.960500 0.000000 0.000000 0.000000 0.911201 0.911201 0.911201
SM_Grass_Patch_03 88.440190 0.739438 105.336300 0.000000 0.000000 0.000000 0.986270 0.986270 0.986270
SM_Grass_Patch_03 90.680970 0.674488 105.431600 0.000000 0.000000 0.000000 1.023668 1.023668 1.023668
SM_Grass_Patch_03 89.011150 0.045907 103.202400 0.000000 0.000000 0.000000 1.005596 1.005596 1.005596
SM_Grass_Patch_03 88.836070 0.643378 104.471800 0.000000 0.000000 0.000000 1.070750 1.070750 1.070750
SM_Grass_Patch_03 86.619910 0.659220 104.658500 0.000000 0.000000 0.000000 1.028121 1.028121 1.028121
SM_Grass_Patch_03 87.029850 0.659220 105.616200 0.000000 0.000000 0.000000 1.067820 1.067820 1.067820
SM_Grass_Patch_03 87.614730 0.659220 108.133700 0.000000 0.000000 0.000000 1.036341 1.036341 1.036341
SM_Grass_Patch_03 89.607960 0.659220 108.986800 0.000000 0.000000 0.000000 1.079002 1.079002 1.079002
SM_Grass_Patch_03 89.409710 0.787402 107.496900 0.000000 0.000000 0.000000 0.926649 0.926649 0.926649
SM_Grass_Patch_03 93.988540 0.725046 105.889700 0.000000 0.000000 0.000000 0.990078 0.990078 0.990078
SM_Grass_Patch_03 93.974670 0.830657 109.630900 0.000000 0.000000 0.000000 0.982913 0.982913 0.982913
SM_Grass_Patch_03 95.625960 0.787627 108.717400 0.000000 0.000000 0.000000 1.093871 1.093871 1.093871
SM_Grass_Patch_03 93.239840 0.602520 106.986100 0.000000 0.000000 0.000000 1.058320 1.058320 1.058320
SM_Grass_Patch_03 98.874370 0.669183 107.017500 0.000000 0.000000 0.000000 1.047350 1.047350 1.047350
SM_Grass_Patch_03 100.615000 0.794920 108.026600 0.000000 0.000000 0.000000 1.014421 1.014421 1.014421
SM_Grass_Patch_03 102.059100 0.482758 108.111300 0.000000 0.000000 0.000000 0.971568 0.971568 0.971568
SM_Grass_Patch_03 96.185040 0.668829 109.848300 0.000000 0.000000 0.000000 1.044341 1.044341 1.044341
SM_Grass_Patch_03 92.899570 0.717956 110.219100 0.000000 0.000000 0.000000 0.960145 0.960145 0.960145
SM_Grass_Patch_03 91.197800 0.787402 109.587900 0.000000 0.000000 0.000000 0.949622 0.949622 0.949622
SM_Grass_Patch_03 91.977680 0.936830 108.350000 0.000000 0.000000 0.000000 1.081879 1.081879 1.081879
SM_Grass_Patch_03 94.538090 0.847301 110.567600 0.000000 0.000000 0.000000 1.060191 1.060191 1.060191
SM_Grass_Patch_03 88.641480 0.787402 107.510300 0.000000 0.000000 0.000000 1.026126 1.026126 1.026126
SM_Grass_Patch_03 84.101030 0.659220 107.946500 0.000000 0.000000 0.000000 1.090342 1.090342 1.090342
SM_Grass_Patch_03 88.531720 0.004999 115.610800 0.000000 0.000000 0.000000 1.034865 1.034865 1.034865
SM_Grass_Patch_03 88.475070 0.417395 114.856700 0.000000 0.000000 0.000000 0.939538 0.939538 0.939538
SM_Grass_Patch_03 83.977090 0.659220 108.695400 0.000000 0.000000 0.000000 1.037310 1.037310 1.037310
SM_Grass_Patch_03 85.455030 0.486807 102.985900 0.000000 0.000000 0.000000 1.027752 1.027752 1.027752
SM_Grass_Patch_03 84.124410 0.659220 105.524500 0.000000 0.000000 0.000000 0.913167 0.913167 0.913167
SM_Grass_Patch_03 83.986220 0.659220 103.757000 0.000000 0.000000 0.000000 1.023091 1.023091 1.023091
SM_Grass_Patch_03 83.013170 0.659220 106.115300 0.000000 0.000000 0.000000 0.943693 0.943693 0.943693
SM_Grass_Patch_03 86.604500 0.579251 103.561000 0.000000 0.000000 0.000000 1.070681 1.070681 1.070681
SM_Grass_Patch_03 84.667900 0.172677 102.218500 0.000000 0.000000 0.000000 0.914127 0.914127 0.914127
SM_Grass_Patch_03 81.997980 0.659220 104.423100 0.000000 0.000000 0.000000 1.014812 1.014812 1.014812
SM_Grass_Patch_03 83.500820 0.659220 103.158400 0.000000 0.000000 0.000000 0.999168 0.999168 0.999168
SM_Grass_Patch_03 81.488350 0.659220 105.996900 0.000000 0.000000 0.000000 1.050525 1.050525 1.050525
SM_Grass_Patch_03 81.376540 0.000000 101.556300 0.000000 0.000000 0.000000 0.943890 0.943890 0.943890
SM_Grass_Patch_03 82.512370 0.194598 101.890300 0.000000 0.000000 0.000000 1.002202 1.002202 1.002202
SM_Grass_Patch_03 79.480890 0.189787 103.334300 0.000000 0.000000 0.000000 1.092562 1.092562 1.092562
SM_Grass_Patch_03 80.844130 0.316230 102.779000 0.000000 0.000000 0.000000 1.076995 1.076995 1.076995
SM_Grass_Patch_03 78.392270 0.052249 103.645600 0.000000 0.000000 0.000000 1.045701 1.045701 1.045701
SM_Grass_Patch_03 82.351300 0.659220 103.653500 0.000000 0.000000 0.000000 1.067447 1.067447 1.067447
SM_Grass_Patch_03 79.870990 0.655136 105.242800 0.000000 0.000000 0.000000 1.071008 1.071008 1.071008
SM_Grass_Patch_03 76.432940 0.000000 103.403900 0.000000 0.000000 0.000000 1.075228 1.075228 1.075228
SM_Grass_Patch_03 77.624890 0.000000 102.471400 0.000000 0.000000 0.000000 1.023605 1.023605 1.023605
SM_Grass_Patch_03 80.874630 0.651852 103.963300 0.000000 0.000000 0.000000 0.958197 0.958197 0.958197
SM_Grass_Patch_03 78.468370 0.373446 105.396000 0.000000 0.000000 0.000000 1.010850 1.010850 1.010850
SM_Grass_Patch_03 80.051040 0.659220 106.226400 0.000000 0.000000 0.000000 1.090123 1.090123 1.090123
SM_Grass_Patch_03 81.728890 0.659220 107.362600 0.000000 0.000000 0.000000 1.074570 1.074570 1.074570
SM_Grass_Patch_03 79.170010 0.000000 101.541300 0.000000 0.000000 0.000000 0.926856 0.926856 0.926856
SM_Grass_Patch_03 84.324940 0.659220 107.074600 0.000000 0.000000 0.000000 1.013456 1.013456 1.013456
SM_Grass_Patch_03 78.886640 0.000000 100.289900 0.000000 0.000000 0.000000 1.086131 1.086131 1.086131
SM_Grass_Patch_03 76.087260 0.000000 101.983000 0.000000 0.000000 0.000000 0.941337 0.941337 0.941337
SM_Grass_Patch_03 73.625530 0.241689 100.560900 0.000000 0.000000 0.000000 0.991816 0.991816 0.991816
SM_Grass_Patch_03 75.312680 0.126742 100.396800 0.000000 0.000000 0.000000 1.012580 1.012580 1.012580
SM_Grass_Patch_03 74.665480 0.000000 101.796800 0.000000 0.000000 0.000000 1.052831 1.052831 1.052831
SM_Grass_Patch_03 73.862170 0.633761 98.798970 0.000000 0.000000 0.000000 0.941483 0.941483 0.941483
SM_Grass_Patch_03 74.580030 0.055675 100.774900 0.000000 0.000000 0.000000 0.944916 0.944916 0.944916
SM_Grass_Patch_03 75.916210 0.000000 102.744500 0.000000 0.000000 0.000000 1.000097 1.000097 1.000097
SM_Grass_Patch_03 73.420970 0.041467 103.236000 0.000000 0.000000 0.000000 1.081720 1.081720 1.081720
SM_Grass_Patch_03 76.598290 0.000000 104.708800 0.000000 0.000000 0.000000 1.040783 1.040783 1.040783
SM_Grass_Patch_03 75.655330 0.000000 108.332900 0.000000 0.000000 0.000000 0.919587 0.919587 0.919587
SM_Grass_Patch_03 74.476450 0.000000 106.930200 0.000000 0.000000 0.000000 0.921995 0.921995 0.921995
SM_Grass_Patch_03 77.697560 0.355708 107.949100 0.000000 0.000000 0.000000 0.971535 0.971535 0.971535
SM_Grass_Patch_03 80.522870 0.659220 108.719000 0.000000 0.000000 0.000000 0.966868 0.966868 0.966868
SM_Grass_Patch_03 76.578770 0.001907 107.042900 0.000000 0.000000 0.000000 0.993415 0.993415 0.993415
SM_Grass_Patch_03 71.393780 0.883243 104.879400 0.000000 0.000000 0.000000 0.947439 0.947439 0.947439
SM_Grass_Patch_03 72.514410 0.633812 101.256700 0.000000 0.000000 0.000000 0.983910 0.983910 0.983910
SM_Grass_Patch_03 71.701600 0.948369 100.446600 0.000000 0.000000 0.000000 0.909623 0.909623 0.909623
SM_Grass_Patch_03 70.746870 1.092261 105.568200 0.000000 0.000000 0.000000 1.085279 1.085279 1.085279
SM_Grass_Patch_03 75.087180 0.000000 105.744700 0.000000 0.000000 0.000000 1.081793 1.081793 1.081793
SM_Grass_Patch_03 71.510170 0.821472 98.683150 0.000000 0.000000 0.000000 0.902208 0.902208 0.902208
SM_Grass_Patch_03 72.992980 0.722114 98.128800 0.000000 0.000000 0.000000 0.984163 0.984163 0.984163
SM_Grass_Patch_03 70.301090 0.622597 95.995390 0.000000 0.000000 0.000000 0.969283 0.969283 0.969283
SM_Grass_Patch_03 68.917740 0.731041 97.163170 0.000000 0.000000 0.000000 1.000000 1.000000 1.000000
SM_Grass_Patch_03 71.818400 0.685498 96.914670 0.000000 0.000000 0.000000 0.926968 0.926968 0.926968
SM_Grass_Patch_03 67.701840 0.622597 95.704620 0.000000 0.000000 0.000000 0.981519 0.981519 0.981519
SM_Grass_Patch_03 66.780210 0.622597 94.496770 0.000000 0.000000 0.000000 0.969927 0.969927 0.969927
SM_Grass_Patch_03 69.904450 1.171947 100.097200 0.000000 0.000000 0.000000 1.033304 1.033304 1.033304
SM_Grass_Patch_03 65.605450 0.749941 93.289470 0.000000 0.000000 0.000000 0.910064 0.910064 0.910064
SM_Grass_Patch_03 69.183740 0.599280 94.609790 0.000000 0.000000 0.000000 0.976565 0.976565 0.976565
SM_Grass_Patch_03 69.040440 1.171947 100.536900 0.000000 0.000000 0.000000 0.934117 0.934117 0.934117
SM_Grass_Patch_03 72.698560 0.731404 107.081000 0.000000 0.000000 0.000000 0.972739 0.972739 0.972739
SM_Grass_Patch_03 68.811320 1.171947 103.042900 0.000000 0.000000 0.000000 0.901036 0.901036 0.901036
SM_Grass_Patch_03 68.545920 0.975584 98.744510 0.000000 0.000000 0.000000 1.074071 1.074071 1.074071
SM_Grass_Patch_03 65.795380 0.841073 99.506340 0.000000 0.000000 0.000000 1.043455 1.043455 1.043455
SM_Grass_Patch_03 68.283110 1.171947 100.078800 0.000000 0.000000 0.000000 0.942715 0.942715 0.942715
SM_Grass_Patch_03 65.267920 0.622597 97.113340 0.000000 0.000000 0.000000 1.020449 1.020449 1.020449
SM_Grass_Patch_03 67.499120 1.118618 99.880660 0.000000 0.000000 0.000000 1.085107 1.085107 1.085107
SM_Grass_Patch_03 63.641240 0.622597 98.117000 0.000000 0.000000 0.000000 1.027817 1.027817 1.027817
SM_Grass_Patch_03 65.237820 0.728091 98.895660 0.000000 0.000000 0.000000 0.979546 0.979546 0.979546
SM_Grass_Patch_03 63.748940 0.766341 95.685790 0.000000 0.000000 0.000000 0.983118 0.983118 0.983118
SM_Grass_Patch_03 62.446120 0.979810 96.468580 0.000000 0.000000 0.000000 1.011337 1.011337 1.011337
SM_Grass_Patch_03 61.947530 1.068949 98.270430 0.000000 0.000000 0.000000 0.987717 0.987717 0.987717
SM_Grass_Patch_03 63.044110 0.747096 98.988570 0.000000 0.000000 0.000000 1.018930 1.018930 1.018930
SM_Grass_Patch_03 65.999610 1.043073 101.114000 0.000000 0.000000 0.000000 1.000596 1.000596 1.000596
SM_Grass_Patch_03 64.657910 0.833665 102.076700 0.000000 0.000000 0.000000 0.900549 0.900549 0.900549
SM_Grass_Patch_03 62.773300 0.923171 100.533000 0.000000 0.000000 0.000000 0.999790 0.999790 0.999790
SM_Grass_Patch_03 64.373380 0.700204 95.140080 0.000000 0.000000 0.000000 0.980563 0.980563 0.980563
SM_Grass_Patch_03 63.977140 0.622597 96.693100 0.000000 0.000000 0.000000 1.074552 1.074552 1.074552
SM_Grass_Patch_03 63.830430 0.737891 90.292320 0.000000 0.000000 0.000000 1.087685 1.087685 1.087685
SM_Grass_Patch_03 60.437400 1.171947 92.304960 0.000000 0.000000 0.000000 1.065783 1.065783 1.065783
SM_Grass_Patch_03 64.229750 0.931054 94.381620 0.000000 0.000000 0.000000 0.927307 0.927307 0.927307
SM_Grass_Patch_03 65.294020 0.350978 91.439300 0.000000 0.000000 0.000000 1.011094 1.011094 1.011094
SM_Grass_Patch_03 62.684150 1.171947 92.121310 0.000000 0.000000 0.000000 1.072195 1.072195 1.072195
SM_Grass_Patch_03 69.175210 0.622597 95.775040 0.000000 0.000000 0.000000 0.979200 0.979200 0.979200
SM_Grass_Patch_03 65.064950 0.622597 95.528330 0.000000 0.000000 0.000000 0.999113 0.999113 0.999113
SM_Grass_Patch_03 67.363860 0.214985 92.870340 0.000000 0.000000 0.000000 1.060182 1.060182 1.060182
SM_Grass_Patch_03 68.106380 0.267551 93.152280 0.000000 0.000000 0.000000 0.967471 0.967471 0.967471
SM_Grass_Patch_03 67.043050 0.023300 92.063560 0.000000 0.000000 0.000000 1.042100 1.042100 1.042100
SM_Grass_Patch_03 66.224630 0.101667 91.808290 0.000000 0.000000 0.000000 1.036808 1.036808 1.036808
SM_Grass_Patch_03 68.529720 0.477165 93.772060 0.000000 0.000000 0.000000 1.018875 1.018875 1.018875
SM_Grass_Patch_03 70.850560 0.520056 95.354190 0.000000 0.000000 0.000000 0.998002 0.998002 0.998002
SM_Grass_Patch_03 70.059230 0.492080 94.505370 0.000000 0.000000 0.000000 1.045588 1.045588 1.045588
SM_Grass_Patch_03 68.521520 0.090881 92.435190 0.000000 0.000000 0.000000 1.025444 1.025444 1.025444
SM_Grass_Patch_03 67.711470 0.000000 91.689490 0.000000 0.000000 0.000000 1.087359 1.087359 1.087359
SM_Grass_Patch_03 69.468600 0.236331 93.398830 0.000000 0.000000 0.000000 0.984674 0.984674 0.984674
SM_Grass_Patch_03 71.201550 0.156210 94.412520 0.000000 0.000000 0.000000 0.909525 0.909525 0.909525
SM_Grass_Patch_03 71.762590 0.305045 95.306240 0.000000 0.000000 0.000000 0.927311 0.927311 0.927311
SM_Grass_Patch_03 69.917440 1.093954 99.292970 0.000000 0.000000 0.000000 0.968390 0.968390 0.968390
SM_Grass_Patch_03 64.929080 0.131763 90.110510 0.000000 0.000000 0.000000 1.083639 1.083639 1.083639
SM_Grass_Patch_03 60.914330 1.102602 89.396710 0.000000 0.000000 0.000000 1.081483 1.081483 1.081483
SM_Grass_Patch_03 61.609990 1.000894 88.458340 0.000000 0.000000 0.000000 0.930297 0.930297 0.930297
SM_Grass_Patch_03 63.220400 0.844616 89.717020 0.000000 0.000000 0.000000 1.086727 1.086727 1.086727
SM_Grass_Patch_03 63.294930 0.274978 88.340310 0.000000 0.000000 0.000000 0.993852 0.993852 0.993852
SM_Grass_Patch_03 63.918050 0.018312 86.856800 0.000000 0.000000 0.000000 0.922594 0.922594 0.922594
SM_Grass_Patch_03 63.116550 0.073246 86.049320 0.000000 0.000000 0.000000 1.081264 1.081264 1.081264
SM_Grass_Patch_03 65.641080 0.000000 89.803020 0.000000 0.000000 0.000000 1.081124 1.081124 1.081124
SM_Grass_Patch_03 66.260720 0.000000 90.735690 0.000000 0.000000 0.000000 1.063277 1.063277 1.063277
SM_Grass_Patch_03 64.092040 1.146711 92.814680 0.000000 0.000000 0.000000 1.097077 1.097077 1.097077
SM_Grass_Patch_03 61.652310 1.171947 94.666170 0.000000 0.000000 0.000000 0.963008 0.963008 0.963008
SM_Grass_Patch_03 59.888740 1.171947 94.407340 0.000000 0.000000 0.000000 1.034111 1.034111 1.034111
SM_Grass_Patch_03 60.692860 1.171947 95.908230 0.000000 0.000000 0.000000 1.096586 1.096586 1.096586
SM_Grass_Patch_03 59.267480 1.171947 93.981750 0.000000 0.000000 0.000000 0.986184 0.986184 0.986184
SM_Grass_Patch_03 58.165930 1.171947 91.906240 0.000000 0.000000 0.000000 0.944660 0.944660 0.944660
SM_Grass_Patch_03 59.409370 1.002490 87.266890 0.000000 0.000000 0.000000 0.976696 0.976696 0.976696
SM_Grass_Patch_03 57.388050 1.171947 90.797940 0.000000 0.000000 0.000000 1.033394 1.033394 1.033394
SM_Grass_Patch_03 58.800190 1.226882 89.109730 0.000000 0.000000 0.000000 1.069335 1.069335 1.069335
SM_Grass_Patch_03 58.675330 1.171947 93.348240 0.000000 0.000000 0.000000 0.960914 0.960914 0.960914
SM_Grass_Patch_03 55.883170 1.168240 89.461250 0.000000 0.000000 0.000000 0.936199 0.936199 0.936199
SM_Grass_Patch_03 56.122890 1.259472 86.969920 0.000000 0.000000 0.000000 0.994735 0.994735 0.994735
SM_Grass_Patch_03 56.289300 1.226882 88.403750 0.000000 0.000000 0.000000 1.010779 1.010779 1.010779
SM_Grass_Patch_03 54.857360 1.205380 88.220750 0.000000 0.000000 0.000000 0.963936 0.963936 0.963936
SM_Grass_Patch_03 57.072330 1.310606 86.709490 0.000000 0.000000 0.000000 1.024876 1.024876 1.024876
SM_Grass_Patch_03 55.727880 1.128758 85.254550 0.000000 0.000000 0.000000 0.958913 0.958913 0.958913
SM_Grass_Patch_03 52.182600 2.339983 83.689700 0.000000 0.000000 0.000000 1.086152 1.086152 1.086152
SM_Grass_Patch_03 52.363120 2.032605 82.821620 0.000000 0.000000 0.000000 1.058291 1.058291 1.058291
SM_Grass_Patch_03 51.661870 2.053820 81.465300 0.000000 0.000000 0.000000 0.945935 0.945935 0.945935
SM_Grass_Patch_03 54.603550 1.092766 80.077710 0.000000 0.000000 0.000000 1.025144 1.025144 1.025144
SM_Grass_Patch_03 54.848240 0.438037 78.751170 0.000000 0.000000 0.000000 0.973282 0.973282 0.973282
SM_Grass_Patch_03 53.710160 1.555128 80.090670 0.000000 0.000000 0.000000 0.968744 0.968744 0.968744
SM_Grass_Patch_03 48.745910 3.272473 79.092650 0.000000 0.000000 0.000000 0.949385 0.949385 0.949385
SM_Grass_Patch_03 53.143140 1.139400 78.330380 0.000000 0.000000 0.000000 1.036768 1.036768 1.036768
SM_Grass_Patch_03 50.954940 1.718053 79.109340 0.000000 0.000000 0.000000 1.014769 1.014769 1.014769
SM_Grass_Patch_03 50.231860 2.719989 80.694570 0.000000 0.000000 0.000000 0.961229 0.961229 0.961229
SM_Grass_Patch_03 53.577800 1.741016 81.554490 0.000000 0.000000 0.000000 1.031275 1.031275 1.031275
SM_Grass_Patch_03 56.132820 0.342773 80.693430 0.000000 0.000000 0.000000 0.920934 0.920934 0.920934
SM_Grass_Patch_03 58.403490 1.244920 85.507950 0.000000 0.000000 0.000000 0.988026 0.988026 0.988026
SM_Grass_Patch_03 56.938040 0.986811 84.137150 0.000000 0.000000 0.000000 1.040760 1.040760 1.040760
SM_Grass_Patch_03 57.490230 0.667706 82.888270 0.000000 0.000000 0.000000 0.977334 0.977334 0.977334
SM_Grass_Patch_03 57.446910 0.413992 81.775960 0.000000 0.000000 0.000000 1.005910 1.005910 1.005910
SM_Grass_Patch_03 56.842490 0.858743 83.303410 0.000000 0.000000 0.000000 1.044757 1.044757 1.044757
SM_Grass_Patch_03 56.247040 0.255070 79.904600 0.000000 0.000000 0.000000 0.902921 0.902921 0.902921
SM_Grass_Patch_03 53.889810 0.653873 77.195500 0.000000 0.000000 0.000000 0.954029 0.954029 0.954029
SM_Grass_Patch_03 54.885680 0.079283 77.124690 0.000000 0.000000 0.000000 1.043403 1.043403 1.043403
SM_Grass_Patch_03 53.771440 1.741874 82.945240 0.000000 0.000000 0.000000 1.051556 1.051556 1.051556
SM_Grass_Patch_03 51.140890 1.999259 80.373670 0.000000 0.000000 0.000000 1.092260 1.092260 1.092260
SM_Grass_Patch_03 51.087400 2.551492 82.119890 0.000000 0.000000 0.000000 1.012662 1.012662 1.012662
SM_Grass_Patch_03 52.332610 1.926542 80.032570 0.000000 0.000000 0.000000 0.960616 0.960616 0.960616
SM_Grass_Patch_03 49.792360 1.643104 77.162900 0.000000 0.000000 0.000000 1.014756 1.014756 1.014756
SM_Grass_Patch_03 49.316750 1.230909 74.555950 0.000000 0.000000 0.000000 1.079411 1.079411 1.079411
SM_Grass_Patch_03 47.300120 2.994060 76.412320 0.000000 0.000000 0.000000 1.033461 1.033461 1.033461
SM_Grass_Patch_03 46.016060 3.600324 75.613260 0.000000 0.000000 0.000000 1.011984 1.011984 1.011984
SM_Grass_Patch_03 45.875580 2.492377 71.202950 0.000000 0.000000 0.000000 1.065697 1.065697 1.065697
SM_Grass_Patch_03 48.155990 1.152853 72.741290 0.000000 0.000000 0.000000 1.050414 1.050414 1.050414
SM_Grass_Patch_03 46.447710 0.930905 69.479160 0.000000 0.000000 0.000000 0.922489 0.922489 0.922489
SM_Grass_Patch_03 48.313060 0.897272 71.966380 0.000000 0.000000 0.000000 0.917728 0.917728 0.917728
SM_Grass_Patch_03 49.047950 0.408114 70.771950 0.000000 0.000000 0.000000 0.989730 0.989730 0.989730
SM_Grass_Patch_03 50.055390 0.745543 73.922360 0.000000 0.000000 0.000000 0.949478 0.949478 0.949478
SM_Grass_Patch_03 49.008670 2.336160 77.663150 0.000000 0.000000 0.000000 1.067615 1.067615 1.067615
SM_Grass_Patch_03 46.403510 3.830431 77.325930 0.000000 0.000000 0.000000 0.919188 0.919188 0.919188
SM_Grass_Patch_03 47.555840 2.071501 75.355090 0.000000 0.000000 0.000000 0.974916 0.974916 0.974916
SM_Grass_Patch_03 46.948310 1.966437 72.819820 0.000000 0.000000 0.000000 1.072922 1.072922 1.072922
SM_Grass_Patch_03 44.594210 4.256498 73.769780 0.000000 0.000000 0.000000 0.956600 0.956600 0.956600
SM_Grass_Patch_03 43.616300 3.069900 69.567180 0.000000 0.000000 0.000000 1.093574 1.093574 1.093574
SM_Grass_Patch_03 42.333100 1.239334 67.312770 0.000000 0.000000 0.000000 0.942995 0.942995 0.942995
SM_Grass_Patch_03 44.305630 1.104408 67.453170 0.000000 0.000000 0.000000 0.904353 0.904353 0.904353
SM_Grass_Patch_03 39.541980 3.415802 67.579760 0.000000 0.000000 0.000000 0.936435 0.936435 0.936435
SM_Grass_Patch_03 42.021770 0.262568 64.819250 0.000000 0.000000 0.000000 0.974947 0.974947 0.974947
SM_Grass_Patch_03 41.673890 2.063030 67.898650 0.000000 0.000000 0.000000 1.096604 1.096604 1.096604
SM_Grass_Patch_03 38.760260 3.195304 65.082310 0.000000 0.000000 0.000000 0.953341 0.953341 0.953341
SM_Grass_Patch_03 41.400870 0.853468 66.201720 0.000000 0.000000 0.000000 0.944815 0.944815 0.944815
SM_Grass_Patch_03 39.380230 1.409763 63.091500 0.000000 0.000000 0.000000 0.956544 0.956544 0.956544
SM_Grass_Patch_03 37.593360 3.483898 62.750800 0.000000 0.000000 0.000000 1.090401 1.090401 1.090401
SM_Grass_Patch_03 37.360630 2.871934 60.713620 0.000000 0.000000 0.000000 0.922962 0.922962 0.922962
SM_Grass_Patch_03 36.678390 3.466436 62.106610 0.000000 0.000000 0.000000 0.926634 0.926634 0.926634
SM_Grass_Patch_03 36.489700 3.010140 60.303920 0.000000 0.000000 0.000000 0.908492 0.908492 0.908492
SM_Grass_Patch_03 40.653790 1.273376 58.509530 0.000000 0.000000 0.000000 1.029036 1.029036 1.029036
SM_Grass_Patch_03 40.209250 0.784103 62.717710 0.000000 0.000000 0.000000 0.975257 0.975257 0.975257
SM_Grass_Patch_03 36.478450 3.901546 63.682750 0.000000 0.000000 0.000000 1.018406 1.018406 1.018406
SM_Grass_Patch_03 40.030910 2.029910 65.966130 0.000000 0.000000 0.000000 1.009436 1.009436 1.009436
SM_Grass_Patch_03 40.684880 1.122166 65.463460 0.000000 0.000000 0.000000 0.932274 0.932274 0.932274
SM_Grass_Patch_03 40.483640 2.351400 67.347600 0.000000 0.000000 0.000000 1.062859 1.062859 1.062859
SM_Grass_Patch_03 40.027920 4.029226 69.960830 0.000000 0.000000 0.000000 1.041200 1.041200 1.041200
SM_Grass_Patch_03 41.656680 3.964630 71.238420 0.000000 0.000000 0.000000 1.044567 1.044567 1.044567
SM_Grass_Patch_03 41.882170 3.729605 69.680170 0.000000 0.000000 0.000000 0.903681 0.903681 0.903681
SM_Grass_Patch_03 43.249060 2.111599 68.442700 0.000000 0.000000 0.000000 1.068620 1.068620 1.068620
SM_Grass_Patch_03 44.802020 1.585935 68.809570 0.000000 0.000000 0.000000 0.999209 0.999209 0.999209
SM_Grass_Patch_03 42.802850 3.908426 70.742940 0.000000 0.000000 0.000000 1.091729 1.091729 1.091729
SM_Grass_Patch_03 38.306530 2.500346 62.153170 0.000000 0.000000 0.000000 1.059627 1.059627 1.059627
SM_Grass_Patch_03 39.969260 1.235588 60.153680 0.000000 0.000000 0.000000 0.903243 0.903243 0.903243
SM_Grass_Patch_03 41.377690 0.837147 60.790250 0.000000 0.000000 0.000000 1.034753 1.034753 1.034753
SM_Grass_Patch_03 35.992050 2.545000 59.021510 0.000000 0.000000 0.000000 1.097897 1.097897 1.097897
SM_Grass_Patch_03 41.938700 0.720917 62.389770 0.000000 0.000000 0.000000 1.092602 1.092602 1.092602
SM_Grass_Patch_03 42.774080 0.793652 59.423850 0.000000 0.000000 0.000000 1.032334 1.032334 1.032334
SM_Grass_Patch_03 41.569790 1.397796 57.589530 0.000000 0.000000 0.000000 0.900764 0.900764 0.900764
SM_Grass_Patch_03 42.389950 1.065521 58.661590 0.000000 0.000000 0.000000 0.901035 0.901035 0.901035
SM_Grass_Patch_03 43.670170 1.153210 56.160350 0.000000 0.000000 0.000000 0.948501 0.948501 0.948501
SM_Grass_Patch_03 45.092060 0.936725 57.732430 0.000000 0.000000 0.000000 1.055827 1.055827 1.055827
SM_Grass_Patch_03 41.882160 1.578835 56.225640 0.000000 0.000000 0.000000 1.011536 1.011536 1.011536
SM_Grass_Patch_03 46.131000 0.735073 57.491290 0.000000 0.000000 0.000000 0.989512 0.989512 0.989512
SM_Grass_Patch_03 43.349120 0.980876 57.673710 0.000000 0.000000 0.000000 0.950402 0.950402 0.950402
SM_Grass_Patch_03 43.464200 1.767860 54.564380 0.000000 0.000000 0.000000 1.038610 1.038610 1.038610
SM_Grass_Patch_03 44.876260 1.564615 54.247820 0.000000 0.000000 0.000000 0.952971 0.952971 0.952971
SM_Grass_Patch_03 44.788680 0.942698 56.936090 0.000000 0.000000 0.000000 0.918581 0.918581 0.918581
SM_Grass_Patch_03 37.214300 1.687696 57.773300 0.000000 0.000000 0.000000 1.052284 1.052284 1.052284
SM_Grass_Patch_03 38.931680 1.814874 57.357940 0.000000 0.000000 0.000000 1.026294 1.026294 1.026294
SM_Grass_Patch_03 42.455920 2.167095 53.028970 0.000000 0.000000 0.000000 1.092220 1.092220 1.092220
SM_Grass_Patch_03 44.293060 2.223616 52.704090 0.000000 0.000000 0.000000 0.907713 0.907713 0.907713
SM_Grass_Patch_03 45.115870 1.244202 55.279520 0.000000 0.000000 0.000000 1.051727 1.051727 1.051727
SM_Grass_Patch_03 45.961650 2.186347 52.523230 0.000000 0.000000 0.000000 0.980325 0.980325 0.980325
SM_Grass_Patch_03 46.506970 1.219038 55.203170 0.000000 0.000000 0.000000 1.086528 1.086528 1.086528
SM_Grass_Patch_03 45.853480 1.767369 53.797460 0.000000 0.000000 0.000000 1.041362 1.041362 1.041362
SM_Grass_Patch_03 43.579240 0.827330 59.169220 0.000000 0.000000 0.000000 1.044700 1.044700 1.044700
SM_Grass_Patch_03 47.550850 0.975630 56.291190 0.000000 0.000000 0.000000 1.036341 1.036341 1.036341
SM_Grass_Patch_03 48.732670 1.023265 56.544270 0.000000 0.000000 0.000000 0.901610 0.901610 0.901610
SM_Grass_Patch_03 47.090740 0.681347 57.192210 0.000000 0.000000 0.000000 1.072646 1.072646 1.072646
SM_Grass_Patch_03 49.748110 1.102107 55.600820 0.000000 0.000000 0.000000 0.969334 0.969334 0.969334
SM_Grass_Patch_03 45.082910 0.361716 59.403760 0.000000 0.000000 0.000000 1.075175 1.075175 1.075175
SM_Grass_Patch_03 49.114510 1.050387 55.151760 0.000000 0.000000 0.000000 1.030439 1.030439 1.030439
SM_Grass_Patch_03 53.986070 1.226484 59.188230 0.000000 0.000000 0.000000 1.099840 1.099840 1.099840
SM_Grass_Patch_03 50.238260 1.077404 59.142570 0.000000 0.000000 0.000000 0.930966 0.930966 0.930966
SM_Grass_Patch_03 51.755070 1.208570 59.713110 0.000000 0.000000 0.000000 0.967510 0.967510 0.967510
SM_Grass_Patch_03 49.935870 0.464540 59.987430 0.000000 0.000000 0.000000 0.968430 0.968430 0.968430
SM_Grass_Patch_03 52.299610 1.281816 59.174030 0.000000 0.000000 0.000000 0.987728 0.987728 0.987728
SM_Grass_Patch_03 51.928580 1.180810 56.874500 0.000000 0.000000 0.000000 1.048555 1.048555 1.048555
SM_Grass_Patch_03 49.568820 1.109360 58.252950 0.000000 0.000000 0.000000 0.945308 0.945308 0.945308
SM_Grass_Patch_03 53.040100 0.761828 64.268300 0.000000 0.000000 0.000000 1.067562 1.067562 1.067562
SM_Grass_Patch_03 52.388870 1.031233 62.281910 0.000000 0.000000 0.000000 0.962340 0.962340 0.962340
SM_Grass_Patch_03 56.329160 1.197577 61.750090 0.000000 0.000000 0.000000 1.015067 1.015067 1.015067
SM_Grass_Patch_03 56.971780 1.021082 64.881000 0.000000 0.000000 0.000000 1.006803 1.006803 1.006803
SM_Grass_Patch_03 54.719160 1.193571 64.350140 0.000000 0.000000 0.000000 1.079289 1.079289 1.079289
SM_Grass_Patch_03 55.988140 1.109066 66.233670 0.000000 0.000000 0.000000 1.076130 1.076130 1.076130
SM_Grass_Patch_03 54.745830 1.095424 65.200580 0.000000 0.000000 0.000000 0.932815 0.932815 0.932815
SM_Grass_Patch_03 57.532820 0.994776 63.895380 0.000000 0.000000 0.000000 0.941182 0.941182 0.941182
SM_Grass_Patch_03 55.109540 0.385369 67.797450 0.000000 0.000000 0.000000 0.957474 0.957474 0.957474
SM_Grass_Patch_03 55.982210 0.462280 68.225680 0.000000 0.000000 0.000000 0.936183 0.936183 0.936183
SM_Grass_Patch_03 56.680190 0.359725 69.202410 0.000000 0.000000 0.000000 1.016120 1.016120 1.016120
SM_Grass_Patch_03 26.159520 3.428122 49.026970 0.000000 0.000000 0.000000 1.054115 1.054115 1.054115
SM_Grass_Patch_03 27.482680 3.387658 50.158910 0.000000 0.000000 0.000000 1.085397 1.085397 1.085397
SM_Grass_Patch_03 28.807850 3.835161 47.131670 0.000000 0.000000 0.000000 1.004053 1.004053 1.004053
SM_Grass_Patch_03 31.789060 3.387658 49.037240 0.000000 0.000000 0.000000 1.065116 1.065116 1.065116
SM_Grass_Patch_03 32.189130 3.222853 51.974220 0.000000 0.000000 0.000000 0.928294 0.928294 0.928294
SM_Grass_Patch_03 29.999950 3.387658 52.067420 0.000000 0.000000 0.000000 1.081919 1.081919 1.081919
SM_Grass_Patch_03 33.471840 3.336801 50.356060 0.000000 0.000000 0.000000 0.988576 0.988576 0.988576
SM_Grass_Patch_03 30.515750 3.387658 52.960440 0.000000 0.000000 0.000000 0.969863 0.969863 0.969863
SM_Grass_Patch_03 29.861460 3.387658 53.620340 0.000000 0.000000 0.000000 0.910268 0.910268 0.910268
SM_Grass_Patch_03 32.993840 3.312741 54.346500 0.000000 0.000000 0.000000 0.991407 0.991407 0.991407
SM_Grass_Patch_03 35.716590 2.961658 55.429820 0.000000 0.000000 0.000000 1.017232 1.017232 1.017232
SM_Grass_Patch_03 33.653350 3.420331 56.004910 0.000000 0.000000 0.000000 1.098284 1.098284 1.098284
SM_Grass_Patch_03 33.718460 3.373903 54.578050 0.000000 0.000000 0.000000 1.024278 1.024278 1.024278
SM_Grass_Patch_03 32.317960 3.352633 55.628560 0.000000 0.000000 0.000000 1.082914 1.082914 1.082914
SM_Grass_Patch_03 36.101960 3.240215 54.429750 0.000000 0.000000 0.000000 0.963740 0.963740 0.963740
SM_Grass_Patch_03 35.117700 3.279248 53.678100 0.000000 0.000000 0.000000 0.988715 0.988715 0.988715
SM_Grass_Patch_03 34.460490 3.325686 54.423100 0.000000 0.000000 0.000000 0.996816 0.996816 0.996816
SM_Grass_Patch_03 34.393950 3.149288 57.631690 0.000000 0.000000 0.000000 0.987611 0.987611 0.987611
SM_Grass_Patch_03 34.203120 3.391929 58.483620 0.000000 0.000000 0.000000 1.001236 1.001236 1.001236
SM_Grass_Patch_03 34.794490 3.741400 60.312900 0.000000 0.000000 0.000000 0.934110 0.934110 0.934110
SM_Grass_Patch_03 35.511140 3.467026 60.806450 0.000000 0.000000 0.000000 1.084029 1.084029 1.084029
SM_Grass_Patch_03 29.324180 3.657148 48.587170 0.000000 0.000000 0.000000 0.967470 0.967470 0.967470
SM_Grass_Patch_03 27.289030 3.467574 48.380590 0.000000 0.000000 0.000000 1.048888 1.048888 1.048888
SM_Grass_Patch_03 26.280320 3.534215 47.184910 0.000000 0.000000 0.000000 1.022794 1.022794 1.022794
SM_Grass_Patch_03 29.823410 3.626078 44.366400 0.000000 0.000000 0.000000 1.033935 1.033935 1.033935
SM_Grass_Patch_03 30.033000 3.495594 46.498890 0.000000 0.000000 0.000000 0.927746 0.927746 0.927746
SM_Grass_Patch_03 29.157000 3.606755 43.787260 0.000000 0.000000 0.000000 1.027685 1.027685 1.027685
SM_Grass_Patch_03 28.187410 3.648067 43.430860 0.000000 0.000000 0.000000 0.991714 0.991714 0.991714
SM_Grass_Patch_03 27.112180 3.646318 42.755240 0.000000 0.000000 0.000000 0.961056 0.961056 0.961056
SM_Grass_Patch_03 24.477800 3.465237 42.026440 0.000000 0.000000 0.000000 0.950701 0.950701 0.950701
SM_Grass_Patch_03 28.318710 3.596047 41.572530 0.000000 0.000000 0.000000 0.955506 0.955506 0.955506
SM_Grass_Patch_03 27.164220 3.395828 40.567310 0.000000 0.000000 0.000000 0.955515 0.955515 0.955515
SM_Grass_Patch_03 24.324950 2.450830 39.619530 0.000000 0.000000 0.000000 0.920420 0.920420 0.920420
SM_Grass_Patch_03 22.985820 3.229977 41.171610 0.000000 0.000000 0.000000 0.991421 0.991421 0.991421
SM_Grass_Patch_03 22.319790 3.387658 41.729370 0.000000 0.000000 0.000000 0.982887 0.982887 0.982887
SM_Grass_Patch_03 21.352810 3.388646 40.920640 0.000000 0.000000 0.000000 0.903488 0.903488 0.903488
SM_Grass_Patch_03 21.169170 3.138672 38.188710 0.000000 0.000000 0.000000 1.097538 1.097538 1.097538
SM_Grass_Patch_03 26.121270 3.263979 39.592030 0.000000 0.000000 0.000000 0.975830 0.975830 0.975830
SM_Grass_Patch_03 22.087710 2.855684 38.334870 0.000000 0.000000 0.000000 0.998818 0.998818 0.998818
SM_Grass_Patch_03 22.577280 3.044647 39.749960 0.000000 0.000000 0.000000 1.017379 1.017379 1.017379
SM_Grass_Patch_03 22.093720 3.293074 36.638880 0.000000 0.000000 0.000000 1.067842 1.067842 1.067842
SM_Grass_Patch_03 23.841160 2.955104 35.325330 0.000000 0.000000 0.000000 0.930483 0.930483 0.930483
SM_Grass_Patch_03 24.781260 3.041987 36.256400 0.000000 0.000000 0.000000 1.052112 1.052112 1.052112
SM_Grass_Patch_03 20.261590 3.958124 36.563510 0.000000 0.000000 0.000000 1.048794 1.048794 1.048794
SM_Grass_Patch_03 22.217610 3.281317 32.962320 0.000000 0.000000 0.000000 1.076226 1.076226 1.076226
SM_Grass_Patch_03 19.168580 3.893537 35.396330 0.000000 0.000000 0.000000 0.990001 0.990001 0.990001
SM_Grass_Patch_03 21.015830 3.987987 35.658350 0.000000 0.000000 0.000000 0.924846 0.924846 0.924846
SM_Grass_Patch_03 21.165330 3.489258 31.635110 0.000000 0.000000 0.000000 0.903150 0.903150 0.903150
SM_Grass_Patch_03 19.173430 3.795820 34.062470 0.000000 0.000000 0.000000 1.072980 1.072980 1.072980
SM_Grass_Patch_03 21.217050 3.708332 34.081320 0.000000 0.000000 0.000000 0.904185 0.904185 0.904185
SM_Grass_Patch_03 20.010500 3.533307 32.514410 0.000000 0.000000 0.000000 1.050995 1.050995 1.050995
SM_Grass_Patch_03 19.256760 3.387658 28.805580 0.000000 0.000000 0.000000 0.914360 0.914360 0.914360
SM_Grass_Patch_03 16.840330 4.213714 32.156010 0.000000 0.000000 0.000000 1.015177 1.015177 1.015177
SM_Grass_Patch_03 18.811080 3.387658 30.229520 0.000000 0.000000 0.000000 1.046085 1.046085 1.046085
SM_Grass_Patch_03 18.271580 3.394085 28.722580 0.000000 0.000000 0.000000 0.985175 0.985175 0.985175
SM_Grass_Patch_03 15.438300 4.156769 28.686920 0.000000 0.000000 0.000000 0.957082 0.957082 0.957082
SM_Grass_Patch_03 17.107730 3.985106 27.485140 0.000000 0.000000 0.000000 0.952645 0.952645 0.952645
SM_Grass_Patch_03 16.254170 4.176766 27.789600 0.000000 0.000000 0.000000 0.947784 0.947784 0.947784
SM_Grass_Patch_03 15.879570 3.974965 29.381170 0.000000 0.000000 0.000000 0.947059 0.947059 0.947059
SM_Grass_Patch_03 16.122570 4.156748 25.961370 0.000000 0.000000 0.000000 1.062500 1.062500 1.062500
SM_Grass_Patch_03 14.877700 4.156748 26.096870 0.000000 0.000000 0.000000 0.916098 0.916098 0.916098
SM_Grass_Patch_03 15.118470 4.156748 25.183240 0.000000 0.000000 0.000000 1.005072 1.005072 1.005072
SM_Grass_Patch_03 13.155710 4.227355 25.308910 0.000000 0.000000 0.000000 0.919445 0.919445 0.919445
SM_Grass_Patch_03 13.867990 4.204769 23.679710 0.000000 0.000000 0.000000 1.003278 1.003278 1.003278
SM_Grass_Patch_03 12.661330 4.156748 24.711970 0.000000 0.000000 0.000000 1.060881 1.060881 1.060881
SM_Grass_Patch_03 15.308020 4.156748 24.357810 0.000000 0.000000 0.000000 1.048330 1.048330 1.048330
SM_Grass_Patch_03 13.046040 4.180171 23.929250 0.000000 0.000000 0.000000 0.957933 0.957933 0.957933
SM_Grass_Patch_03 13.848740 4.287598 26.215260 0.000000 0.000000 0.000000 0.947944 0.947944 0.947944
SM_Grass_Patch_03 11.120810 4.337652 23.787750 0.000000 0.000000 0.000000 1.024638 1.024638 1.024638
SM_Grass_Patch_03 11.708480 4.295079 22.097310 0.000000 0.000000 0.000000 0.933465 0.933465 0.933465
SM_Grass_Patch_03 11.954740 4.269920 23.454420 0.000000 0.000000 0.000000 1.006810 1.006810 1.006810
SM_Grass_Patch_03 9.478512 4.479592 24.121210 0.000000 0.000000 0.000000 1.065787 1.065787 1.065787
SM_Grass_Patch_03 11.090500 4.320570 24.551270 0.000000 0.000000 0.000000 1.027448 1.027448 1.027448
SM_Grass_Patch_03 13.045150 4.161427 22.253790 0.000000 0.000000 0.000000 0.940288 0.940288 0.940288
SM_Grass_Patch_03 10.364560 4.285543 20.930570 0.000000 0.000000 0.000000 0.922322 0.922322 0.922322
SM_Grass_Patch_03 9.344704 4.539639 22.422390 0.000000 0.000000 0.000000 1.098625 1.098625 1.098625
SM_Grass_Patch_03 10.832070 4.420670 21.937590 0.000000 0.000000 0.000000 0.960630 0.960630 0.960630
SM_Grass_Patch_03 16.812140 4.197055 34.046990 0.000000 0.000000 0.000000 0.903330 0.903330 0.903330
SM_Grass_Patch_03 20.552250 3.922569 34.575720 0.000000 0.000000 0.000000 0.967244 0.967244 0.967244
SM_Grass_Patch_03 20.767630 3.556564 32.430000 0.000000 0.000000 0.000000 0.915423 0.915423 0.915423
SM_Grass_Patch_03 28.585370 3.714339 45.443900 0.000000 0.000000 0.000000 1.036976 1.036976 1.036976
SM_Grass_Patch_03 31.511230 3.378106 46.904900 0.000000 0.000000 0.000000 1.024730 1.024730 1.024730
SM_Grass_Patch_03 30.772950 3.377246 46.279720 0.000000 0.000000 0.000000 1.056741 1.056741 1.056741
SM_Grass_Patch_03 32.506690 3.387658 48.761750 0.000000 0.000000 0.000000 0.925492 0.925492 0.925492
SM_Grass_Patch_03 33.338980 3.387658 49.570100 0.000000 0.000000 0.000000 0.988209 0.988209 0.988209
SM_Grass_Patch_03 27.310420 3.387658 51.745510 0.000000 0.000000 0.000000 1.024402 1.024402 1.024402
SM_Grass_Patch_03 28.788730 3.387658 54.636990 0.000000 0.000000 0.000000 1.036464 1.036464 1.036464
SM_Grass_Patch_03 28.425120 3.387658 53.630560 0.000000 0.000000 0.000000 1.025597 1.025597 1.025597
SM_Grass_Patch_03 21.974830 3.387658 47.377570 0.000000 0.000000 0.000000 1.019232 1.019232 1.019232
SM_Grass_Patch_03 24.238410 3.387658 49.358530 0.000000 0.000000 0.000000 0.966126 0.966126 0.966126
SM_Grass_Patch_03 20.259140 3.387658 47.514130 0.000000 0.000000 0.000000 0.960587 0.960587 0.960587
SM_Grass_Patch_03 20.671940 3.387658 48.541050 0.000000 0.000000 0.000000 0.936523 0.936523 0.936523
SM_Grass_Patch_03 22.907790 3.409994 46.191380 0.000000 0.000000 0.000000 1.063743 1.063743 1.063743
SM_Grass_Patch_03 21.425630 3.387658 45.280150 0.000000 0.000000 0.000000 1.052698 1.052698 1.052698
SM_Grass_Patch_03 25.209520 3.552497 44.264300 0.000000 0.000000 0.000000 0.938543 0.938543 0.938543
SM_Grass_Patch_03 23.908240 3.515840 45.837370 0.000000 0.000000 0.000000 0.978588 0.978588 0.978588
SM_Grass_Patch_03 24.802150 3.387658 47.134400 0.000000 0.000000 0.000000 1.093309 1.093309 1.093309
SM_Grass_Patch_03 26.965500 3.457288 45.508820 0.000000 0.000000 0.000000 1.074939 1.074939 1.074939
SM_Grass_Patch_03 22.729100 3.461226 45.119110 0.000000 0.000000 0.000000 0.964080 0.964080 0.964080
SM_Grass_Patch_03 22.213480 3.497573 34.919820 0.000000 0.000000 0.000000 1.062766 1.062766 1.062766
SM_Grass_Patch_03 20.270670 3.573992 38.336360 0.000000 0.000000 0.000000 0.924878 0.924878 0.924878
SM_Grass_Patch_03 14.817150 4.324338 33.130670 0.000000 0.000000 0.000000 1.051717 1.051717 1.051717
SM_Grass_Patch_03 18.124000 3.895758 36.620390 0.000000 0.000000 0.000000 0.988093 0.988093 0.988093
SM_Grass_Patch_03 16.460210 4.211683 39.138520 0.000000 0.000000 0.000000 0.952927 0.952927 0.952927
SM_Grass_Patch_03 17.898930 3.855251 41.089140 0.000000 0.000000 0.000000 0.978209 0.978209 0.978209
SM_Grass_Patch_03 20.352590 3.387658 44.496080 0.000000 0.000000 0.000000 1.075600 1.075600 1.075600
SM_Grass_Patch_03 21.745930 3.387658 49.356660 0.000000 0.000000 0.000000 1.085338 1.085338 1.085338
SM_Grass_Patch_03 36.670270 2.524269 32.971780 0.000000 0.000000 0.000000 0.987113 0.987113 0.987113
SM_Grass_Patch_03 36.908260 2.991526 31.661920 0.000000 0.000000 0.000000 0.926645 0.926645 0.926645
SM_Grass_Patch_03 39.302000 4.250791 32.203220 0.000000 0.000000 0.000000 0.931440 0.931440 0.931440
SM_Grass_Patch_03 35.490640 2.834318 33.009170 0.000000 0.000000 0.000000 1.025231 1.025231 1.025231
SM_Grass_Patch_03 38.971590 3.994287 30.695500 0.000000 0.000000 0.000000 0.967271 0.967271 0.967271
SM_Grass_Patch_03 38.673150 3.866729 33.573830 0.000000 0.000000 0.000000 0.985733 0.985733 0.985733
SM_Grass_Patch_03 37.655760 4.038584 29.669360 0.000000 0.000000 0.000000 1.058913 1.058913 1.058913
SM_Grass_Patch_03 35.126790 3.635879 29.817520 0.000000 0.000000 0.000000 0.949246 0.949246 0.949246
SM_Grass_Patch_03 37.124380 3.602767 30.364310 0.000000 0.000000 0.000000 1.087617 1.087617 1.087617
SM_Grass_Patch_03 34.182770 3.761846 29.932120 0.000000 0.000000 0.000000 1.094967 1.094967 1.094967
SM_Grass_Patch_03 37.845520 3.604830 31.312750 0.000000 0.000000 0.000000 1.020325 1.020325 1.020325
SM_Grass_Patch_03 34.882060 3.781043 28.009860 0.000000 0.000000 0.000000 0.904632 0.904632 0.904632
SM_Grass_Patch_03 35.843030 3.603112 28.361270 0.000000 0.000000 0.000000 1.059691 1.059691 1.059691
SM_Grass_Patch_03 34.539960 4.010720 26.484760 0.000000 0.000000 0.000000 0.991426 0.991426 0.991426
SM_Grass_Patch_03 33.260550 3.762711 28.757480 0.000000 0.000000 0.000000 0.980463 0.980463 0.980463
SM_Grass_Patch_03 32.932840 3.613534 27.484380 0.000000 0.000000 0.000000 1.012101 1.012101 1.012101
SM_Grass_Patch_03 31.171310 3.319854 25.717880 0.000000 0.000000 0.000000 0.957026 0.957026 0.957026
SM_Grass_Patch_03 32.524090 3.686558 22.794920 0.000000 0.000000 0.000000 0.924332 0.924332 0.924332
SM_Grass_Patch_03 30.558180 3.715302 22.256710 0.000000 0.000000 0.000000 0.957079 0.957079 0.957079
SM_Grass_Patch_03 33.594750 4.211683 20.380760 0.000000 0.000000 0.000000 1.073224 1.073224 1.073224
SM_Grass_Patch_03 32.663970 3.890487 21.974370 0.000000 0.000000 0.000000 0.960295 0.960295 0.960295
SM_Grass_Patch_03 32.405210 4.182228 18.655780 0.000000 0.000000 0.000000 1.035655 1.035655 1.035655
SM_Grass_Patch_03 31.658960 4.193371 16.697450 0.000000 0.000000 0.000000 0.938180 0.938180 0.938180
SM_Grass_Patch_03 30.220340 3.845449 20.540830 0.000000 0.000000 0.000000 1.031709 1.031709 1.031709
SM_Grass_Patch_03 29.116630 3.518054 23.117440 0.000000 0.000000 0.000000 1.049056 1.049056 1.049056
SM_Grass_Patch_03 35.742380 3.020525 35.992740 0.000000 0.000000 0.000000 1.016849 1.016849 1.016849
SM_Grass_Patch_03 37.181340 3.112197 35.870830 0.000000 0.000000 0.000000 1.058424 1.058424 1.058424
SM_Grass_Patch_03 38.824330 4.201191 36.875010 0.000000 0.000000 0.000000 0.978127 0.978127 0.978127
SM_Grass_Patch_03 37.607340 3.354569 36.979210 0.000000 0.000000 0.000000 0.938123 0.938123 0.938123
SM_Grass_Patch_03 35.913030 3.218250 37.071210 0.000000 0.000000 0.000000 1.042249 1.042249 1.042249
SM_Grass_Patch_03 40.311280 3.864048 33.353010 0.000000 0.000000 0.000000 0.967612 0.967612 0.967612
SM_Grass_Patch_03 39.462980 4.254468 28.692240 0.000000 0.000000 0.000000 0.993505 0.993505 0.993505
SM_Grass_Patch_03 38.312150 3.943454 27.785000 0.000000 0.000000 0.000000 1.009464 1.009464 1.009464
SM_Grass_Patch_03 37.617650 4.147761 26.094270 0.000000 0.000000 0.000000 1.073637 1.073637 1.073637
SM_Grass_Patch_03 38.843900 4.074302 25.742630 0.000000 0.000000 0.000000 1.025108 1.025108 1.025108
SM_Grass_Patch_03 39.427410 3.663534 21.845060 0.000000 0.000000 0.000000 0.965938 0.965938 0.965938
SM_Grass_Patch_03 34.263260 3.491421 38.920560 0.000000 0.000000 0.000000 1.076669 1.076669 1.076669
SM_Grass_Patch_03 36.839910 3.522330 38.504750 0.000000 0.000000 0.000000 0.994935 0.994935 0.994935
SM_Grass_Patch_03 33.307650 3.442593 37.444310 0.000000 0.000000 0.000000 0.977424 0.977424 0.977424
SM_Grass_Patch_03 34.372070 3.093983 35.203290 0.000000 0.000000 0.000000 0.981104 0.981104 0.981104
SM_Grass_Patch_03 35.264340 3.920124 26.995120 0.000000 0.000000 0.000000 0.999011 0.999011 0.999011
SM_Grass_Patch_03 32.214370 3.659246 29.583790 0.000000 0.000000 0.000000 0.999261 0.999261 0.999261
SM_Grass_Patch_03 32.983580 3.759121 23.694250 0.000000 0.000000 0.000000 1.018406 1.018406 1.018406
SM_Grass_Patch_03 30.526750 3.276644 23.932090 0.000000 0.000000 0.000000 0.964367 0.964367 0.964367
SM_Grass_Patch_03 29.763840 3.291626 24.942900 0.000000 0.000000 0.000000 1.083861 1.083861 1.083861
SM_Grass_Patch_03 31.031270 3.859797 20.348980 0.000000 0.000000 0.000000 0.931532 0.931532 0.931532
SM_Grass_Patch_03 28.758710 3.845449 20.921080 0.000000 0.000000 0.000000 1.001161 1.001161 1.001161
SM_Grass_Patch_03 23.082450 3.493484 43.893760 0.000000 0.000000 0.000000 1.077510 1.077510 1.077510
SM_Grass_Patch_03 18.918990 3.914720 39.776990 0.000000 0.000000 0.000000 0.981013 0.981013 0.981013
SM_Grass_Patch_03 19.782050 3.462201 41.256740 0.000000 0.000000 0.000000 1.091156 1.091156 1.091156
SM_Grass_Patch_03 17.882350 4.101763 40.242860 0.000000 0.000000 0.000000 0.997091 0.997091 0.997091
SM_Grass_Patch_03 15.275980 3.852841 37.240400 0.000000 0.000000 0.000000 1.068497 1.068497 1.068497
SM_Grass_Patch_03 16.125530 4.207377 38.364020 0.000000 0.000000 0.000000 1.094935 1.094935 1.094935
SM_Grass_Patch_03 13.546390 3.432145 38.775300 0.000000 0.000000 0.000000 0.968295 0.968295 0.968295
SM_Grass_Patch_03 13.747680 4.472716 34.349210 0.000000 0.000000 0.000000 0.945627 0.945627 0.945627
SM_Grass_Patch_03 12.754550 3.387658 37.490280 0.000000 0.000000 0.000000 1.041396 1.041396 1.041396
SM_Grass_Patch_03 11.507330 3.446892 36.530360 0.000000 0.000000 0.000000 0.942303 0.942303 0.942303
SM_Grass_Patch_03 10.783020 4.311604 34.071920 0.000000 0.000000 0.000000 1.031297 1.031297 1.031297
SM_Grass_Patch_03 10.212930 3.663725 35.500760 0.000000 0.000000 0.000000 1.012477 1.012477 1.012477
SM_Grass_Patch_03 12.566170 4.552001 33.945920 0.000000 0.000000 0.000000 0.990345 0.990345 0.990345
SM_Grass_Patch_03 10.995600 4.415621 33.119910 0.000000 0.000000 0.000000 0.912726 0.912726 0.912726
SM_Grass_Patch_03 8.113712 3.509260 35.123570 0.000000 0.000000 0.000000 0.967297 0.967297 0.967297
SM_Grass_Patch_03 8.924942 3.896984 33.811550 0.000000 0.000000 0.000000 0.955677 0.955677 0.955677
SM_Grass_Patch_03 8.007793 3.405878 36.564070 0.000000 0.000000 0.000000 1.028713 1.028713 1.028713
SM_Grass_Patch_03 7.485809 3.796384 33.170990 0.000000 0.000000 0.000000 0.984203 0.984203 0.984203
SM_Grass_Patch_03 9.633244 4.396753 32.485400 0.000000 0.000000 0.000000 0.937754 0.937754 0.937754
SM_Grass_Patch_03 9.888790 3.415721 36.395820 0.000000 0.000000 0.000000 1.003044 1.003044 1.003044
SM_Grass_Patch_03 8.617443 3.445306 35.711260 0.000000 0.000000 0.000000 1.045032 1.045032 1.045032
SM_Grass_Patch_03 8.517666 4.422051 31.802600 0.000000 0.000000 0.000000 0.998798 0.998798 0.998798
SM_Grass_Patch_03 7.375912 3.945184 32.357110 0.000000 0.000000 0.000000 0.951454 0.951454 0.951454
SM_Grass_Patch_03 8.168900 3.847336 33.533550 0.000000 0.000000 0.000000 1.056095 1.056095 1.056095
SM_Grass_Patch_03 11.365050 3.709353 35.759070 0.000000 0.000000 0.000000 1.013575 1.013575 1.013575
SM_Grass_Patch_03 8.738102 3.387658 37.255020 0.000000 0.000000 0.000000 0.974616 0.974616 0.974616
SM_Grass_Patch_03 11.032540 3.387658 37.157240 0.000000 0.000000 0.000000 0.930231 0.930231 0.930231
SM_Grass_Patch_03 7.171345 4.512738 29.422010 0.000000 0.000000 0.000000 1.002331 1.002331 1.002331
SM_Grass_Patch_03 7.560261 4.347583 30.156800 0.000000 0.000000 0.000000 0.989303 0.989303 0.989303
SM_Grass_Patch_03 5.987835 3.874546 29.847760 0.000000 0.000000 0.000000 1.021806 1.021806 1.021806
SM_Grass_Patch_03 9.122303 4.789681 29.736480 0.000000 0.000000 0.000000 0.965175 0.965175 0.965175
SM_Grass_Patch_03 5.548450 4.249873 27.850620 0.000000 0.000000 0.000000 0.977626 0.977626 0.977626
SM_Grass_Patch_03 3.910892 3.782102 28.485360 0.000000 0.000000 0.000000 0.917280 0.917280 0.917280
SM_Grass_Patch_03 6.119602 4.406532 27.313470 0.000000 0.000000 0.000000 0.986353 0.986353 0.986353
SM_Grass_Patch_03 7.808056 4.293445 27.049420 0.000000 0.000000 0.000000 1.036270 1.036270 1.036270
SM_Grass_Patch_03 3.742386 3.869503 27.691670 0.000000 0.000000 0.000000 1.001822 1.001822 1.001822
SM_Grass_Patch_03 4.584286 4.178415 26.535290 0.000000 0.000000 0.000000 0.936833 0.936833 0.936833
SM_Grass_Patch_03 3.216583 3.806614 26.631140 0.000000 0.000000 0.000000 0.936423 0.936423 0.936423
SM_Grass_Patch_03 3.246716 3.736224 25.002750 0.000000 0.000000 0.000000 1.001783 1.001783 1.001783
SM_Grass_Patch_03 2.254124 3.735579 24.647540 0.000000 0.000000 0.000000 1.001394 1.001394 1.001394
SM_Grass_Patch_03 3.253742 3.735579 24.060750 0.000000 0.000000 0.000000 0.932202 0.932202 0.932202
SM_Grass_Patch_03 0.706146 3.675237 23.530250 0.000000 0.000000 0.000000 1.089572 1.089572 1.089572
SM_Grass_Patch_03 4.292591 4.103378 25.186740 0.000000 0.000000 0.000000 0.937343 0.937343 0.937343
SM_Grass_Patch_03 0.991337 3.705974 22.689210 0.000000 0.000000 0.000000 0.937830 0.937830 0.937830
SM_Grass_Patch_03 0.727570 3.511802 21.094590 0.000000 0.000000 0.000000 0.988004 0.988004 0.988004
SM_Grass_Patch_03 4.134716 3.810895 21.671630 0.000000 0.000000 0.000000 1.091056 1.091056 1.091056
SM_Grass_Patch_03 0.039043 3.458848 21.839910 0.000000 0.000000 0.000000 1.089897 1.089897 1.089897
SM_Grass_Patch_03 0.381825 3.387658 20.384740 0.000000 0.000000 0.000000 0.955059 0.955059 0.955059
SM_Grass_Patch_03 1.023891 3.735579 18.799790 0.000000 0.000000 0.000000 0.974201 0.974201 0.974201
SM_Grass_Patch_03 0.550785 3.477873 19.607350 0.000000 0.000000 0.000000 0.947847 0.947847 0.947847
SM_Grass_Patch_03 1.472881 3.730328 17.772630 0.000000 0.000000 0.000000 1.090191 1.090191 1.090191
SM_Grass_Patch_03 0.957668 3.666274 21.901910 0.000000 0.000000 0.000000 0.969522 0.969522 0.969522
SM_Grass_Patch_03 2.734291 3.753891 17.878150 0.000000 0.000000 0.000000 1.048317 1.048317 1.048317
SM_Grass_Patch_03 0.034016 3.503508 18.270840 0.000000 0.000000 0.000000 0.910375 0.910375 0.910375
SM_Grass_Patch_03 2.534035 3.753891 20.127240 0.000000 0.000000 0.000000 0.934911 0.934911 0.934911
SM_Grass_Patch_03 0.000271 3.479763 17.196550 0.000000 0.000000 0.000000 0.996880 0.996880 0.996880
SM_Grass_Patch_03 1.713715 3.735579 16.740850 0.000000 0.000000 0.000000 0.955473 0.955473 0.955473
SM_Grass_Patch_03 2.317184 3.753891 16.123680 0.000000 0.000000 0.000000 0.953749 0.953749 0.953749
SM_Grass_Patch_03 3.997059 3.753891 17.323260 0.000000 0.000000 0.000000 1.013326 1.013326 1.013326
SM_Grass_Patch_03 4.259144 3.788460 19.736280 0.000000 0.000000 0.000000 1.098382 1.098382 1.098382
SM_Grass_Patch_03 2.490414 3.753891 16.942680 0.000000 0.000000 0.000000 1.047945 1.047945 1.047945
SM_Grass_Patch_03 5.421051 3.768245 17.269150 0.000000 0.000000 0.000000 0.982524 0.982524 0.982524
SM_Grass_Patch_03 4.132401 3.753891 16.492360 0.000000 0.000000 0.000000 1.028010 1.028010 1.028010
SM_Grass_Patch_03 6.154453 4.003122 20.694380 0.000000 0.000000 0.000000 0.952111 0.952111 0.952111
SM_Grass_Patch_03 4.942020 3.795851 18.363690 0.000000 0.000000 0.000000 0.984681 0.984681 0.984681
SM_Grass_Patch_03 8.886154 4.298490 21.616820 0.000000 0.000000 0.000000 0.955813 0.955813 0.955813
SM_Grass_Patch_03 7.798607 4.134352 21.543900 0.000000 0.000000 0.000000 1.059902 1.059902 1.059902
SM_Grass_Patch_03 10.082150 4.611030 26.458460 0.000000 0.000000 0.000000 0.953910 0.953910 0.953910
SM_Grass_Patch_03 9.401634 4.641248 26.790400 0.000000 0.000000 0.000000 0.965702 0.965702 0.965702
SM_Grass_Patch_03 10.645080 4.427522 27.615450 0.000000 0.000000 0.000000 0.996264 0.996264 0.996264
SM_Grass_Patch_03 11.022750 4.140689 20.535100 0.000000 0.000000 0.000000 0.963450 0.963450 0.963450
SM_Grass_Patch_03 9.554111 4.219637 21.039650 0.000000 0.000000 0.000000 0.956187 0.956187 0.956187
SM_Grass_Patch_03 7.990025 4.021960 20.736580 0.000000 0.000000 0.000000 1.023037 1.023037 1.023037
SM_Grass_Patch_03 10.500290 3.801327 19.186310 0.000000 0.000000 0.000000 1.058164 1.058164 1.058164
SM_Grass_Patch_03 8.747242 3.967566 19.965500 0.000000 0.000000 0.000000 0.933629 0.933629 0.933629
SM_Grass_Patch_03 14.443810 4.118760 21.968260 0.000000 0.000000 0.000000 1.026615 1.026615 1.026615
SM_Grass_Patch_03 12.462230 4.303241 26.684290 0.000000 0.000000 0.000000 1.021482 1.021482 1.021482
SM_Grass_Patch_03 17.343290 4.002307 25.106760 0.000000 0.000000 0.000000 0.990248 0.990248 0.990248
SM_Grass_Patch_03 18.634050 3.474493 26.681600 0.000000 0.000000 0.000000 1.010982 1.010982 1.010982
SM_Grass_Patch_03 7.765644 4.590959 24.597680 0.000000 0.000000 0.000000 0.987765 0.987765 0.987765
SM_Grass_Patch_03 5.705536 3.822984 18.031950 0.000000 0.000000 0.000000 0.916238 0.916238 0.916238
SM_Grass_Patch_03 7.690830 3.874934 18.003170 0.000000 0.000000 0.000000 1.095223 1.095223 1.095223
SM_Grass_Patch_03 7.215656 3.940985 19.619630 0.000000 0.000000 0.000000 0.909670 0.909670 0.909670
SM_Grass_Patch_03 6.136803 3.753891 14.106610 0.000000 0.000000 0.000000 1.091876 1.091876 1.091876
SM_Grass_Patch_03 4.118938 3.753891 12.285780 0.000000 0.000000 0.000000 1.017800 1.017800 1.017800
SM_Grass_Patch_03 7.690464 3.753891 11.913270 0.000000 0.000000 0.000000 0.995387 0.995387 0.995387
SM_Grass_Patch_03 6.011742 3.753891 10.284870 0.000000 0.000000 0.000000 0.977472 0.977472 0.977472
SM_Grass_Patch_03 7.254971 3.648523 8.350279 0.000000 0.000000 0.000000 0.947586 0.947586 0.947586
SM_Grass_Patch_03 6.674355 3.443199 6.679531 0.000000 0.000000 0.000000 1.018077 1.018077 1.018077
SM_Grass_Patch_03 5.802814 3.471850 6.475700 0.000000 0.000000 0.000000 1.069283 1.069283 1.069283
SM_Grass_Patch_03 4.452976 3.653843 7.444283 0.000000 0.000000 0.000000 1.023911 1.023911 1.023911
SM_Grass_Patch_03 7.500877 3.425098 7.204071 0.000000 0.000000 0.000000 1.085881 1.085881 1.085881
SM_Grass_Patch_03 3.800678 3.525480 6.988842 0.000000 0.000000 0.000000 1.074135 1.074135 1.074135
SM_Grass_Patch_03 4.988235 3.486265 6.370285 0.000000 0.000000 0.000000 0.949496 0.949496 0.949496
SM_Grass_Patch_03 5.301334 3.408599 5.636269 0.000000 0.000000 0.000000 1.054517 1.054517 1.054517
SM_Grass_Patch_03 6.920265 3.403317 5.968243 0.000000 0.000000 0.000000 1.007539 1.007539 1.007539
SM_Grass_Patch_03 4.199303 3.467529 6.287685 0.000000 0.000000 0.000000 0.992145 0.992145 0.992145
SM_Grass_Patch_03 4.729504 3.753891 10.322190 0.000000 0.000000 0.000000 1.012660 1.012660 1.012660
SM_Grass_Patch_03 8.791771 3.387658 7.544537 0.000000 0.000000 0.000000 1.045177 1.045177 1.045177
SM_Grass_Patch_03 9.329281 3.641784 12.372560 0.000000 0.000000 0.000000 1.080370 1.080370 1.080370
SM_Grass_Patch_03 8.953053 3.753891 14.223260 0.000000 0.000000 0.000000 0.917723 0.917723 0.917723
SM_Grass_Patch_03 12.366120 3.387658 12.617090 0.000000 0.000000 0.000000 0.990959 0.990959 0.990959
SM_Grass_Patch_03 10.707550 3.474379 13.894810 0.000000 0.000000 0.000000 1.087696 1.087696 1.087696
SM_Grass_Patch_03 13.542760 3.387658 13.534390 0.000000 0.000000 0.000000 1.091729 1.091729 1.091729
SM_Grass_Patch_03 10.854690 3.628018 15.797510 0.000000 0.000000 0.000000 0.984606 0.984606 0.984606
SM_Grass_Patch_03 13.058770 3.387658 12.956440 0.000000 0.000000 0.000000 0.929392 0.929392 0.929392
SM_Grass_Patch_03 13.014970 3.495965 17.874360 0.000000 0.000000 0.000000 0.927079 0.927079 0.927079
SM_Grass_Patch_03 14.661320 3.387658 16.276600 0.000000 0.000000 0.000000 1.068806 1.068806 1.068806
SM_Grass_Patch_03 14.673250 3.387658 18.187290 0.000000 0.000000 0.000000 0.902728 0.902728 0.902728
SM_Grass_Patch_03 23.488810 3.445599 14.838280 0.000000 0.000000 0.000000 0.942594 0.942594 0.942594
SM_Grass_Patch_03 26.469730 4.087950 13.821910 0.000000 0.000000 0.000000 1.056952 1.056952 1.056952
SM_Grass_Patch_03 24.776850 3.570775 16.869450 0.000000 0.000000 0.000000 0.972669 0.972669 0.972669
SM_Grass_Patch_03 24.563610 3.927107 12.972400 0.000000 0.000000 0.000000 0.957367 0.957367 0.957367
SM_Grass_Patch_03 22.897210 3.506851 13.098450 0.000000 0.000000 0.000000 0.951991 0.951991 0.951991
SM_Grass_Patch_03 26.391320 3.845449 16.007680 0.000000 0.000000 0.000000 1.055758 1.055758 1.055758
SM_Grass_Patch_03 22.049480 3.387658 13.643500 0.000000 0.000000 0.000000 0.958022 0.958022 0.958022
SM_Grass_Patch_03 25.788340 4.211683 11.554520 0.000000 0.000000 0.000000 1.098798 1.098798 1.098798
SM_Grass_Patch_03 24.351630 3.549725 16.040820 0.000000 0.000000 0.000000 0.910827 0.910827 0.910827
SM_Grass_Patch_03 24.678900 4.211683 10.195100 0.000000 0.000000 0.000000 1.053980 1.053980 1.053980
SM_Grass_Patch_03 22.241730 3.462338 12.508520 0.000000 0.000000 0.000000 1.064311 1.064311 1.064311
SM_Grass_Patch_03 23.102550 3.404654 13.845950 0.000000 0.000000 0.000000 0.954739 0.954739 0.954739
SM_Grass_Patch_03 21.215240 3.387658 13.079100 0.000000 0.000000 0.000000 0.954298 0.954298 0.954298
SM_Grass_Patch_03 21.830510 3.687533 10.005660 0.000000 0.000000 0.000000 0.910364 0.910364 0.910364
SM_Grass_Patch_03 23.339550 4.211683 9.092318 0.000000 0.000000 0.000000 0.959251 0.959251 0.959251
SM_Grass_Patch_03 20.576820 3.387658 11.554170 0.000000 0.000000 0.000000 0.913656 0.913656 0.913656
SM_Grass_Patch_03 22.363470 3.631074 7.502823 0.000000 0.000000 0.000000 1.083171 1.083171 1.083171
SM_Grass_Patch_03 24.092320 3.572463 8.571426 0.000000 0.000000 0.000000 1.042269 1.042269 1.042269
SM_Grass_Patch_03 21.072620 4.087207 6.889950 0.000000 0.000000 0.000000 0.992516 0.992516 0.992516
SM_Grass_Patch_03 21.227660 3.387658 10.998360 0.000000 0.000000 0.000000 1.069285 1.069285 1.069285
SM_Grass_Patch_03 22.663940 3.198518 6.752022 0.000000 0.000000 0.000000 0.925862 0.925862 0.925862
SM_Grass_Patch_03 20.954100 3.367832 5.946720 0.000000 0.000000 0.000000 0.983138 0.983138 0.983138
SM_Grass_Patch_03 23.091840 4.103770 10.385720 0.000000 0.000000 0.000000 1.084626 1.084626 1.084626
SM_Grass_Patch_03 19.464620 3.412377 8.284508 0.000000 0.000000 0.000000 1.009696 1.009696 1.009696
SM_Grass_Patch_03 22.479800 2.754068 5.907677 0.000000 0.000000 0.000000 1.067382 1.067382 1.067382
SM_Grass_Patch_03 20.175760 3.436726 9.028919 0.000000 0.000000 0.000000 0.964546 0.964546 0.964546
SM_Grass_Patch_03 21.874860 2.548556 5.449032 0.000000 0.000000 0.000000 1.045072 1.045072 1.045072
SM_Grass_Patch_03 20.085730 2.672394 4.758156 0.000000 0.000000 0.000000 1.097319 1.097319 1.097319
SM_Grass_Patch_03 20.816910 2.045013 4.244076 0.000000 0.000000 0.000000 0.951689 0.951689 0.951689
SM_Grass_Patch_03 21.729780 1.930282 4.466488 0.000000 0.000000 0.000000 0.905557 0.905557 0.905557
SM_Grass_Patch_03 20.037100 3.604973 5.689705 0.000000 0.000000 0.000000 0.972183 0.972183 0.972183
SM_Grass_Patch_03 23.692180 3.171474 7.351181 0.000000 0.000000 0.000000 1.005082 1.005082 1.005082
SM_Grass_Patch_03 27.199170 4.211683 12.211260 0.000000 0.000000 0.000000 0.999368 0.999368 0.999368
SM_Grass_Patch_03 27.948600 4.116889 15.245230 0.000000 0.000000 0.000000 1.047503 1.047503 1.047503
SM_Grass_Patch_03 25.192360 3.679260 15.428140 0.000000 0.000000 0.000000 1.083185 1.083185 1.083185
SM_Grass_Patch_03 28.728450 4.211683 13.310990 0.000000 0.000000 0.000000 1.093892 1.093892 1.093892
SM_Grass_Patch_03 25.029930 3.846257 13.773030 0.000000 0.000000 0.000000 1.053268 1.053268 1.053268
SM_Grass_Patch_03 27.628620 3.845449 18.244870 0.000000 0.000000 0.000000 0.929312 0.929312 0.929312
SM_Grass_Patch_03 29.554210 4.211683 15.156710 0.000000 0.000000 0.000000 1.066132 1.066132 1.066132
SM_Grass_Patch_03 29.963180 3.809693 21.765900 0.000000 0.000000 0.000000 1.089582 1.089582 1.089582
SM_Grass_Patch_03 33.660830 3.892945 22.125650 0.000000 0.000000 0.000000 1.041018 1.041018 1.041018
SM_Grass_Patch_03 31.436520 4.211683 12.024690 0.000000 0.000000 0.000000 1.071496 1.071496 1.071496
SM_Grass_Patch_03 29.044120 4.211683 12.415490 0.000000 0.000000 0.000000 1.012382 1.012382 1.012382
SM_Grass_Patch_03 31.404860 4.211683 13.028800 0.000000 0.000000 0.000000 1.093387 1.093387 1.093387
SM_Grass_Patch_03 30.919110 4.211683 11.192170 0.000000 0.000000 0.000000 0.910216 0.910216 0.910216
SM_Grass_Patch_03 33.340760 4.211683 17.250930 0.000000 0.000000 0.000000 1.074464 1.074464 1.074464
SM_Grass_Patch_03 33.447180 4.211683 16.096520 0.000000 0.000000 0.000000 1.008111 1.008111 1.008111
SM_Grass_Patch_03 31.856710 4.163465 17.973780 0.000000 0.000000 0.000000 1.067093 1.067093 1.067093
SM_Grass_Patch_03 33.434340 4.211683 14.629880 0.000000 0.000000 0.000000 1.083493 1.083493 1.083493
SM_Grass_Patch_03 35.638940 3.937669 16.957740 0.000000 0.000000 0.000000 1.037065 1.037065 1.037065
SM_Grass_Patch_03 35.451950 3.594307 15.472120 0.000000 0.000000 0.000000 1.063448 1.063448 1.063448
SM_Grass_Patch_03 34.019790 4.211683 17.645490 0.000000 0.000000 0.000000 1.074268 1.074268 1.074268
SM_Grass_Patch_03 35.150110 4.211683 18.404090 0.000000 0.000000 0.000000 1.056226 1.056226 1.056226
SM_Grass_Patch_03 34.203370 4.211683 19.605090 0.000000 0.000000 0.000000 1.058168 1.058168 1.058168
SM_Grass_Patch_03 35.862270 3.887440 17.808280 0.000000 0.000000 0.000000 0.920521 0.920521 0.920521
SM_Grass_Patch_03 36.632290 3.401880 18.438390 0.000000 0.000000 0.000000 0.979320 0.979320 0.979320
SM_Grass_Patch_03 36.143300 3.555015 19.450720 0.000000 0.000000 0.000000 1.043684 1.043684 1.043684
SM_Grass_Patch_03 32.820390 4.144533 20.801280 0.000000 0.000000 0.000000 1.047941 1.047941 1.047941
SM_Grass_Patch_03 34.085620 4.112448 21.045380 0.000000 0.000000 0.000000 1.099362 1.099362 1.099362
SM_Grass_Patch_03 36.362420 4.147826 24.106610 0.000000 0.000000 0.000000 1.096175 1.096175 1.096175
SM_Grass_Patch_03 34.809990 4.082965 23.962920 0.000000 0.000000 0.000000 1.076091 1.076091 1.076091
SM_Grass_Patch_03 42.108650 3.589086 39.892380 0.000000 0.000000 0.000000 1.046818 1.046818 1.046818
