SM_Cliff_Formation_01 -5.589998 -6.700000 7.580000 0.000000 0.000000 0.000000 1.000000 1.000000 1.000000
SM_Cliff_Formation_01 -6.350000 -6.700000 14.687710 0.000000 1.174189 0.000000 1.000000 1.000000 1.000000
SM_Cliff_Formation_01 -6.344816 -6.700000 36.754940 0.000000 0.610981 0.000000 1.000000 1.000000 1.000000
SM_Cliff_Formation_02 29.690000 2.200000 -6.869999 0.000000 0.000000 0.000000 1.000000 1.000000 1.000000
SM_Cliff_Formation_02 69.320640 3.154280 32.479550 0.000000 0.000000 0.000000 1.000000 1.000000 1.000000
SM_Cliff_Formation_02 91.860640 -4.305720 29.619550 0.000000 0.000000 0.000000 1.000000 1.000000 1.000000
SM_Cliff_Formation_02 129.180600 -7.675720 5.409550 0.000000 3.522989 0.000000 1.000000 1.000000 1.000000
SM_Cliff_Formation_02 147.933800 -4.075720 3.863113 0.000000 0.419713 0.000000 1.000000 1.000000 1.000000
SM_Cliff_Formation_02 76.220640 3.142030 16.969550 0.000000 1.922898 0.000000 0.611080 0.611080 0.611080
SM_Cliff_Formation_02 73.650640 3.142030 4.539551 0.000000 4.845086 0.000000 0.611080 0.611080 0.611080
SM_Cliff_Formation_02 4.920000 -4.670000 48.430000 0.000000 0.000000 0.000000 1.000000 1.000000 1.000000
SM_Cliff_Formation_02 11.250000 -8.300000 -16.290000 0.000000 0.000000 0.000000 1.000000 1.000000 1.000000
SM_Ash_Tree_02 26.716040 3.600000 14.445880 0.000000 0.000000 0.000000 1.000000 1.000000 1.000000
SM_Ash_Tree_01 9.969999 3.350000 29.300000 0.000000 0.000000 0.000000 1.000000 1.000000 1.000000
SM_Ruins_05 6.879999 3.424280 1.450001 0.000000 0.667803 0.000000 1.000000 1.000000 1.000000
SM_Rock_Formation_01 11.341520 0.860000 -2.391247 0.000000 0.000000 0.000000 1.000000 1.000000 1.000000
SM_Floor_Ruined_10 9.230000 3.414280 5.290001 0.000000 5.360110 0.000000 1.000000 1.000000 1.000000
SM_Floor_Ruined_12 21.700000 3.424280 20.740000 0.000000 5.292093 0.000000 1.000000 1.000000 1.000000
SM_Debris_Floor_06 14.340000 3.247280 12.430000 0.000000 2.127600 0.000000 1.000000 1.000000 1.000000
SM_Floor_Ruined_07 18.040000 3.424280 13.980000 0.000000 5.310294 0.000000 1.000000 1.000000 1.000000
SM_Floor_Ruined_09 25.710000 3.424280 28.670000 0.000000 5.187269 0.000000 1.000000 1.000000 1.000000
SM_Debris_Floor_06 30.050000 3.270280 37.090000 0.000000 5.159940 0.000000 1.000000 1.000000 1.000000
SM_Debris_02 21.212000 3.150000 27.092230 0.000000 0.000000 0.000000 1.000000 1.000000 1.000000
SM_Debris_02 35.570000 3.480000 41.760000 0.000000 0.000000 0.000000 1.000000 1.000000 1.000000
SM_Crate_Broken_01 6.641846 3.600000 12.015340 0.000000 0.000000 0.000000 1.000000 1.000000 1.000000
SM_Cupboard_02 6.877832 3.600000 14.455010 0.000000 5.049830 0.000000 1.000000 1.000000 1.000000
SM_Barrels_03 6.550001 3.725283 18.330000 0.000000 4.875880 0.000000 1.000000 1.000000 1.000000
SM_Barrels_04 34.170000 4.074280 22.960000 0.000000 1.726851 0.000000 1.000000 1.000000 1.000000
SM_Roots_04 19.320950 8.843336 5.469385 0.000000 0.000000 0.000000 1.000000 1.000000 1.000000
SM_Ivy_Preset_03 10.862000 7.417000 -0.690998 0.000000 5.374818 0.000000 1.000000 1.000000 1.000000
SM_Ivy_Preset_08 7.230000 14.638000 1.810001 0.000000 5.467612 0.000000 1.000000 1.000000 1.000000
SM_Ivy_Corner_01 12.376000 4.443000 -0.801998 0.000000 2.185485 0.000000 1.000000 1.000000 1.000000
SM_Fern_09 18.522750 4.068529 8.636343 0.000000 0.000000 0.000000 1.000000 1.000000 1.000000
SM_Bush_07 10.980330 4.001717 20.271930 0.000000 0.000000 0.000000 1.000000 1.000000 1.000000
SM_Bush_07 18.862110 3.903978 34.874250 0.000000 0.000000 0.000000 1.000000 1.000000 1.000000
SM_Bush_07 27.541670 3.439425 44.320980 0.000000 0.000000 0.000000 1.000000 1.000000 1.000000
SM_Bush_08 38.772880 3.625708 35.081380 0.000000 0.000000 0.000000 1.000000 1.000000 1.000000
SM_Rack_05 31.240000 4.270000 17.980000 0.000000 5.592518 0.000000 1.000000 1.000000 1.000000
SM_Ash_Tree_02 26.517640 3.467734 44.503080 0.000000 1.417908 0.000000 1.000000 1.000000 1.000000
SM_Rock_Formation_01 22.900000 2.770000 42.390000 0.000000 0.000000 0.000000 1.000000 1.000000 1.000000
SM_Rock_Formation_02 4.240000 3.100000 31.050000 0.000000 0.000000 0.000000 1.000000 1.000000 1.000000
SM_Rock_Formation_04 34.399950 3.640498 28.785140 0.000000 0.000000 0.000000 1.000000 1.000000 1.000000
SM_Rock_Large_01 15.301500 4.268898 31.081280 0.000000 0.000000 0.000000 1.000000 1.000000 1.000000
SM_Rock_Pile_01 14.257330 4.135280 25.340200 0.000000 0.000000 0.000000 1.000000 1.000000 1.000000
SM_Rock_Small_02 18.610860 3.698663 23.122290 0.000000 0.000000 0.000000 1.000000 1.000000 1.000000
SM_Rock_Small_03 18.913310 3.795513 23.716510 0.000000 0.000000 0.000000 1.000000 1.000000 1.000000
SM_Rock_Small_02 17.011470 3.870252 21.408550 0.000000 0.000000 0.000000 1.000000 1.000000 1.000000
SM_Rock_Small_04 19.202780 3.431933 21.937910 0.000000 0.000000 0.000000 1.000000 1.000000 1.000000
SM_Rock_Small_03 21.599020 3.431934 25.101140 0.000000 0.000000 0.000000 1.000000 1.000000 1.000000
SM_Rock_Small_04 25.608000 3.431932 27.148950 0.000000 0.000000 0.000000 1.000000 1.000000 1.000000
SM_Rock_Small_04 24.244230 3.431933 29.319610 0.000000 0.000000 0.000000 1.000000 1.000000 1.000000
SM_Rock_Small_01 30.606030 3.556383 29.010070 0.000000 0.000000 0.000000 1.000000 1.000000 1.000000
SM_Rock_Formation_01 39.700640 2.994280 20.209550 0.000000 0.000000 0.000000 1.000000 1.000000 1.000000
SM_Grass_Patch_10 31.245190 3.432794 42.098590 0.000000 0.000000 0.000000 1.000000 1.000000 1.000000
SM_Grass_Patch_08 32.659080 3.450522 42.448210 0.000000 0.000000 0.000000 1.000000 1.000000 1.000000
SM_Bush_07 30.586860 3.524496 41.623630 0.000000 0.000000 0.000000 1.000000 1.000000 1.000000
SM_Bush_05 38.063260 3.479659 50.276380 0.000000 0.000000 0.000000 1.000000 1.000000 1.000000
SM_Fern_09 36.299070 3.462041 51.514070 0.000000 0.000000 0.000000 1.000000 1.000000 1.000000
SM_Rock_Medium_01 32.380840 3.752280 46.642070 0.000000 0.000000 0.000000 1.000000 1.000000 1.000000
SM_Rock_Small_01 32.931690 3.549416 47.809570 0.000000 0.000000 0.000000 1.000000 1.000000 1.000000
SM_Bush_02 33.308060 3.436273 48.586720 0.000000 0.000000 0.000000 1.000000 1.000000 1.000000
SM_Bush_03 36.692000 2.622000 52.403000 0.555702 0.000000 0.000000 1.000000 1.000000 1.000000
SM_Rock_Formation_01 35.060000 1.400000 55.220000 6.045753 5.471593 5.781105 1.000000 1.000000 1.000000
SM_Bush_07 37.730000 1.810000 53.100000 0.493917 0.360727 0.000000 1.000000 1.000000 1.000000
SM_Rock_Medium_01 41.550640 2.974280 49.629550 0.811560 0.149938 6.097417 1.000000 1.000000 1.000000
SM_Rock_Formation_05 43.890640 1.824280 51.979550 0.000000 1.000867 0.000000 1.000000 1.000000 1.000000
SM_Floor_Ruined_09 47.920000 0.164805 63.150000 0.000000 5.362082 0.000000 1.000000 1.000000 1.000000
SM_Floor_Ruined_10 61.610000 0.164806 78.150000 0.000000 2.194068 0.000000 1.000000 1.000000 1.000000
SM_Grass_Low_01 22.474850 3.424280 26.566260 0.000000 0.000000 0.000000 1.000000 1.000000 1.000000
SM_Grass_Patch_11 23.025830 3.424280 26.122340 0.000000 0.000000 0.000000 1.000000 1.000000 1.000000
SM_Grass_Patch_01 30.441890 3.424280 35.913240 0.000000 0.000000 0.000000 1.000000 1.000000 1.000000
SM_Grass_Patch_03 30.119500 3.424280 35.651610 0.000000 0.000000 0.000000 1.000000 1.000000 1.000000
SM_Rock_Small_03 27.069950 3.424280 36.079490 0.000000 0.000000 0.000000 1.000000 1.000000 1.000000
SM_Rock_Small_04 27.955180 3.424280 35.858920 0.000000 0.000000 0.000000 1.000000 1.000000 1.000000
SM_Rock_Small_01 27.443560 3.424280 35.624930 0.000000 0.000000 0.000000 1.000000 1.000000 1.000000
SM_Rock_Small_02 27.781660 3.424280 35.158950 0.000000 0.000000 0.000000 1.000000 1.000000 1.000000
SM_Rock_Small_01 31.056530 3.424280 37.626400 0.000000 0.000000 0.000000 1.000000 1.000000 1.000000
SM_Rock_Small_03 30.757630 3.424280 37.297250 0.000000 0.000000 0.000000 1.000000 1.000000 1.000000
SM_Rock_Small_01 30.463390 3.424280 38.072470 0.000000 0.000000 0.000000 1.000000 1.000000 1.000000
SM_Rock_Small_02 29.645220 3.424280 39.540800 0.000000 0.000000 0.000000 1.000000 1.000000 1.000000
SM_Debris_Floor_06 51.650000 0.010000 68.490000 0.000000 2.214036 0.000000 1.000000 1.000000 1.000000
SM_Debris_Floor_02 52.990040 0.164804 72.383100 0.000000 0.000000 0.000000 1.000000 1.000000 1.000000
SM_Debris_Floor_04 56.960000 -0.020000 72.710000 0.000000 5.480503 0.000000 1.000000 1.000000 1.000000
SM_Debris_02 54.587640 0.064280 74.104550 0.000000 6.070820 0.000000 1.035400 1.035400 1.035400
SM_Debris_Floor_02 55.044860 0.164804 71.715320 0.000000 0.000000 0.000000 1.000000 1.000000 1.000000
SM_Debris_Floor_01 55.438060 0.164805 70.260920 0.000000 0.000000 0.000000 1.000000 1.000000 1.000000
SM_Debris_Floor_07 66.770000 0.010000 84.110000 0.000000 5.398540 0.000000 1.000000 1.000000 1.000000
SM_Debris_Floor_05 66.670880 -0.082364 88.340880 0.000000 5.494490 0.017927 1.000000 1.000000 1.000000
SM_Floor_Ruined_10 73.420000 0.164801 91.190000 0.000000 5.569189 0.000000 1.000000 1.000000 1.000000
SM_Floor_Ruined_03 38.150000 3.438000 50.480000 0.000000 5.213126 0.000000 1.000000 1.000000 1.000000
SM_Grass_Patch_02 38.774270 0.993000 54.731750 0.000000 0.000000 0.000000 1.000000 1.000000 1.000000
SM_Fern_08 38.763170 0.869373 55.154890 0.000000 1.734675 0.000000 1.000000 1.000000 1.000000
SM_Floor_Ruined_07 34.540000 3.424280 46.250000 0.000000 5.195517 0.000000 1.000000 1.000000 1.000000
SM_Debris_Floor_01 36.413310 3.424280 46.452130 0.000000 0.000000 0.000000 1.000000 1.000000 1.000000
SM_Debris_Floor_02 35.983990 3.424280 44.936080 0.000000 0.000000 0.000000 1.000000 1.000000 1.000000
SM_Debris_Floor_04 33.220000 3.220000 43.920000 0.000000 5.232242 0.000000 1.000000 1.000000 1.000000
SM_Debris_01 46.168640 0.080000 58.742090 0.000000 0.932038 0.000000 1.000000 1.000000 1.000000
SM_Floor_Ruined_10 84.980000 0.164807 97.290000 0.000000 2.410582 0.000000 1.000000 1.000000 1.000000
SM_Debris_Floor_07 92.940000 -0.009720 100.010000 0.000000 0.362628 0.000000 1.000000 1.000000 1.000000
SM_Debris_Floor_04 89.250000 -0.108720 102.360000 0.000000 0.032123 0.000000 1.000000 1.000000 1.000000
SM_Debris_Floor_04 91.703500 -0.086720 98.424760 0.000000 0.282742 0.000000 1.000000 1.000000 1.000000
SM_Debris_Floor_03 77.770000 -0.030000 97.470000 0.000000 5.749023 0.000000 1.000000 1.000000 1.000000
SM_Debris_Floor_05 75.090000 -0.040000 96.340000 0.000000 5.693373 0.000000 1.000000 1.000000 1.000000
SM_Debris_Floor_05 96.526630 -0.098720 101.688200 0.000000 0.246234 0.000000 1.000000 1.000000 1.000000
SM_Floor_Ruined_07 94.129280 0.135280 103.084900 0.000000 0.222208 0.000000 1.000000 1.000000 1.000000
SM_Floor_Ruined_11 103.170600 0.104280 96.599550 0.000000 0.533216 0.000000 1.000000 1.000000 1.000000
SM_Floor_Ruined_12 114.130000 0.064280 89.420000 0.000000 0.589769 0.000000 1.000000 1.000000 1.000000
SM_Floor_Ruined_10 122.740000 0.044280 82.520000 0.000000 3.758788 0.000000 1.000000 1.000000 1.000000
SM_Floor_Ruined_09 129.330000 0.044280 76.920000 0.000000 0.746623 0.000000 1.000000 1.000000 1.000000
SM_Debris_Floor_04 134.100000 -0.178720 75.480000 0.000000 0.996451 0.000000 1.000000 1.000000 1.000000
SM_Floor_Ruined_07 97.950000 0.134280 99.480000 0.000000 0.350724 0.000000 1.000000 1.000000 1.000000
SM_Floor_Ruined_08 97.030000 0.120280 97.490000 0.000000 0.394511 0.000000 1.000000 1.000000 1.000000
SM_Debris_Floor_03 108.930000 -0.113720 96.800000 0.000000 0.531411 0.000000 1.000000 1.000000 1.000000
SM_Debris_Floor_05 107.360000 -0.239720 91.910000 0.000000 0.591634 0.000000 1.000000 1.000000 1.000000
SM_Debris_Floor_03 117.520000 -0.154720 83.600000 0.000000 0.681772 0.000000 1.000000 1.000000 1.000000
SM_Floor_Ruined_08 64.290000 0.164805 86.360000 0.000000 5.421980 0.000000 1.000000 1.000000 1.000000
SM_Ash_Tree_02 42.693090 0.842337 68.588880 0.000000 1.864176 0.000000 1.000000 1.000000 1.000000
SM_Grass_Patch_02 43.672900 0.164806 62.801440 0.000000 0.000000 0.000000 1.000000 1.000000 1.000000
SM_Fern_07 43.914630 0.164805 62.205940 0.000000 0.290238 0.000000 1.000000 1.000000 1.000000
SM_Grass_Patch_09 52.267360 0.164804 64.411910 0.000000 0.000000 0.000000 1.000000 1.000000 1.000000
SM_Grass_Patch_09 45.897060 0.164804 65.688780 0.000000 0.000000 0.000000 1.000000 1.000000 1.000000
SM_Bush_08 48.077750 0.164802 68.091580 0.000000 0.000000 0.000000 1.000000 1.000000 1.000000
SM_Rock_Formation_01 58.420140 -0.630000 68.229650 0.000000 0.000000 0.000000 1.000000 1.000000 1.000000
SM_Ruins_09 54.870000 -0.260000 87.580000 0.000000 3.854115 0.000000 1.000000 1.000000 1.000000
SM_Ruins_08 70.930000 -0.170000 73.840000 0.000000 0.752812 0.000000 1.000000 1.000000 1.000000
SM_Rock_Pile_01 69.190000 0.140000 73.500000 0.000000 0.000000 0.000000 1.000000 1.000000 1.000000
SM_Ivy_Corner_Horizontal_01 54.490000 5.390000 86.396000 0.000000 2.288279 0.000000 1.000000 1.000000 1.000000
SM_Ivy_01 57.411970 3.472000 84.353640 0.000000 3.933403 0.000000 1.000000 1.000000 1.000000
SM_Cliff_Formation_03 74.640000 -8.750000 64.490000 0.000000 5.967091 0.000000 0.664000 0.664000 0.664000
SM_Ivy_Corner_03 70.665000 5.140000 75.060000 0.000000 0.756696 0.000000 1.000000 1.000000 1.000000
SM_Ivy_04 68.768000 6.539814 74.998000 0.000000 4.086090 0.000000 1.000000 1.000000 1.000000
SM_Scaffolding_10 50.910000 -0.080000 78.100000 0.000000 5.893029 0.000000 1.000000 1.000000 1.000000
SM_Tower_8Sided_Module_Ruined_01 54.745020 27.240000 49.579210 0.000000 3.280809 0.000000 1.000000 1.000000 1.000000
SM_Tower_8Sided_Trim_01 54.745020 20.645290 49.579210 -0.000001 4.066208 3.141587 1.006000 1.416000 1.006000
SM_Tower_8Sided_Trim_01 54.745020 27.752630 49.579210 -0.000001 4.066208 3.141587 1.006000 1.366000 1.006000
SM_Tower_8Sided_Module_Slit_01 54.745020 21.240000 49.579210 0.000000 4.066208 0.000000 1.000000 1.000000 1.000000
SM_Tower_8Sided_Module_01 54.745020 15.240000 49.579210 0.000000 4.066208 0.000000 1.000000 1.000000 1.000000
SM_Tower_8Sided_Base_01 54.745020 15.240000 49.579210 0.000000 4.066208 0.000000 1.000000 1.000000 1.000000
SM_Wall_Ruined_19 55.020000 0.210000 57.770000 0.000000 5.288086 0.000000 1.000000 1.000000 1.000000
SM_Window_01_Ruined_02 57.230000 0.234000 61.010000 0.000000 5.348157 0.000000 1.000000 1.000000 1.000000
SM_Window_01_Ruined_01 62.210000 0.210000 67.090000 0.000000 5.490559 0.000000 1.000000 1.000000 1.000000
SM_Wall_Ruined_20 59.603000 0.220000 64.119000 0.000000 5.380235 0.000000 1.000000 1.000000 1.000000
SM_Rock_Formation_01 67.850000 -0.070000 68.810000 0.000000 0.000000 0.000000 1.000000 1.000000 1.000000
SM_Ash_Tree_01 65.566080 0.604280 65.304710 0.000000 0.000000 0.000000 1.000000 1.000000 1.000000
SM_Bush_08 60.974400 1.153634 57.047230 0.000000 0.000000 0.000000 1.000000 1.000000 1.000000
SM_Bush_07 63.976300 1.153636 62.033460 0.000000 0.000000 0.000000 1.000000 1.000000 1.000000
SM_Ash_Tree_03 59.293720 1.153634 60.187440 0.000000 0.000000 0.000000 1.000000 1.000000 1.000000
SM_Bush_02 17.647830 3.431932 21.646920 0.000000 0.000000 0.000000 1.000000 1.000000 1.000000
SM_Bush_07 18.317980 2.764280 21.936330 0.000000 0.000000 0.000000 1.000000 1.000000 1.000000
SM_Grass_Patch_05 13.729900 3.424280 15.933250 0.000000 0.000000 0.000000 1.000000 1.000000 1.000000
SM_Grass_Patch_11 11.206660 3.465881 13.758240 0.000000 0.000000 0.000000 1.000000 1.000000 1.000000
SM_Rock_Formation_02 46.190000 1.430000 47.470000 0.000000 0.000000 0.000000 1.000000 1.000000 1.000000
SM_Wall_Ruined_17 47.420000 3.570775 46.420000 0.000000 5.577648 0.000000 1.000000 1.000000 1.000000
SM_Wall_Ruined_18 44.695000 3.570776 43.771000 0.000000 5.443735 0.000000 1.000000 1.000000 1.000000
SM_Wall_Ruined_20 42.338000 3.570774 40.637000 0.000000 5.264228 0.000000 1.000000 1.000000 1.000000
SM_Wall_Ruined_21 40.442000 3.570775 35.157000 0.000000 4.937834 0.000000 1.000000 1.000000 1.000000
SM_Wall_Ruined_22 39.766000 3.570774 27.334000 0.000000 1.513528 0.000000 1.000000 1.000000 1.000000
SM_Cliff_Formation_03 38.090000 -5.650000 8.980000 0.000000 0.000000 0.000000 0.664000 0.664000 0.664000
SM_Bush_07 35.708000 3.570774 17.933400 0.000000 0.000000 0.000000 1.000000 1.000000 1.000000
SM_Ash_Tree_02 42.040000 4.652777 23.850000 0.000000 5.270038 0.000000 0.888040 0.888040 0.888040
SM_Rack_05 49.080820 3.570774 41.514570 0.000000 0.000000 0.000000 1.000000 1.000000 1.000000
SM_Rack_01 48.052640 3.570773 39.246910 0.000000 0.838526 0.000000 1.000000 1.000000 1.000000
SM_Debris_01 46.056470 3.570775 36.622800 0.000000 0.000000 0.000000 1.000000 1.000000 1.000000
SM_Ruins_09 55.440000 3.918712 42.840000 0.000000 5.362355 0.000000 1.000000 1.000000 1.000000
SM_Ivy_Preset_08 50.340000 19.950800 50.410000 0.000000 3.265012 0.000000 1.000000 1.000000 1.000000
SM_Ivy_Preset_06 48.120000 3.490000 49.800000 6.282450 3.245865 0.037685 1.000000 1.000000 1.000000
SM_Ivy_Preset_02 50.320000 10.412230 45.710000 0.000000 2.429989 0.000000 1.000000 1.000000 1.000000
SM_Ivy_04 41.821000 6.592074 40.267000 0.000000 5.400175 0.000000 1.000000 1.000000 1.000000
SM_Bridge_8m_Extension_01 17.360000 3.424280 49.230000 0.000000 5.453647 0.000000 1.000000 1.000000 1.000000
SM_Rock_Pile_01 43.056580 3.240000 42.281080 0.000000 0.000000 0.000000 1.000000 1.000000 1.000000
SM_Wall_Ruined_21 25.720000 3.424280 52.400000 0.000000 5.522677 0.000000 1.000000 1.000000 1.000000
SM_Wall_Ruined_21 43.901000 3.424280 73.501000 0.000000 5.403919 0.000000 1.000000 1.000000 1.000000
SM_Window_01_Ruined_03 30.028000 3.424280 56.527000 0.000000 5.514227 0.000000 1.000000 1.000000 1.000000
SM_Wall_Ruined_22 33.919000 3.424280 61.032000 0.000000 5.381959 0.000000 1.000000 1.000000 1.000000
SM_Wall_Ruined_22 38.870000 3.424280 67.290000 0.000000 5.381959 0.000000 1.000000 1.000000 1.000000
SM_Rock_Formation_02 46.145370 1.916473 76.078100 0.000000 0.000000 0.000000 1.000000 1.000000 1.000000
SM_Bush_07 46.330300 3.126122 74.628660 0.000000 0.000000 0.000000 1.000000 1.000000 1.000000
SM_Ivy_Preset_04 20.870000 13.240000 46.850000 0.000000 0.759356 0.000000 1.000000 1.000000 1.000000
SM_Ivy_Preset_06 19.640000 4.230000 45.730000 0.000000 0.710988 0.000000 1.000000 1.000000 1.000000
SM_Ivy_Preset_08 15.720000 15.160000 45.230000 0.000000 2.162597 0.000000 1.000000 1.000000 1.000000
SM_Wall_Ruined_22 48.619000 3.424280 79.898000 0.000000 5.291443 0.000000 1.000000 1.000000 1.000000
SM_Bush_07 50.797900 1.665795 81.404750 0.000000 0.000000 0.000000 1.000000 1.000000 1.000000
SM_Bush_08 52.052040 1.858424 83.021770 0.000000 0.000000 0.000000 1.000000 1.000000 1.000000
SM_Rock_Formation_01 51.250000 0.910000 83.110000 0.000000 0.000000 0.000000 0.781970 0.781970 0.781970
SM_Wall_Ruined_27 50.795000 3.424280 83.222000 0.000000 2.272798 0.000000 1.000000 1.000000 1.000000
SM_Plant_01 53.191560 3.020000 84.124260 5.966643 5.959428 0.000000 1.000000 1.000000 1.000000
SM_Window_8m_01 58.180000 0.750777 92.280000 0.000000 5.392445 0.000000 1.000000 1.000000 1.000000
SM_Ash_Tree_02 58.857670 0.750777 87.685680 0.000000 0.000000 0.000000 1.000000 1.000000 1.000000
SM_Bush_07 65.523080 0.402965 91.373890 0.000000 0.000000 0.000000 1.000000 1.000000 1.000000
SM_Bush_08 83.400990 0.457792 90.484570 0.000000 0.000000 0.000000 1.000000 1.000000 1.000000
SM_Fern_09 77.040840 0.164803 86.863870 0.000000 0.000000 0.000000 1.000000 1.000000 1.000000
SM_Wall_Ruined_08 60.678000 0.750779 95.343000 0.000000 2.140261 0.000000 1.000000 1.000000 1.000000
SM_Ruins_09 63.550000 0.750779 99.620000 0.000000 2.492359 0.000000 1.000000 1.000000 1.000000
SM_Ruins_05 20.740000 3.424280 60.790000 0.000000 5.371068 0.000000 1.000000 1.000000 1.000000
SM_Rock_Medium_01 25.859360 3.424280 50.397750 0.000000 0.000000 0.000000 1.000000 1.000000 1.000000
SM_Rock_Pile_01 28.500770 3.350000 53.992160 0.000000 0.000000 0.000000 1.000000 1.000000 1.000000
SM_Rock_Pile_01 24.611050 3.410000 63.629360 0.000000 0.000000 0.000000 1.000000 1.000000 1.000000
SM_Rock_Pile_01 22.201840 3.260000 54.937540 0.000000 1.400007 0.000000 1.000000 1.000000 1.000000
SM_Floor_Ruined_09 24.171340 3.424280 58.556950 0.000000 0.711732 0.000000 1.000000 1.000000 1.000000
SM_Floor_Ruined_11 17.140000 3.424280 64.970000 0.000000 0.742236 0.000000 1.000000 1.000000 1.000000
SM_Bush_07 27.642230 3.424280 59.946810 0.000000 0.000000 0.000000 1.000000 1.000000 1.000000
SM_Ash_Tree_03 30.065180 3.424280 63.393380 0.000000 0.000000 0.000000 1.000000 1.000000 1.000000
SM_Ash_Tree_03 21.950000 3.424280 53.020000 0.000000 2.668412 0.000000 1.000000 1.000000 1.000000
SM_Bush_07 50.159550 0.167901 70.524860 0.000000 0.000000 0.000000 1.000000 1.000000 1.000000
SM_Grass_Patch_02 52.892750 0.164803 67.577940 0.000000 0.000000 0.000000 1.000000 1.000000 1.000000
SM_Bush_05 51.379670 0.164804 67.174420 0.000000 0.000000 0.000000 1.000000 1.000000 1.000000
SM_Bush_06 53.249150 0.164804 66.229530 0.000000 0.000000 0.000000 1.000000 1.000000 1.000000
SM_Grass_Patch_11 50.658860 0.164804 67.678020 0.000000 0.000000 0.000000 1.000000 1.000000 1.000000
SM_Grass_Patch_01 51.618850 0.164805 69.597500 0.000000 0.000000 0.000000 1.000000 1.000000 1.000000
SM_Fern_07 50.568350 0.164805 69.890210 0.000000 0.000000 0.000000 1.000000 1.000000 1.000000
SM_Fern_07 49.376630 0.164805 69.159290 0.000000 1.265735 0.000000 1.000000 1.000000 1.000000
SM_Grass_Patch_02 54.113000 0.164806 69.719400 0.000000 0.000000 0.000000 1.000000 1.000000 1.000000
SM_Grass_Patch_06 53.900060 0.092000 71.422760 0.000000 0.000000 0.000000 1.000000 1.000000 1.000000
SM_Grass_Patch_08 55.614860 0.040000 72.327280 0.000000 0.000000 0.000000 1.000000 1.000000 1.000000
SM_Grass_Low_03 51.543660 0.169222 72.343960 0.000000 0.000000 0.000000 1.000000 1.000000 1.000000
SM_Rock_01 71.317650 0.920000 105.125100 0.000000 5.145094 0.000000 1.000000 1.000000 1.000000
SM_Wooden_Floor_Ruined_08 68.189680 19.653630 53.349980 0.000000 6.107313 0.000000 1.000000 1.000000 1.000000
SM_Floor_Large_01 68.189680 13.153630 53.349980 0.000000 6.107313 0.000000 1.035000 1.035000 1.035000
SM_Trim_Tower_8m_01 68.189680 12.974480 53.349980 0.000000 6.107313 0.000000 1.025000 0.881000 1.025000
SM_Archway_Thick_8m_01 68.889550 13.153630 49.411690 0.000000 6.107313 0.000000 1.000000 1.000000 1.000000
SM_Archway_Thick_8m_01 64.251380 13.153630 52.650120 0.000000 4.536515 0.000000 1.000000 1.000000 1.000000
SM_Archway_Thick_8m_01 72.127980 13.153630 54.049850 0.000000 4.536515 0.000000 1.000000 1.000000 1.000000
SM_Archway_Thick_8m_01 67.489810 13.153630 57.288280 0.000000 6.107313 0.000000 1.000000 1.000000 1.000000
SM_Archway_Thick_8m_01 72.127980 1.153633 54.049850 0.000000 4.536515 0.000000 1.000000 1.000000 1.000000
SM_Archway_Thick_8m_01 68.889550 1.153633 49.411690 0.000000 6.107313 0.000000 1.000000 1.000000 1.000000
SM_Wall_Thick_Ruined_03 72.477910 19.153630 52.080700 0.000000 1.394925 0.000000 1.000000 1.000000 1.000000
SM_Wall_Thick_Ruined_017 72.335560 19.153630 50.024070 0.000000 6.107304 0.000000 1.000000 1.090000 1.000000
SM_Wall_Thick_Ruined_04 66.012950 19.153630 57.025830 0.000000 6.107313 0.000000 1.000000 1.000000 1.000000
SM_Wall_Thick_Ruined_01 69.951250 19.153630 57.725700 0.000000 2.965717 0.000000 1.000000 1.000000 1.000000
SM_Brick_Column_Ruined_03 63.717120 19.055730 56.513760 0.000000 6.107313 0.000000 1.000000 1.000000 1.000000
SM_Wall_Thick_Ruined_03 63.988930 19.153630 54.126980 0.000000 4.536515 0.000000 1.000000 1.000000 1.000000
SM_Wall_Thick_Ruined_04 64.688800 19.153630 50.188680 0.000000 4.536515 0.000000 1.000000 1.000000 1.000000
SM_Wall_Thick_Ruined_01 66.920400 19.153630 49.061750 0.000000 6.107313 0.000000 1.000000 1.000000 1.000000
SM_Wall_Thick_Ruined_013 71.515590 19.153630 57.495860 0.000000 1.394926 0.000000 1.000000 1.000000 1.000000
SM_Wall_Thick_Ruined_02 71.942610 19.153630 55.032580 0.000000 4.536515 0.000000 1.000000 1.000000 1.000000
SM_Brick_Column_Ruined_02 72.827840 19.153630 50.111550 0.000000 6.107313 0.000000 0.890000 0.910000 0.890000
SM_Trim_Tower_8m_01 68.189680 19.153630 53.349980 0.000000 6.107313 0.000000 1.025000 0.881000 1.025000
SM_Archway_Thick_8m_01 64.251380 1.153633 52.650120 0.000000 4.536515 0.000000 1.000000 1.000000 1.000000
SM_Floor_Large_01 68.189680 7.653633 53.349980 0.000000 6.107313 0.000000 1.000000 1.000000 1.000000
SM_Wooden_Floor_02 70.421280 7.153633 52.223060 0.000000 6.107313 0.000000 1.000000 1.000000 1.000000
SM_Wooden_Floor_02 66.482980 7.153633 51.523190 0.000000 6.107313 0.000000 1.000000 1.000000 1.000000
SM_Wooden_Floor_02 69.721410 7.153633 56.161350 0.000000 6.107313 0.000000 1.000000 1.000000 1.000000
SM_Wooden_Floor_02 65.783110 7.153633 55.461490 0.000000 6.107313 0.000000 1.000000 1.000000 1.000000
SM_Trim_Tower_8m_01 68.189680 7.153633 53.349980 0.000000 6.107313 0.000000 1.025000 0.881000 1.025000
SM_Wall_Thick_Corner_03 64.951250 1.153633 48.711820 0.000000 4.536523 0.000000 1.000000 1.000000 1.000000
SM_Wall_Thick_Corner_03 63.551510 1.153633 56.588410 0.000000 6.107313 0.000000 1.000000 1.000000 1.000000
SM_Wall_Thick_8m_01 67.489810 7.153633 57.288280 0.000000 6.107313 0.000000 1.000000 1.000000 1.000000
SM_Wall_Thick_Corner_03 64.951250 13.153630 48.711820 0.000000 4.536523 0.000000 1.000000 1.000000 1.000000
SM_Wall_Thick_Corner_03 72.827840 13.153630 50.111550 0.000000 2.965724 0.000000 1.000000 1.000000 1.000000
SM_Wall_Thick_Corner_03 71.428110 13.153630 57.988150 0.000000 1.394926 0.000000 1.000000 1.000000 1.000000
SM_Wall_Thick_Corner_03 63.551510 13.153630 56.588410 0.000000 6.107313 0.000000 1.000000 1.000000 1.000000
SM_Wall_Thick_Corner_03 64.951250 7.153633 48.711820 0.000000 4.536523 0.000000 1.000000 1.000000 1.000000
SM_Wall_Thick_Corner_03 72.827840 7.153633 50.111550 0.000000 2.965724 0.000000 1.000000 1.000000 1.000000
SM_Wall_Thick_Corner_03 71.428110 7.153633 57.988150 0.000000 1.394926 0.000000 1.000000 1.000000 1.000000
SM_Wall_Thick_Corner_03 63.551510 7.153633 56.588410 0.000000 6.107313 0.000000 1.000000 1.000000 1.000000
SM_Wall_Thick_8m_01 68.889550 7.153633 49.411690 0.000000 6.107314 0.000000 1.000000 1.000000 1.000000
SM_Wall_Thick_8m_01 72.127980 7.153633 54.049850 0.000000 4.536515 0.000000 1.000000 1.000000 1.000000
SM_Wall_Thick_8m_01 64.251380 7.153633 52.650120 0.000000 4.536515 0.000000 1.000000 1.000000 1.000000
SM_Wall_Thick_Corner_03 72.827840 1.153633 50.111550 0.000000 2.965724 0.000000 1.000000 1.000000 1.000000
SM_Wall_Thick_Corner_03 71.428110 1.153633 57.988150 0.000000 1.394926 0.000000 1.000000 1.000000 1.000000
SM_Archway_Thick_8m_01 67.489810 1.153633 57.288280 0.000000 6.107313 0.000000 1.000000 1.000000 1.000000
SM_Ruins_01 73.120000 0.273312 110.340000 0.000000 4.368904 0.000000 1.000000 1.000000 1.000000
SM_Ruins_06 57.280000 0.050000 115.280000 0.000000 5.753536 0.000000 1.000000 1.000000 1.000000
SM_Hourd_02 55.720000 1.370000 109.830000 0.000000 4.110719 0.000000 1.000000 1.000000 1.000000
SM_Scaffolding_09 53.640000 1.100000 101.790000 0.000000 0.000000 0.000000 1.000000 1.000000 1.000000
SM_Rack_06 66.198880 -0.240000 114.723500 0.000000 0.000000 0.000000 1.000000 1.000000 1.000000
SM_Wooden_Support_04 69.052780 -0.250000 114.147000 0.000000 0.000000 0.000000 1.000000 1.000000 1.000000
SM_Ash_Tree_01 61.951000 -0.050000 108.388300 0.000000 0.280267 0.000000 0.611090 0.611090 0.611090
SM_Ivy_Preset_08 72.390000 8.847516 110.310000 0.000000 2.655041 0.000000 1.000000 1.000000 1.000000
SM_Ruins_04 32.240000 4.260000 75.130000 0.000000 5.432250 0.000000 1.000000 1.000000 1.000000
SM_Trim_05a 37.367550 4.657715 72.576030 0.000000 0.000000 0.000000 1.000000 1.000000 1.000000
SM_Trim_Curved_02 41.072190 4.664280 85.788990 0.051165 0.000000 0.000000 1.000000 1.000000 1.000000
SM_Roof_8m_04 35.900000 4.449734 77.580000 0.000000 0.734075 0.000000 1.000000 1.000000 1.000000
SM_Cover_02 32.168310 3.520000 68.533360 0.000000 3.771101 0.000000 1.000000 1.000000 1.000000
SM_Crate_Broken_02 30.870350 3.480076 67.255530 0.000000 0.000000 0.000000 1.000000 1.000000 1.000000
SM_Chair_02 33.352870 3.972146 71.620120 0.000000 0.000000 0.000000 1.000000 1.000000 1.000000
SM_Crate_03 34.351480 4.014280 73.335860 0.000000 0.000000 0.000000 1.000000 1.000000 1.000000
SM_Barrel_01 28.216430 3.518097 68.667500 0.000000 0.000000 0.000000 1.000000 1.000000 1.000000
SM_Chest_01 28.479850 3.431839 64.993110 0.000000 1.460048 0.000000 1.000000 1.000000 1.000000
SM_Candle_02 65.281300 0.812962 115.001000 0.000000 0.000000 0.000000 1.121000 1.239000 1.121000
SM_Chair_02 67.004510 0.164804 108.843600 0.000000 0.000000 0.000000 1.000000 1.000000 1.000000
SM_Chest_01 68.503290 0.172356 110.879700 0.000000 0.000000 0.000000 1.000000 1.000000 1.000000
SM_Chest_lid_01 70.194630 0.164806 109.537000 0.000000 5.768540 0.000000 1.000000 1.000000 1.000000
SM_Crate_Broken_01 62.677810 -0.035720 106.297300 0.000000 0.000000 0.000000 1.000000 1.000000 1.000000
SM_Cupboard_02 62.769330 0.070000 114.853600 0.000000 5.786397 0.000000 1.000000 1.000000 1.000000
SM_Candlestick_Wall_02 70.732000 2.859641 112.983000 0.000000 2.871749 0.000000 1.000000 1.000000 1.000000
SM_Chest_01 44.151540 3.578332 31.582710 0.000000 0.000000 0.000000 1.000000 1.000000 1.000000
SM_Crate_04 44.603830 3.570772 27.550910 0.000000 0.000000 0.000000 1.000000 1.000000 1.000000
SM_Crate_03 47.324380 3.570773 33.151820 0.000000 1.208915 0.000000 1.000000 1.000000 1.000000
SM_Ruins_10 33.170000 4.480093 81.090000 0.000000 3.975131 0.000000 1.000000 1.000000 1.000000
SM_Bush_07 72.310640 -0.005720 85.969550 0.000000 0.000000 0.000000 1.000000 1.000000 1.000000
SM_Grass_Patch_11 69.205810 0.184241 87.501670 0.000000 0.000000 0.000000 1.000000 1.000000 1.000000
SM_Grass_Patch_09 69.540860 0.192179 86.368850 0.000000 0.000000 0.000000 1.000000 1.000000 1.000000
SM_Fern_09 67.259830 0.165482 82.025630 0.000000 0.000000 0.000000 1.000000 1.000000 1.000000
SM_Grass_Patch_06 67.479490 0.186080 86.301280 0.000000 0.000000 0.000000 1.000000 1.000000 1.000000
SM_Grass_Patch_04 68.019080 0.186157 82.921620 0.000000 0.000000 0.000000 1.000000 1.000000 1.000000
SM_Grass_Patch_10 66.219040 0.173317 86.847200 0.000000 0.000000 0.000000 1.000000 1.000000 1.000000
SM_Grass_Low_Dry_03 64.301460 0.171692 85.159310 0.000000 0.000000 0.000000 1.000000 1.000000 1.000000
SM_Rock_Small_01 66.458510 0.289940 83.806420 0.000000 0.000000 0.000000 1.000000 1.000000 1.000000
SM_Rock_Small_02 65.125730 0.164809 83.008520 0.000000 0.000000 0.000000 1.000000 1.000000 1.000000
SM_Rock_Small_03 66.748310 0.164805 81.743870 0.000000 0.000000 0.000000 1.000000 1.000000 1.000000
SM_Rock_Small_01 66.994100 0.289938 81.239030 0.000000 0.000000 0.000000 1.000000 1.000000 1.000000
SM_Rock_Small_02 63.286940 0.164803 85.219120 0.000000 0.000000 0.000000 1.000000 1.000000 1.000000
SM_Rock_Small_03 63.384900 0.164804 84.782370 0.000000 0.000000 0.000000 1.000000 1.000000 1.000000
SM_Ruins_02 102.280000 0.249939 116.210000 0.000000 1.761509 0.000000 1.000000 1.000000 1.000000
SM_Wooden_Floor_Ruined_08 88.480000 19.041100 111.970000 0.000000 3.050042 0.000000 1.000000 1.000000 1.000000
SM_Floor_Large_01 88.480000 12.541100 111.970000 0.000000 3.050042 0.000000 1.035000 1.035000 1.035000
SM_Trim_Tower_8m_01 88.480000 12.361950 111.970000 0.000000 3.050042 0.000000 1.025000 0.881000 1.025000
SM_Archway_Thick_8m_01 88.114310 12.541100 115.953200 0.000000 3.050042 0.000000 1.000000 1.000000 1.000000
SM_Archway_Thick_8m_01 92.463250 12.541100 112.335700 0.000000 1.479244 0.000000 1.000000 1.000000 1.000000
SM_Archway_Thick_8m_01 84.496750 12.541100 111.604300 0.000000 1.479244 0.000000 1.000000 1.000000 1.000000
SM_Archway_Thick_8m_01 88.845690 12.541100 107.986800 0.000000 3.050042 0.000000 1.000000 1.000000 1.000000
SM_Archway_Thick_8m_01 84.496750 0.541101 111.604300 0.000000 1.479244 0.000000 1.000000 1.000000 1.000000
SM_Archway_Thick_8m_01 88.114310 0.541101 115.953200 0.000000 3.050042 0.000000 1.000000 1.000000 1.000000
SM_Wall_Thick_Ruined_03 84.313900 18.541100 113.595900 0.000000 4.620840 0.000000 1.000000 1.000000 1.000000
SM_Wall_Thick_Ruined_017 84.628970 18.541100 115.633300 0.000000 3.050033 0.000000 1.000000 1.090000 1.000000
SM_Wall_Thick_Ruined_04 90.339410 18.541100 108.123900 0.000000 3.050042 0.000000 1.000000 1.000000 1.000000
SM_Wall_Thick_Ruined_01 86.356160 18.541100 107.758200 0.000000 6.191632 0.000000 1.000000 1.000000 1.000000
SM_Brick_Column_Ruined_03 92.670200 18.443200 108.440800 0.000000 3.050042 0.000000 1.000000 1.000000 1.000000
SM_Wall_Thick_Ruined_03 92.600390 18.541100 110.842000 0.000000 1.479244 0.000000 1.000000 1.000000 1.000000
SM_Wall_Thick_Ruined_04 92.234700 18.541100 114.825200 0.000000 1.479244 0.000000 1.000000 1.000000 1.000000
SM_Wall_Thick_Ruined_01 90.105930 18.541100 116.136100 0.000000 3.050042 0.000000 1.000000 1.000000 1.000000
SM_Wall_Thick_Ruined_013 84.816730 18.541100 108.119000 0.000000 4.620841 0.000000 1.000000 1.000000 1.000000
SM_Wall_Thick_Ruined_02 84.598690 18.541100 110.609500 0.000000 1.479244 0.000000 1.000000 1.000000 1.000000
SM_Brick_Column_Ruined_02 84.131070 18.541100 115.587600 0.000000 3.050042 0.000000 0.890000 0.910000 0.890000
SM_Trim_Tower_8m_01 88.480000 18.541100 111.970000 0.000000 3.050042 0.000000 1.025000 0.881000 1.025000
SM_Archway_Thick_8m_01 92.463250 0.541101 112.335700 0.000000 1.479244 0.000000 1.000000 1.000000 1.000000
SM_Floor_Large_01 88.480000 7.041101 111.970000 0.000000 3.050042 0.000000 1.000000 1.000000 1.000000
SM_Wooden_Floor_02 86.351240 6.541101 113.280900 0.000000 3.050042 0.000000 1.000000 1.000000 1.000000
SM_Wooden_Floor_02 90.334500 6.541101 113.646600 0.000000 3.050042 0.000000 1.000000 1.000000 1.000000
SM_Wooden_Floor_02 86.716930 6.541101 109.297600 0.000000 3.050042 0.000000 1.000000 1.000000 1.000000
SM_Wooden_Floor_02 90.700180 6.541101 109.663300 0.000000 3.050042 0.000000 1.000000 1.000000 1.000000
SM_Trim_Tower_8m_01 88.480000 6.541101 111.970000 0.000000 3.050042 0.000000 1.025000 0.881000 1.025000
SM_Wall_Thick_Corner_03 92.097560 0.541101 116.318900 0.000000 1.479252 0.000000 1.000000 1.000000 1.000000
SM_Wall_Thick_Corner_03 92.828940 0.541101 108.352400 0.000000 3.050042 0.000000 1.000000 1.000000 1.000000
SM_Wall_Thick_8m_01 88.845690 6.541101 107.986800 0.000000 3.050042 0.000000 1.000000 1.000000 1.000000
SM_Wall_Thick_Corner_03 92.097560 12.541100 116.318900 0.000000 1.479252 0.000000 1.000000 1.000000 1.000000
SM_Wall_Thick_Corner_03 84.131070 12.541100 115.587600 0.000000 6.191639 0.000000 1.000000 1.000000 1.000000
SM_Wall_Thick_Corner_03 84.862440 12.541100 107.621100 0.000000 4.620841 0.000000 1.000000 1.000000 1.000000
SM_Wall_Thick_Corner_03 92.828940 12.541100 108.352400 0.000000 3.050042 0.000000 1.000000 1.000000 1.000000
SM_Wall_Thick_Corner_03 92.097560 6.541101 116.318900 0.000000 1.479252 0.000000 1.000000 1.000000 1.000000
SM_Wall_Thick_Corner_03 84.131070 6.541101 115.587600 0.000000 6.191639 0.000000 1.000000 1.000000 1.000000
SM_Wall_Thick_Corner_03 84.862440 6.541101 107.621100 0.000000 4.620841 0.000000 1.000000 1.000000 1.000000
SM_Wall_Thick_Corner_03 92.828940 6.541101 108.352400 0.000000 3.050042 0.000000 1.000000 1.000000 1.000000
SM_Wall_Thick_8m_01 88.114310 6.541101 115.953200 0.000000 3.050043 0.000000 1.000000 1.000000 1.000000
SM_Wall_Thick_8m_01 84.496750 6.541101 111.604300 0.000000 1.479244 0.000000 1.000000 1.000000 1.000000
SM_Wall_Thick_8m_01 92.463250 6.541101 112.335700 0.000000 1.479244 0.000000 1.000000 1.000000 1.000000
SM_Wall_Thick_Corner_03 84.131070 0.541101 115.587600 0.000000 6.191639 0.000000 1.000000 1.000000 1.000000
SM_Wall_Thick_Corner_03 84.862440 0.541101 107.621100 0.000000 4.620841 0.000000 1.000000 1.000000 1.000000
SM_Archway_Thick_8m_01 88.845690 0.541101 107.986800 0.000000 3.050042 0.000000 1.000000 1.000000 1.000000
SM_Barrel_01 83.217590 0.164805 112.087300 0.000000 0.000000 0.000000 1.000000 1.000000 1.000000
SM_Bucket_01 76.616060 0.165677 113.216200 0.000000 0.000000 0.000000 1.000000 1.000000 1.000000
SM_Barrels_03 78.220000 0.164805 114.270000 0.000000 6.032276 0.000000 1.000000 1.000000 1.000000
SM_Crate_01 75.117150 0.206634 112.497100 0.000000 5.624727 0.000000 1.000000 1.000000 1.000000
SM_Candlestick_03 75.287610 1.213444 112.165100 0.000000 0.000000 0.000000 1.000000 1.000000 1.000000
SM_Chest_01 78.954440 0.172363 112.077700 0.000000 0.000000 0.000000 1.000000 1.000000 1.000000
SM_Chest_lid_01 78.985050 0.853503 112.012000 0.000000 5.398532 0.000000 1.000000 1.000000 1.000000
SM_Wall_Ruined_21 107.780000 0.350000 109.480000 0.000000 0.546244 0.000000 1.000000 1.000000 1.000000
SM_Wall_Ruined_21 114.612000 0.350000 105.330000 0.000000 0.546244 0.000000 1.000000 1.000000 1.000000
SM_Wall_Ruined_21 121.129000 0.350000 100.737000 0.000000 0.684210 0.000000 1.000000 1.000000 1.000000
SM_Bush_07 80.997670 -0.520000 92.147800 0.000000 0.000000 0.000000 1.000000 1.000000 1.000000
SM_Grass_Patch_09 77.509280 -0.039000 95.972110 0.000000 0.000000 0.000000 1.000000 1.000000 1.000000
SM_Grass_Patch_02 78.512570 0.188487 94.890130 0.000000 0.000000 0.000000 1.000000 1.000000 1.000000
SM_Fern_09 79.073000 0.165478 94.221650 0.000000 0.000000 0.000000 1.000000 1.000000 1.000000
SM_Grass_Low_01 89.626140 0.164804 99.175250 0.000000 0.000000 0.000000 1.000000 1.000000 1.000000
SM_Fern_05 90.367650 0.167337 98.775200 0.000000 0.000000 0.000000 1.000000 1.000000 1.000000
SM_Grass_Patch_08 98.740740 -0.040000 97.913400 0.000000 0.000000 0.000000 1.000000 1.000000 1.000000
SM_Grass_Patch_11 89.277130 0.184237 100.415300 0.000000 0.000000 0.000000 1.000000 1.000000 1.000000
SM_Grass_Patch_09 98.945240 0.732739 103.432800 0.000000 0.000000 0.000000 1.000000 1.000000 1.000000
SM_Bush_02 94.155500 0.176796 99.561420 0.000000 0.000000 0.000000 1.000000 1.000000 1.000000
SM_Bush_03 92.152400 0.197347 100.748500 0.000000 0.000000 0.000000 1.000000 1.000000 1.000000
SM_Ash_Tree_01 51.770000 1.274280 14.800000 0.000000 0.000000 0.000000 1.000000 1.000000 1.000000
SM_Cliff_Formation_02 121.969700 1.240000 112.810100 0.000000 1.136917 0.000000 0.664000 0.664000 0.664000
SM_Cliff_Formation_02 110.297900 -6.425720 124.191700 0.000000 4.579476 0.000000 0.664000 0.664000 0.664000
SM_Cliff_Formation_02 156.380600 -0.875720 80.019550 0.000000 1.136917 0.000000 0.664000 0.664000 0.664000
SM_Cliff_Formation_02 170.520600 3.194280 55.699550 0.000000 1.136917 0.000000 0.664000 0.664000 0.664000
SM_Cliff_Formation_02 165.700600 -1.375720 18.669550 0.000000 1.136917 0.000000 0.664000 0.664000 0.664000
SM_Cliff_Formation_02 166.980600 -3.665720 35.979550 0.000000 1.676927 0.000000 0.664000 0.664000 0.664000
SM_Cliff_Formation_02 98.380650 -9.405720 59.269550 0.000000 1.136917 0.000000 0.933982 0.933982 0.933982
SM_Cliff_Formation_02 86.719640 -9.975719 43.599750 0.000000 1.978185 0.000000 1.143101 1.143101 1.143101
SM_Ivy_Preset_03 89.080000 8.842756 107.420000 0.000000 1.465063 0.000000 1.000000 1.000000 1.000000
SM_Ivy_Corner_03 84.830000 18.070000 106.880000 0.000000 3.001398 0.000000 1.000000 1.000000 1.000000
SM_Ash_Tree_02 106.880000 0.030000 114.340000 0.000000 5.220778 0.000000 1.000000 1.000000 1.000000
SM_Bush_07 108.994900 -0.510000 111.365700 0.000000 0.000000 0.000000 1.000000 1.000000 1.000000
SM_Bush_08 105.040400 0.590000 114.155100 0.000000 0.000000 0.000000 1.000000 1.000000 1.000000
SM_Ruins_09 124.940000 0.580000 97.240000 0.000000 3.861142 0.000000 1.000000 1.000000 1.000000
SM_Ruins_09 135.820000 0.610000 87.210000 0.000000 0.766955 0.000000 1.000000 1.000000 1.000000
SM_Ash_Tree_01 74.765000 0.145280 100.413500 0.000000 0.214573 0.000000 0.781970 0.781970 0.781970
SM_Ash_Tree_02 93.574170 0.695840 92.466460 0.000000 0.000000 0.000000 1.000000 1.000000 1.000000
SM_Bush_07 89.925950 -0.790000 104.727600 0.000000 0.000000 0.000000 1.000000 1.000000 1.000000
SM_Crate_01 85.990000 0.350000 91.940000 0.000000 0.000000 0.000000 1.000000 1.000000 1.000000
SM_Barrels_02 68.143740 0.695842 99.051040 0.000000 0.000000 0.000000 1.000000 1.000000 1.000000
SM_Crate_Broken_01 77.514010 0.321000 88.994620 0.000000 0.000000 0.000000 1.000000 1.000000 1.000000
SM_Scaffolding_08 80.130390 0.170000 103.410200 0.000000 0.000000 0.000000 1.000000 1.000000 1.000000
SM_Canopy_01 106.530000 0.370000 104.390000 0.000000 0.406171 0.000000 1.000000 1.000000 1.000000
SM_Crate_02 105.494200 0.713114 105.610800 0.000000 0.448969 0.000000 1.000000 1.000000 1.000000
SM_Rock_Medium_01 82.112640 0.760000 89.751590 0.000000 0.000000 0.000000 1.000000 1.000000 1.000000
SM_Rock_Formation_03 80.995450 0.430000 86.916310 0.000000 5.865810 0.000000 0.522670 0.522670 0.522670
SM_Grass_Patch_01 135.203300 0.184521 71.512640 0.000000 0.000000 0.000000 1.000000 1.000000 1.000000
SM_Grass_Patch_09 132.346000 0.192179 69.020950 0.000000 0.000000 0.000000 1.000000 1.000000 1.000000
SM_Ash_Tree_02 126.373400 0.695841 92.029050 0.000000 0.000000 0.000000 1.000000 1.000000 1.000000
SM_Wall_Ruined_18 137.630000 0.556000 84.300000 0.000000 1.151014 0.000000 1.000000 1.000000 1.000000
SM_Wall_Ruined_22 139.970000 0.570754 78.850000 0.000000 1.177062 0.000000 1.000000 1.000000 1.000000
SM_Wall_Ruined_22 142.989000 0.570754 71.598000 0.000000 1.177062 0.000000 1.000000 1.000000 1.000000
SM_Rock_Formation_02 141.635000 1.004280 70.147290 0.000000 0.000000 0.000000 1.000000 1.000000 1.000000
SM_Bush_07 139.504300 0.490000 73.707550 0.000000 0.000000 0.000000 1.000000 1.000000 1.000000
SM_Bush_08 138.394900 0.250000 72.315220 0.000000 0.000000 0.000000 1.000000 1.000000 1.000000
SM_Scaffolding_11 138.907500 0.695840 75.044280 0.000000 5.945956 0.000000 1.000000 1.000000 1.000000
SM_Barrels_01 138.998600 0.706023 75.393210 0.000000 0.000000 0.000000 1.000000 1.000000 1.000000
SM_Wooden_Floor_Ruined_08 90.043870 19.674840 85.680000 0.000000 0.000000 0.000000 1.000000 1.000000 1.000000
SM_Floor_Large_01 90.043870 13.174840 85.680000 0.000000 0.000000 0.000000 1.035000 1.035000 1.035000
SM_Trim_Tower_8m_01 90.043870 12.995690 85.680000 0.000000 0.000000 0.000000 1.025000 0.881000 1.025000
SM_Archway_Thick_8m_01 90.043870 13.174840 81.680000 0.000000 0.000000 0.000000 1.000000 1.000000 1.000000
SM_Archway_Thick_8m_01 86.043870 13.174840 85.680000 0.000000 4.712387 0.000000 1.000000 1.000000 1.000000
SM_Archway_Thick_8m_01 94.043870 13.174840 85.680000 0.000000 4.712387 0.000000 1.000000 1.000000 1.000000
SM_Archway_Thick_8m_01 90.043870 13.174840 89.680000 0.000000 0.000000 0.000000 1.000000 1.000000 1.000000
SM_Archway_Thick_8m_01 94.043870 1.174836 85.680000 0.000000 4.712387 0.000000 1.000000 1.000000 1.000000
SM_Archway_Thick_8m_01 90.043870 1.174836 81.680000 0.000000 0.000000 0.000000 1.000000 1.000000 1.000000
SM_Wall_Thick_Ruined_03 94.043870 19.174840 83.680000 0.000000 1.570798 0.000000 1.000000 1.000000 1.000000
SM_Wall_Thick_Ruined_017 93.543870 19.174840 81.680000 0.000000 -0.000009 0.000000 1.000000 1.090000 1.000000
SM_Wall_Thick_Ruined_04 88.543870 19.174840 89.680000 0.000000 0.000000 0.000000 1.000000 1.000000 1.000000
SM_Wall_Thick_Ruined_01 92.543870 19.174840 89.680000 0.000000 3.141589 0.000000 1.000000 1.000000 1.000000
SM_Brick_Column_Ruined_03 86.193860 19.076930 89.577510 0.000000 0.000000 0.000000 1.000000 1.000000 1.000000
SM_Wall_Thick_Ruined_03 86.043870 19.174840 87.180000 0.000000 4.712387 0.000000 1.000000 1.000000 1.000000
SM_Wall_Thick_Ruined_04 86.043870 19.174840 83.180000 0.000000 4.712387 0.000000 1.000000 1.000000 1.000000
SM_Wall_Thick_Ruined_01 88.043870 19.174840 81.680000 0.000000 0.000000 0.000000 1.000000 1.000000 1.000000
SM_Wall_Thick_Ruined_013 94.043870 19.174840 89.180000 0.000000 1.570798 0.000000 1.000000 1.000000 1.000000
SM_Wall_Thick_Ruined_02 94.033310 19.174840 86.680000 0.000000 4.712387 0.000000 1.000000 1.000000 1.000000
SM_Brick_Column_Ruined_02 94.043870 19.174840 81.680000 0.000000 0.000000 0.000000 0.890000 0.910000 0.890000
SM_Trim_Tower_8m_01 90.043870 19.174840 85.680000 0.000000 0.000000 0.000000 1.025000 0.881000 1.025000
SM_Archway_Thick_8m_01 86.043870 1.174836 85.680000 0.000000 4.712387 0.000000 1.000000 1.000000 1.000000
SM_Floor_Large_01 90.043870 7.674836 85.680000 0.000000 0.000000 0.000000 1.000000 1.000000 1.000000
SM_Wooden_Floor_02 92.043870 7.174836 84.180000 0.000000 0.000000 0.000000 1.000000 1.000000 1.000000
SM_Wooden_Floor_02 88.043870 7.174836 84.180000 0.000000 0.000000 0.000000 1.000000 1.000000 1.000000
SM_Wooden_Floor_02 92.043870 7.174836 88.180000 0.000000 0.000000 0.000000 1.000000 1.000000 1.000000
SM_Wooden_Floor_02 88.043870 7.174836 88.180000 0.000000 0.000000 0.000000 1.000000 1.000000 1.000000
SM_Trim_Tower_8m_01 90.043870 7.174836 85.680000 0.000000 0.000000 0.000000 1.025000 0.881000 1.025000
SM_Wall_Thick_Corner_03 86.043870 1.174836 81.680000 0.000000 4.712395 0.000000 1.000000 1.000000 1.000000
SM_Wall_Thick_Corner_03 86.043870 1.174836 89.680000 0.000000 0.000000 0.000000 1.000000 1.000000 1.000000
SM_Wall_Thick_8m_01 90.043870 7.174836 89.680000 0.000000 0.000000 0.000000 1.000000 1.000000 1.000000
SM_Wall_Thick_Corner_03 86.043870 13.174840 81.680000 0.000000 4.712395 0.000000 1.000000 1.000000 1.000000
SM_Wall_Thick_Corner_03 94.043870 13.174840 81.680000 0.000000 3.141597 0.000000 1.000000 1.000000 1.000000
SM_Wall_Thick_Corner_03 94.043870 13.174840 89.680000 0.000000 1.570798 0.000000 1.000000 1.000000 1.000000
SM_Wall_Thick_Corner_03 86.043870 13.174840 89.680000 0.000000 0.000000 0.000000 1.000000 1.000000 1.000000
SM_Wall_Thick_Corner_03 86.043870 7.174836 81.680000 0.000000 4.712395 0.000000 1.000000 1.000000 1.000000
SM_Wall_Thick_Corner_03 94.043870 7.174836 81.680000 0.000000 3.141597 0.000000 1.000000 1.000000 1.000000
SM_Wall_Thick_Corner_03 94.043870 7.174836 89.680000 0.000000 1.570798 0.000000 1.000000 1.000000 1.000000
SM_Wall_Thick_Corner_03 86.043870 7.174836 89.680000 0.000000 0.000000 0.000000 1.000000 1.000000 1.000000
SM_Wall_Thick_8m_01 90.043870 7.174836 81.680000 0.000000 0.000001 0.000000 1.000000 1.000000 1.000000
SM_Wall_Thick_8m_01 94.043870 7.174836 85.680000 0.000000 4.712387 0.000000 1.000000 1.000000 1.000000
SM_Wall_Thick_8m_01 86.043870 7.174836 85.680000 0.000000 4.712387 0.000000 1.000000 1.000000 1.000000
SM_Wall_Thick_Corner_03 94.043870 1.174836 81.680000 0.000000 3.141597 0.000000 1.000000 1.000000 1.000000
SM_Wall_Thick_Corner_03 94.043870 1.174836 89.680000 0.000000 1.570798 0.000000 1.000000 1.000000 1.000000
SM_Archway_Thick_8m_01 90.043870 1.174836 89.680000 0.000000 0.000000 0.000000 1.000000 1.000000 1.000000
SM_Bridge_8m_01 89.290000 9.370000 98.850000 0.000000 1.510416 0.000000 1.000000 1.000000 1.000000
SM_Wooden_Door_01_R 89.002330 1.290000 90.039000 0.000000 0.000000 0.000000 1.000000 1.000000 1.000000
SM_Wooden_Door_01_L 91.136000 1.166634 89.855000 0.000000 5.986931 0.000000 1.000000 1.000000 1.000000
SM_Crate_01 88.607480 1.195465 86.188320 0.000000 0.000000 0.000000 1.000000 1.000000 1.000000
SM_Crate_Broken_01 91.718280 1.254800 87.430980 0.000000 0.000000 0.000000 1.000000 1.000000 1.000000
SM_Barrel_01 87.867030 1.153632 83.893170 0.000000 0.000000 0.000000 1.000000 1.000000 1.000000
SM_Chest_01 91.900760 1.161193 83.784270 0.000000 0.000000 0.000000 1.000000 1.000000 1.000000
SM_Ash_Tree_03 91.528620 1.153632 85.522820 0.000000 0.000000 0.000000 1.000000 1.000000 1.000000
SM_Bush_01 89.377940 1.165627 84.710600 0.000000 0.000000 0.000000 1.000000 1.000000 1.000000
SM_Bush_07 89.554140 1.253847 87.540980 0.000000 0.000000 0.000000 1.000000 1.000000 1.000000
SM_Wall_Ruined_21 82.686000 1.153636 85.892000 0.000000 5.614983 0.000000 1.000000 1.000000 1.000000
SM_Wall_Ruined_22 76.638000 1.153637 80.832000 0.000000 5.559416 0.000000 1.000000 1.000000 1.000000
SM_Wall_Ruined_20 72.433000 1.153636 76.660000 0.000000 5.383826 0.000000 1.000000 1.000000 1.000000
SM_Bush_07 70.506230 -0.080000 76.297870 0.000000 0.000000 0.000000 1.000000 1.000000 1.000000
SM_Grass_Patch_02 72.293910 1.177319 77.791950 0.000000 0.000000 0.000000 1.000000 1.000000 1.000000
SM_Grass_Patch_08 73.086810 0.937000 78.461340 0.000000 0.000000 0.000000 1.000000 1.000000 1.000000
SM_Ruins_01 100.425900 0.840000 78.925990 0.000000 2.134586 0.000000 1.000000 1.000000 1.000000
SM_Wall_Ruined_03 105.700600 1.153637 80.620650 0.000000 0.538862 0.000000 1.000000 1.000000 1.000000
SM_Wall_Ruined_21 110.791000 1.132000 77.654000 0.000000 0.527307 0.000000 1.000000 1.000000 1.000000
SM_Wall_Ruined_21 117.067000 1.132000 72.905000 0.000000 0.768174 0.000000 1.000000 1.000000 1.000000
SM_Wall_Ruined_21 122.382000 1.132000 67.061000 0.000000 0.897340 0.000000 1.000000 1.000000 1.000000
SM_Ash_Tree_02 106.824600 1.153632 80.462530 0.000000 0.147835 0.000000 1.000000 1.000000 1.000000
SM_Bush_07 107.913000 -0.070000 80.551000 0.000000 0.000000 0.000000 1.000000 1.000000 1.000000
SM_Fence_08 112.176700 0.459509 79.804920 0.000000 0.000000 0.000000 1.000000 1.000000 1.000000
SM_Fence_08 114.780000 0.459512 78.860000 0.000000 0.646937 0.000000 1.000000 1.000000 1.000000
SM_Cover_02 108.997200 0.506869 82.994900 0.000000 5.807117 0.000000 1.000000 1.000000 1.000000
SM_Scaffolding_10 105.036300 -0.420000 87.811620 0.000000 0.000000 0.000000 1.000000 1.000000 1.000000
SM_Rack_02 99.799260 0.016000 90.684650 0.000000 0.536997 0.000000 1.000000 1.000000 1.000000
SM_Barrels_04 117.978700 0.731280 101.582600 0.000000 0.605400 0.000000 1.000000 1.000000 1.000000
SM_Rock_Small_02 117.164700 0.457793 79.008860 0.000000 0.000000 0.000000 1.000000 1.000000 1.000000
SM_Rock_Pile_01 120.750000 0.600000 94.060000 0.000000 0.000000 0.000000 1.000000 1.000000 1.000000
SM_Rock_Formation_01 121.211000 -0.290000 72.651070 0.000000 0.000000 0.000000 1.000000 1.000000 1.000000
SM_Grass_Patch_02 118.075200 -0.072720 86.468420 0.000000 0.000000 0.000000 1.000000 1.000000 1.000000
SM_Grass_Patch_10 117.598600 0.173325 84.866890 0.000000 0.000000 0.000000 1.000000 1.000000 1.000000
SM_Grass_Patch_11 117.383100 0.184239 84.747930 0.000000 0.000000 0.000000 1.000000 1.000000 1.000000
SM_Ivy_01 39.410000 7.910000 28.790000 0.000000 4.775588 0.000000 1.000000 1.000000 1.000000
SM_Ivy_Preset_04 22.570000 11.425180 61.990000 0.000000 0.613547 0.000000 1.000000 1.000000 1.000000
SM_Ivy_Preset_02 35.040000 14.710000 76.680000 0.000000 0.769333 0.000000 1.000000 1.000000 1.000000
SM_Ivy_Preset_04 85.210000 10.202500 85.140000 0.000000 3.076411 0.000000 1.000000 1.000000 1.000000
SM_Ivy_Preset_01 83.430000 7.200000 111.290000 0.000000 2.956705 0.000000 1.000000 1.000000 1.000000
SM_Ivy_01 98.355860 7.501000 108.091800 0.000000 3.141705 0.000000 1.000000 1.000000 1.000000
SM_Ivy_Preset_05 94.720000 9.560000 86.330000 0.099933 6.218359 6.278630 1.000000 1.000000 1.000000
SM_Bush_07 130.386200 -0.450000 66.181390 0.000000 0.000000 0.000000 1.000000 1.000000 1.000000
SM_Bush_07 132.679000 -0.427000 66.410000 0.000000 0.000000 0.000000 1.000000 1.000000 1.000000
SM_Bush_01 137.920000 0.370000 67.750000 0.000000 0.000000 0.000000 1.000000 1.000000 1.000000
SM_Bush_02 135.842000 0.306949 68.319260 0.000000 0.000000 0.000000 1.000000 1.000000 1.000000
SM_Grass_Patch_07 134.355000 0.074000 67.947000 0.000000 6.039173 0.000000 1.000000 1.000000 1.000000
SM_Fern_09 132.894000 0.125000 73.259000 0.000000 0.000000 0.000000 1.000000 1.000000 1.000000
SM_Rack_05 42.226730 4.144280 83.176940 0.000000 0.000000 0.000000 1.000000 1.000000 1.000000
SM_Grass_Low_02 125.534500 0.164807 77.552960 0.000000 0.000000 0.000000 1.000000 1.000000 1.000000
SM_Bush_04 126.019900 0.185736 78.407260 0.000000 0.000000 0.000000 1.000000 1.000000 1.000000
SM_Bush_08 128.820000 -0.080000 80.790000 0.000000 0.000000 0.000000 1.000000 1.000000 1.000000
SM_Ruins_02 148.880000 1.570000 67.420000 0.000000 6.225273 0.000000 1.000000 1.000000 1.000000
SM_Bars_03 88.888000 0.750951 107.636000 0.000000 6.193591 0.000000 1.000000 1.000000 1.000000
SM_Wooden_Door_01_R 6.344936 3.446227 2.400681 0.000000 0.697629 0.000000 1.000000 1.000000 1.000000
SM_Wooden_Door_01_L 7.926001 3.444930 1.139000 0.000000 0.663230 0.000000 1.000000 1.000000 1.000000
SM_Rack_02 88.373340 0.164807 117.509600 0.000000 0.275583 0.000000 1.000000 1.000000 1.000000
SM_Bush_07 87.263610 0.265020 113.984000 0.000000 0.000000 0.000000 1.000000 1.000000 1.000000
SM_Ash_Tree_03 90.100110 0.164805 113.946800 0.000000 0.000000 0.000000 1.000000 1.000000 1.000000
SM_Bars_Doorway_01 148.967000 1.867789 67.281000 0.000000 6.191465 0.000000 1.000000 1.000000 1.000000
SM_Metal_Door_01 149.521700 1.880000 67.337200 0.000000 6.131815 0.000000 1.000000 1.000000 1.000000
SM_Ruins_09 132.455200 1.540000 63.786210 0.000000 6.212440 0.000000 1.000000 1.000000 1.000000
SM_Bush_07 38.195450 1.210000 59.348670 0.000000 0.000000 0.000000 1.000000 1.000000 1.000000
SM_Bush_07 38.938000 1.166000 61.534000 5.956228 5.470072 0.000000 1.000000 1.000000 1.000000
SM_Bush_08 39.509030 0.482518 57.976150 0.000000 0.000000 0.000000 1.000000 1.000000 1.000000
SM_Bush_01 42.684730 0.435334 63.660260 0.000000 0.000000 6.092908 1.000000 1.000000 1.000000
SM_Bush_01 42.376920 0.901499 65.274550 0.105278 0.580717 5.891690 1.000000 1.000000 1.000000
SM_Bush_07 43.560620 0.414000 66.347180 0.000000 0.000000 0.000000 1.000000 1.000000 1.000000
SM_Bush_01 40.962770 2.315837 65.295670 0.000000 0.295907 5.885213 1.000000 1.000000 1.000000
SM_Grass_Patch_08 43.150000 2.360000 69.610000 0.000000 0.367280 5.627924 1.000000 1.000000 1.000000
SM_Grass_Patch_09 40.550000 0.980000 65.020000 0.000000 0.314787 5.999831 1.000000 1.000000 1.000000
SM_Grass_Patch_08 44.123000 1.301000 67.167000 0.000000 0.336963 5.712707 1.000000 1.000000 1.000000
SM_Ash_Tree_01 125.590000 0.014280 64.830000 0.000000 1.456734 0.000000 1.000000 1.000000 1.000000
SM_Ballustrade_Ruined_05 136.749500 0.340000 80.025600 0.000000 0.000000 0.000000 1.000000 1.000000 1.000000
SM_Ballustrade_Ruined_02 135.185100 0.194000 78.461520 0.000000 0.000000 0.000000 1.000000 1.000000 1.000000
SM_Roof_12m_Ruined_02 132.820000 0.183870 90.850000 0.000000 2.217721 0.000000 1.000000 1.000000 1.000000
SM_Ruins_04 157.230000 1.924850 47.300000 0.000000 1.622148 0.000000 1.000000 1.000000 1.000000
SM_Wall_Ruined_20 157.224000 1.867789 53.512000 0.000000 4.757374 0.000000 1.000000 1.000000 1.000000
SM_Wall_Ruined_20 157.004000 1.867789 47.316000 0.000000 4.750029 0.000000 1.000000 1.000000 1.000000
SM_Rock_Formation_01 149.155300 1.867787 61.264180 0.000000 0.000000 0.000000 1.000000 1.000000 1.000000
SM_Ash_Tree_02 153.730000 1.867786 64.170000 0.000000 0.000000 0.000000 1.000000 1.000000 1.000000
SM_Ruins_01 161.330000 1.976294 42.090000 0.000000 0.000000 0.000000 1.000000 1.000000 1.000000
SM_Ivy_Preset_02 155.990000 9.570000 41.920000 0.000000 3.091664 0.000000 1.000000 1.000000 1.000000
SM_Ruins_06 120.080000 1.720000 60.730000 0.000000 1.597828 0.000000 1.000000 1.000000 1.000000
SM_Bars_02 120.600000 1.813945 60.650000 0.000000 4.738845 0.000000 1.000000 1.000000 1.000000
SM_Rock_Formation_02 123.610000 1.867788 56.490000 0.000000 0.575522 0.000000 1.000000 1.000000 1.000000
SM_Scaffolding_08 124.530000 1.784000 60.260000 0.000000 0.000000 0.000000 0.640550 0.640550 0.640550
SM_Ash_Tree_03 123.304200 1.721293 50.397770 0.000000 0.000000 0.000000 1.000000 1.000000 1.000000
SM_Ruins_10 119.420000 1.580000 46.020000 0.000000 1.601851 0.000000 1.000000 1.000000 1.000000
SM_Wall_Ruined_15 119.200000 1.630000 46.070000 0.000000 4.749701 0.000000 1.000000 1.000000 1.000000
SM_Wall_Ruined_15 119.810000 1.630000 35.880000 0.000000 4.749701 0.000000 1.000000 1.000000 1.000000
SM_Wooden_Floor_02 109.630000 20.187560 39.740000 0.000000 0.000000 0.000000 1.000000 1.000000 1.000000
SM_Wooden_Floor_02 113.630000 20.187560 39.740000 0.000000 0.000000 0.000000 1.000000 1.000000 1.000000
SM_Wooden_Floor_02 117.630000 20.187560 39.740000 0.000000 0.000000 0.000000 1.000000 1.000000 1.000000
SM_Wooden_Floor_02 109.630000 20.187560 35.740000 0.000000 0.000000 0.000000 1.000000 1.000000 1.000000
SM_Wooden_Floor_02 113.630000 20.187560 35.740000 0.000000 0.000000 0.000000 1.000000 1.000000 1.000000
SM_Wooden_Floor_02 117.630000 20.187560 35.740000 0.000000 0.000000 0.000000 1.000000 1.000000 1.000000
SM_Wooden_Floor_02 109.630000 20.187560 31.740000 0.000000 0.000000 0.000000 1.000000 1.000000 1.000000
SM_Wooden_Floor_02 113.630000 20.187560 31.740000 0.000000 0.000000 0.000000 1.000000 1.000000 1.000000
SM_Wooden_Floor_02 117.630000 20.187560 31.740000 0.000000 0.000000 0.000000 1.000000 1.000000 1.000000
SM_Brick_Column_Ruined_02 107.677200 31.365430 41.703050 0.000000 0.000000 0.000000 0.939000 1.060000 0.939000
SM_Wall_Thick_Ruined_013 107.630000 34.687560 36.740000 0.000000 4.712387 0.000000 0.809000 1.000000 0.985000
SM_Wall_Thick_Ruined_017 107.630000 31.687560 37.240000 0.000000 4.712388 0.000000 1.000000 1.000000 1.000000
SM_Wall_Thick_Ruined_012 107.630000 31.687560 39.240000 0.000000 4.712387 0.000000 1.000000 1.000000 1.000000
SM_Wall_Thick_Ruined_016 107.630000 31.687560 31.740000 0.000000 1.570798 0.000000 1.000000 1.000000 1.000000
SM_Wall_Thick_Ruined_04 109.630000 31.687560 29.768250 0.000000 0.000000 0.000000 1.071000 1.121000 1.000000
SM_Wall_Thick_Ruined_016 113.630000 31.687560 29.740000 0.000000 0.000000 0.000000 1.000000 1.186000 1.000000
SM_Wall_Thick_Ruined_03 119.630000 31.687560 39.240000 0.000000 1.570798 0.000000 1.000000 1.000000 1.000000
SM_Wall_Thick_Ruined_04 119.630000 31.687560 35.240000 0.000000 1.570789 0.000000 1.000000 1.000000 1.000000
SM_Brick_Column_Ruined_02 119.566800 31.365430 29.784010 0.000000 0.000000 0.000000 0.939000 1.000000 0.939000
SM_Wall_Thick_Ruined_02 117.630000 31.687560 29.740000 0.000000 0.000000 0.000000 1.000000 1.000000 1.000000
SM_Wall_Thick_Ruined_017 119.630000 31.687560 29.740000 0.000000 1.570798 0.000000 1.000000 1.000000 1.000000
SM_Wall_Thick_Ruined_016 117.630000 31.687560 41.740000 0.000000 3.141589 0.000000 1.000000 1.133000 1.000000
SM_Wall_Thick_Ruined_02 113.630000 31.687560 41.740000 0.000000 0.000000 0.000000 1.000000 0.960000 1.000000
SM_Wall_Thick_Ruined_03 109.630000 31.687560 41.740000 0.000000 0.000000 0.000000 1.000000 1.000000 1.000000
SM_Floor_01 117.794900 20.687560 31.575080 0.000000 0.000000 0.000000 1.041000 1.000000 1.041000
SM_Floor_01 117.794900 20.687560 35.740000 0.000000 0.000000 0.000000 1.041000 1.000000 1.041000
SM_Floor_01 113.630000 20.687560 31.575080 0.000000 0.000000 0.000000 1.041000 1.000000 1.041000
SM_Floor_01 113.630000 20.687560 35.740000 0.000000 0.000000 0.000000 1.041000 1.000000 1.041000
SM_Floor_01 117.794900 20.687560 39.904920 0.000000 0.000000 0.000000 1.041000 1.000000 1.041000
SM_Floor_01 113.630000 20.687560 39.904920 0.000000 0.000000 0.000000 1.041000 1.000000 1.041000
SM_Floor_01 109.465100 20.687560 39.904920 0.000000 0.000000 0.000000 1.041000 1.000000 1.041000
SM_Floor_01 109.465100 20.687560 35.740000 0.000000 0.000000 0.000000 1.041000 1.000000 1.041000
SM_Floor_01 109.465100 20.687560 31.575080 0.000000 0.000000 0.000000 1.041000 1.000000 1.041000
SM_Floor_01 117.794900 13.687560 31.575080 0.000000 0.000000 0.000000 1.041000 1.000000 1.041000
SM_Floor_01 117.794900 13.687560 35.740000 0.000000 0.000000 0.000000 1.041000 1.000000 1.041000
SM_Floor_01 113.630000 13.687560 31.575080 0.000000 0.000000 0.000000 1.041000 1.000000 1.041000
SM_Floor_01 113.630000 13.687560 35.740000 0.000000 0.000000 0.000000 1.041000 1.000000 1.041000
SM_Floor_01 117.794900 13.687560 39.904920 0.000000 0.000000 0.000000 1.041000 1.000000 1.041000
SM_Floor_01 113.630000 13.687560 39.904920 0.000000 0.000000 0.000000 1.041000 1.000000 1.041000
SM_Floor_01 109.465100 13.687560 39.904920 0.000000 0.000000 0.000000 1.041000 1.000000 1.041000
SM_Floor_01 109.465100 13.687560 35.740000 0.000000 0.000000 0.000000 1.041000 1.000000 1.041000
SM_Floor_01 109.465100 13.687560 31.575080 0.000000 0.000000 0.000000 1.041000 1.000000 1.041000
SM_Archway_Thick_8m_01 113.630000 13.687560 29.740000 0.000000 3.141591 0.000000 1.000000 1.000000 1.000000
SM_Archway_Thick_8m_01 107.630000 13.687560 35.740000 0.000000 4.712387 0.000000 1.000000 1.000000 1.000000
SM_Archway_Thick_8m_01 119.630000 13.687560 35.740000 0.000000 4.712387 0.000000 1.000000 1.000000 1.000000
SM_Archway_Thick_8m_01 113.630000 13.687560 41.740000 0.000000 0.000000 0.000000 1.000000 1.000000 1.000000
SM_Wooden_Floor_02 109.630000 7.187559 39.740000 0.000000 0.000000 0.000000 1.000000 1.000000 1.000000
SM_Wooden_Floor_02 113.630000 7.187559 39.740000 0.000000 0.000000 0.000000 1.000000 1.000000 1.000000
SM_Wooden_Floor_02 117.630000 7.187559 39.740000 0.000000 0.000000 0.000000 1.000000 1.000000 1.000000
SM_Wooden_Floor_02 109.630000 7.187559 35.740000 0.000000 0.000000 0.000000 1.000000 1.000000 1.000000
SM_Wooden_Floor_02 113.630000 7.187559 35.740000 0.000000 0.000000 0.000000 1.000000 1.000000 1.000000
SM_Wooden_Floor_02 117.630000 7.187559 35.740000 0.000000 0.000000 0.000000 1.000000 1.000000 1.000000
SM_Wooden_Floor_02 109.630000 7.187559 31.740000 0.000000 0.000000 0.000000 1.000000 1.000000 1.000000
SM_Wooden_Floor_02 113.630000 7.187559 31.740000 0.000000 0.000000 0.000000 1.000000 1.000000 1.000000
SM_Wooden_Floor_02 117.630000 7.187559 31.740000 0.000000 0.000000 0.000000 1.000000 1.000000 1.000000
SM_Floor_Large_01 113.630000 8.187559 35.740000 0.000000 0.000000 0.000000 1.601000 1.136000 1.601000
SM_Trim_Corner_01 107.630000 7.687559 29.739980 0.000000 4.712387 0.000000 1.000000 1.000000 1.000000
SM_Trim_Corner_01 119.630000 7.687559 29.740020 0.000000 3.141588 0.000000 1.000000 1.000000 1.000000
SM_Trim_Corner_01 119.630000 7.687559 41.740000 0.000000 1.570798 0.000000 1.000000 1.000000 1.000000
SM_Trim_Corner_01 107.630000 7.687559 41.740000 0.000000 0.000000 0.000000 1.000000 1.000000 1.000000
SM_Trim_Corner_01 107.630000 31.687560 29.739980 0.000000 4.712387 0.000000 1.000000 1.000000 1.000000
SM_Trim_Corner_01 119.630000 31.687560 29.740020 0.000000 3.141588 0.000000 1.000000 1.000000 1.000000
SM_Trim_Corner_01 119.630000 31.687560 41.740000 0.000000 1.570798 0.000000 1.000000 1.000000 1.000000
SM_Trim_Corner_01 107.630000 31.687560 41.740000 0.000000 0.000000 0.000000 1.000000 1.000000 1.000000
SM_Trim_Corner_01 107.630000 25.687560 29.739980 0.000000 4.712387 0.000000 1.000000 1.000000 1.000000
SM_Trim_Corner_01 119.630000 25.687560 29.740020 0.000000 3.141588 0.000000 1.000000 1.000000 1.000000
SM_Trim_Corner_01 119.630000 25.687560 41.740000 0.000000 1.570798 0.000000 1.000000 1.000000 1.000000
SM_Trim_Corner_01 107.630000 25.687560 41.740000 0.000000 0.000000 0.000000 1.000000 1.000000 1.000000
SM_Trim_Corner_01 107.630000 19.687560 29.739980 0.000000 4.712387 0.000000 1.000000 1.000000 1.000000
SM_Trim_Corner_01 119.630000 19.687560 29.740020 0.000000 3.141588 0.000000 1.000000 1.000000 1.000000
SM_Trim_Corner_01 119.630000 19.687560 41.740000 0.000000 1.570798 0.000000 1.000000 1.000000 1.000000
SM_Trim_Corner_01 107.630000 19.687560 41.740000 0.000000 0.000000 0.000000 1.000000 1.000000 1.000000
SM_Trim_Corner_01 107.630000 13.687560 29.739980 0.000000 4.712387 0.000000 1.000000 1.000000 1.000000
SM_Trim_Corner_01 119.630000 13.687560 29.740020 0.000000 3.141588 0.000000 1.000000 1.000000 1.000000
SM_Trim_Corner_01 119.630000 13.687560 41.740000 0.000000 1.570798 0.000000 1.000000 1.000000 1.000000
SM_Trim_Corner_01 107.630000 13.687560 41.740000 0.000000 0.000000 0.000000 1.000000 1.000000 1.000000
SM_Wall_Thick_8m_01 113.630000 19.687560 29.740000 0.000000 3.141591 0.000000 1.000000 1.000000 1.000000
SM_Wall_Thick_8m_01 119.630000 19.687560 35.740000 0.000000 4.712387 0.000000 1.000000 1.000000 1.000000
SM_Wall_Thick_8m_01 107.630000 19.687560 35.740000 0.000000 4.712387 0.000000 1.000000 1.000000 1.000000
SM_Wall_Thick_8m_01 113.630000 19.687560 41.740000 0.000000 0.000000 0.000000 1.000000 1.000000 1.000000
SM_Window_Thick_8m_01 119.630000 25.687560 35.740000 0.000000 4.712387 0.000000 1.000000 1.000000 1.000000
SM_Window_Thick_8m_01 113.630000 25.687560 29.740000 0.000000 3.141591 0.000000 1.000000 1.000000 1.000000
SM_Window_Thick_8m_01 113.630000 25.687560 41.740000 0.000000 0.000000 0.000000 1.000000 1.000000 1.000000
SM_Window_Thick_8m_01 107.630000 25.687560 35.740000 0.000000 4.712387 0.000000 1.000000 1.000000 1.000000
SM_Wall_Thick_Corner_01 107.630000 25.687560 29.740000 0.000000 4.712389 0.000000 1.000000 1.000000 1.000000
SM_Wall_Thick_Corner_01 119.630000 25.687560 29.740030 0.000000 3.141591 0.000000 1.000000 1.000000 1.000000
SM_Wall_Thick_Corner_01 119.630000 25.687560 41.740000 0.000000 1.570798 0.000000 1.000000 1.000000 1.000000
SM_Wall_Thick_Corner_01 107.630000 25.687560 41.740000 0.000000 0.000000 0.000000 1.000000 1.000000 1.000000
SM_Wall_Thick_Corner_01 107.630000 19.687560 29.740000 0.000000 4.712389 0.000000 1.000000 1.000000 1.000000
SM_Wall_Thick_Corner_01 119.630000 19.687560 29.740030 0.000000 3.141591 0.000000 1.000000 1.000000 1.000000
SM_Wall_Thick_Corner_01 119.630000 19.687560 41.740000 0.000000 1.570798 0.000000 1.000000 1.000000 1.000000
SM_Wall_Thick_Corner_01 107.630000 19.687560 41.740000 0.000000 0.000000 0.000000 1.000000 1.000000 1.000000
SM_Wall_Thick_8m_01 113.630000 7.687559 29.740000 0.000000 3.141591 0.000000 1.000000 1.000000 1.000000
SM_Wall_Thick_8m_01 119.630000 7.687559 35.740000 0.000000 4.712387 0.000000 1.000000 1.000000 1.000000
SM_Wall_Thick_8m_01 107.630000 7.687559 35.740000 0.000000 4.712387 0.000000 1.000000 1.000000 1.000000
SM_Wall_Thick_8m_01 113.630000 7.687559 41.740000 0.000000 0.000000 0.000000 1.000000 1.000000 1.000000
SM_Wall_Thick_Corner_01 107.630000 13.687560 29.740000 0.000000 4.712389 0.000000 1.000000 1.000000 1.000000
SM_Wall_Thick_Corner_01 119.630000 13.687560 29.740030 0.000000 3.141591 0.000000 1.000000 1.000000 1.000000
SM_Wall_Thick_Corner_01 119.630000 13.687560 41.740000 0.000000 1.570798 0.000000 1.000000 1.000000 1.000000
SM_Wall_Thick_Corner_01 107.630000 13.687560 41.740000 0.000000 0.000000 0.000000 1.000000 1.000000 1.000000
SM_Wall_Thick_Corner_01 107.630000 7.687559 29.740000 0.000000 4.712389 0.000000 1.000000 1.000000 1.000000
SM_Wall_Thick_Corner_01 119.630000 7.687559 29.740030 0.000000 3.141591 0.000000 1.000000 1.000000 1.000000
SM_Wall_Thick_Corner_01 119.630000 7.687559 41.740000 0.000000 1.570798 0.000000 1.000000 1.000000 1.000000
SM_Wall_Thick_Corner_01 107.630000 7.687559 41.740000 0.000000 0.000000 0.000000 1.000000 1.000000 1.000000
SM_Wall_Thick_Corner_01 107.630000 1.687559 29.740000 0.000000 4.712389 0.000000 1.000000 1.000000 1.000000
SM_Wall_Thick_Corner_01 119.630000 1.687559 29.740030 0.000000 3.141591 0.000000 1.000000 1.000000 1.000000
SM_Archway_Thick_8m_01 113.630000 1.687559 29.740000 0.000000 3.141591 0.000000 1.000000 1.000000 1.000000
SM_Archway_Thick_8m_01 119.630000 1.687559 35.740000 0.000000 4.712387 0.000000 1.000000 1.000000 1.000000
SM_Archway_Thick_8m_01 107.630000 1.687559 35.740000 0.000000 4.712387 0.000000 1.000000 1.000000 1.000000
SM_Wall_Thick_Corner_01 119.630000 1.687559 41.740000 0.000000 1.570798 0.000000 1.000000 1.000000 1.000000
SM_Wall_Thick_Corner_01 107.630000 1.687559 41.740000 0.000000 0.000000 0.000000 1.000000 1.000000 1.000000
SM_Archway_Thick_8m_01 113.630000 1.687559 41.740000 0.000000 0.000000 0.000000 1.000000 1.000000 1.000000
SM_Trim_01 113.630000 19.687560 42.240000 0.000000 0.000000 0.000000 1.000000 1.000000 1.000000
SM_Trim_01 113.630000 13.687560 42.240000 0.000000 0.000000 0.000000 1.000000 1.000000 1.000000
SM_Trim_01 113.630000 31.687560 42.240000 0.000000 3.141589 0.000000 1.000000 1.000000 1.000000
SM_Trim_01 113.630000 7.687559 29.240000 0.000000 3.141588 0.000000 1.000000 1.000000 1.000000
SM_Trim_01 113.630000 25.687560 29.240000 0.000000 3.141588 0.000000 1.000000 1.000000 1.000000
SM_Trim_01 107.130000 7.687559 35.740000 0.000000 4.712387 0.000000 1.000000 1.000000 1.000000
SM_Trim_01 107.130000 25.687560 35.740000 0.000000 4.712387 0.000000 1.000000 1.000000 1.000000
SM_Trim_01 107.130000 13.687560 35.740000 0.000000 4.712387 0.000000 1.000000 1.000000 1.000000
SM_Trim_01 113.630000 7.687559 42.240000 0.000000 0.000000 0.000000 1.000000 1.000000 1.000000
SM_Trim_01 107.130000 31.687560 35.740000 0.000000 4.712387 0.000000 1.000000 1.000000 1.000000
SM_Trim_01 113.630000 31.687560 29.240000 0.000000 3.141588 0.000000 1.000000 1.000000 1.000000
SM_Trim_01 113.630000 19.687560 29.240000 0.000000 3.141588 0.000000 1.000000 1.000000 1.000000
SM_Trim_01 120.130000 19.687560 35.740000 0.000000 4.712387 0.000000 1.000000 1.000000 1.000000
SM_Trim_01 107.130000 19.687560 35.740000 0.000000 4.712387 0.000000 1.000000 1.000000 1.000000
SM_Trim_01 120.130000 31.687560 35.740000 0.000000 4.712387 0.000000 1.000000 1.000000 1.000000
SM_Trim_01 120.130000 7.687559 35.740000 0.000000 4.712387 0.000000 1.000000 1.000000 1.000000
SM_Trim_01 120.130000 13.687560 35.740000 0.000000 4.712387 0.000000 1.000000 1.000000 1.000000
SM_Trim_01 113.630000 25.687560 42.240000 0.000000 0.000000 0.000000 1.000000 1.000000 1.000000
SM_Trim_01 113.630000 13.687560 29.240000 0.000000 3.141588 0.000000 1.000000 1.000000 1.000000
SM_Trim_01 120.130000 25.687560 35.740000 0.000000 4.712387 0.000000 1.000000 1.000000 1.000000
SM_Ruins_02 119.940000 1.952925 21.030000 0.000000 4.758291 0.000000 1.000000 1.000000 1.000000
SM_Ruins_02 140.521800 1.952923 28.610000 0.000000 0.000000 0.000000 1.000000 1.000000 1.000000
SM_Ash_Tree_02 133.250400 2.170000 31.600410 0.000000 0.000000 0.000000 1.000000 1.000000 1.000000
SM_Portcullis_01 140.445800 1.867790 28.599870 0.000000 0.000000 0.000000 1.000000 1.000000 1.000000
SM_Rock_Formation_01 132.864100 1.867790 24.210720 0.000000 0.000000 0.000000 1.000000 1.000000 1.000000
SM_Rock_Large_01 138.986200 1.867789 31.444160 0.000000 0.000000 0.000000 1.000000 1.000000 1.000000
SM_Rock_Formation_03 150.082500 1.867788 32.542590 0.000000 0.000000 0.000000 1.000000 1.000000 1.000000
SM_Ruins_09 157.520000 1.942353 27.970000 0.000000 0.000000 0.000000 1.000000 1.000000 1.000000
SM_Debris_Floor_05 137.644600 1.402280 65.467550 0.000000 1.360798 0.000000 1.000000 1.000000 1.000000
SM_Debris_Floor_03 136.230000 1.565280 64.110000 0.000000 1.415244 0.000000 1.000000 1.000000 1.000000
SM_Debris_Floor_06 139.140000 1.670280 62.050000 0.000000 1.395903 0.000000 1.000000 1.000000 1.000000
SM_Circle_01 139.320100 1.730000 52.249980 0.000000 0.000000 0.000000 1.000000 1.000000 1.000000
SM_Floor_Ruined_09 139.560000 1.824280 55.770000 0.000000 4.550986 0.000000 1.000000 1.000000 1.000000
SM_Floor_Ruined_11 139.840000 1.881280 44.800000 0.000000 1.488977 0.000000 1.000000 1.000000 1.000000
SM_Debris_02 133.976000 1.867793 38.921710 0.000000 0.000000 0.000000 1.000000 1.000000 1.000000
SM_Floor_Ruined_08 137.440000 1.854280 38.130000 0.000000 1.536930 0.000000 1.000000 1.000000 1.000000
SM_Debris_Floor_04 140.381700 1.630000 36.137710 0.000000 1.635780 0.000000 1.000000 1.000000 1.000000
SM_Debris_Floor_08 141.521900 1.744280 36.430520 0.000000 1.538453 0.000000 1.000000 1.000000 1.000000
SM_Bush_07 134.903600 1.230000 48.588830 0.000000 0.000000 0.000000 1.000000 1.000000 1.000000
SM_Grass_Patch_11 134.495400 1.978785 53.484260 0.000000 0.000000 0.000000 1.000000 1.000000 1.000000
SM_Grass_Patch_05 135.838900 1.973989 56.292330 0.000000 0.000000 0.000000 1.000000 1.000000 1.000000
SM_Grass_Patch_09 134.603900 2.021086 55.740280 0.000000 0.000000 0.000000 1.000000 1.000000 1.000000
SM_Bush_08 144.313200 1.820000 51.072000 0.000000 0.000000 0.000000 1.000000 1.000000 1.000000
SM_Rock_Formation_01 125.507200 0.650000 38.808640 0.000000 4.846670 0.000000 1.000000 1.000000 1.000000
SM_Barrels_02 154.273500 1.827810 56.294280 0.000000 0.000000 0.000000 1.000000 1.000000 1.000000
SM_Wooden_Ramp_01 109.821000 1.039000 36.896940 0.000000 0.000000 0.000000 1.000000 1.000000 1.000000
SM_Wooden_Support_08 113.043800 1.758042 36.598690 0.000000 0.000000 0.000000 1.000000 1.000000 1.000000
SM_Grass_Patch_06 136.483200 2.047141 59.156890 0.000000 0.000000 0.000000 1.000000 1.000000 1.000000
SM_Bush_03 137.511900 2.020197 59.017720 0.000000 0.000000 0.000000 1.000000 1.000000 1.000000
SM_Bush_01 139.068700 1.879780 60.861790 0.000000 0.000000 0.000000 1.000000 1.000000 1.000000
SM_Bush_02 140.239300 1.879781 62.340050 0.000000 0.000000 0.000000 1.000000 1.000000 1.000000
SM_Bush_03 139.855700 1.900334 64.706540 0.000000 0.000000 0.000000 1.000000 1.000000 1.000000
SM_Bush_08 139.486200 1.948000 66.015090 0.000000 0.000000 0.000000 1.000000 1.000000 1.000000
SM_Grass_Patch_02 138.407200 1.721000 65.100600 0.000000 0.000000 0.000000 1.000000 1.000000 1.000000
SM_Grass_Patch_02 136.894600 1.760000 65.039580 0.000000 0.000000 0.000000 1.000000 1.000000 1.000000
SM_Grass_Patch_10 137.206100 1.723000 62.647590 0.000000 0.000000 0.000000 1.000000 1.000000 1.000000
SM_Grass_Patch_10 138.188100 1.690000 62.951430 0.000000 0.915259 0.000000 1.000000 1.000000 1.000000
SM_Grass_Patch_11 135.099000 1.827000 63.709560 0.000000 0.000000 0.000000 1.000000 1.000000 1.000000
SM_Ivy_Preset_07 119.970000 13.135740 39.796810 0.000000 0.000000 0.000000 1.000000 1.000000 1.000000
SM_Ivy_Preset_04 120.520000 17.355000 33.400670 0.000000 0.000000 0.000000 1.000000 1.000000 1.000000
SM_Ivy_Preset_02 120.440000 28.273340 39.566410 0.000000 0.000000 0.000000 1.000000 1.000000 1.000000
SM_Ivy_04 120.340000 22.179460 42.130000 0.000000 1.593344 0.000000 1.000000 1.000000 1.000000
SM_Ivy_Preset_04 125.810000 12.550000 29.920000 0.000000 4.865566 0.000000 1.000000 1.000000 1.000000
SM_Ivy_01 141.073000 3.972348 75.585000 0.000000 4.286822 0.000000 1.000000 1.000000 1.000000
SM_Ivy_Corner_01 133.130000 1.630000 64.510000 0.000000 5.911245 0.000000 1.000000 1.000000 1.000000
SM_Ivy_Preset_01 156.190000 9.040000 45.540000 0.000000 3.295800 0.000000 1.000000 1.000000 1.000000
SM_Ivy_Preset_04 84.997640 16.080000 97.914550 0.000000 3.050734 0.000000 1.000000 1.000000 1.000000
SM_Ivy_Preset_03 92.963830 14.892820 105.688400 0.000000 0.000000 0.000000 1.000000 1.000000 1.000000
SM_Ivy_Preset_02 93.689740 14.870000 95.177080 0.000000 0.000000 0.000000 1.000000 1.000000 1.000000
SM_Ivy_Preset_04 115.630000 23.740000 42.580000 0.000000 4.725572 0.000000 1.000000 1.000000 1.000000
SM_Bush_03 85.379400 0.691762 104.891200 0.000000 0.000000 0.000000 1.000000 1.000000 1.000000
SM_Bush_04 16.434970 3.408586 15.745430 0.000000 0.000000 0.000000 1.000000 1.000000 1.000000
SM_Bush_08 19.861650 3.560000 14.405880 0.000000 0.000000 0.000000 1.000000 1.000000 1.000000
SM_Rock_Large_01 24.790000 3.374000 17.519000 0.000000 3.267182 0.000000 1.000000 1.000000 1.000000
SM_Fern_09 24.435840 3.508818 19.304160 0.000000 0.000000 0.000000 1.000000 1.000000 1.000000
SM_Grass_Patch_05 25.491000 3.451000 20.832000 0.000000 0.000000 0.185297 1.000000 1.000000 1.000000
SM_Grass_Patch_11 25.661980 3.407094 24.330490 0.000000 0.000000 0.000000 1.000000 1.000000 1.000000
SM_Rock_Small_01 24.709260 3.512793 24.751640 0.000000 0.000000 0.000000 1.000000 1.000000 1.000000
SM_Rock_Small_03 24.310150 3.402000 24.786340 0.000000 5.550745 0.000000 1.000000 1.000000 1.000000
SM_Bush_02 17.990910 3.897000 25.406600 6.275550 6.257232 5.997117 1.000000 1.000000 1.000000
SM_Grass_Patch_05 16.627640 3.698000 23.988550 0.190804 0.575288 5.998658 1.000000 1.000000 1.000000
SM_Bush_08 15.194410 3.512000 21.377770 0.000000 0.000000 0.000000 1.000000 1.000000 1.000000
SM_Bush_07 14.281470 2.913000 19.293500 0.000000 4.313918 0.000000 1.000000 1.000000 1.000000
SM_Debris_Floor_06 32.267720 3.273280 41.472650 0.000000 5.148542 0.000000 1.000000 1.000000 1.000000
SM_Grass_Patch_02 29.891860 3.466274 39.582270 0.000000 0.000000 0.000000 1.000000 1.000000 1.000000
SM_Grass_Patch_10 33.340880 3.451107 38.381080 0.000000 0.000000 0.000000 1.000000 1.000000 1.000000
SM_Grass_Patch_11 30.962240 3.321000 37.432550 0.000000 5.531372 0.000000 1.000000 1.000000 1.000000
SM_Grass_Patch_02 26.085180 3.466275 32.988660 0.000000 0.000000 0.000000 1.000000 1.000000 1.000000
SM_Grass_Patch_08 26.696000 3.263000 33.940000 0.000000 0.000000 0.000000 1.000000 1.000000 1.000000
SM_Bush_07 24.858590 3.019000 33.026820 0.000000 4.236559 0.000000 1.000000 1.000000 1.000000
SM_Grass_Patch_08 42.542000 1.333000 56.004000 0.339463 0.624583 0.000000 1.000000 1.000000 1.000000
SM_Grass_Patch_09 41.597000 1.896000 54.038000 0.000000 5.629094 5.920179 1.000000 1.000000 1.000000
SM_Grass_Patch_07 40.590000 1.800000 57.100000 0.000000 5.682815 5.755980 1.000000 1.000000 1.000000
SM_Grass_Patch_08 39.739000 3.031000 52.478000 0.369723 0.493681 0.000000 1.000000 1.000000 1.000000
SM_Grass_Patch_05 38.690000 2.803000 64.848000 0.000000 0.420883 5.479771 1.000000 1.000000 1.000000
SM_Grass_Patch_09 37.520410 2.857234 63.055680 0.046900 0.295164 5.788061 1.000000 1.000000 1.000000
SM_Bush_07 38.327000 1.989000 64.575000 0.000000 0.256292 6.001338 1.000000 1.000000 1.000000
SM_Grass_Patch_08 45.260000 2.600000 70.670000 0.000000 0.479158 5.462555 1.000000 1.000000 1.000000
SM_Grass_Patch_09 46.509000 1.828000 71.818000 5.869164 5.648628 0.000000 1.000000 1.000000 1.000000
SM_Grass_Patch_11 45.618000 2.900000 71.656000 0.000000 0.387033 5.979727 1.000000 1.000000 1.000000
SM_Bush_03 45.287270 3.441202 71.051790 0.000000 0.000000 0.000000 1.000000 1.000000 1.000000
SM_Bush_01 46.057170 3.598008 71.891970 0.000000 0.444725 6.017179 1.000000 1.000000 1.000000
SM_Bush_02 45.225000 1.919000 69.194000 0.000000 0.431638 5.870863 1.000000 1.000000 1.000000
SM_Bush_01 53.611410 0.937567 75.607430 0.000000 0.000000 0.000000 1.000000 1.000000 1.000000
SM_Bush_07 57.568310 0.230000 81.546940 0.000000 0.000000 0.000000 1.000000 1.000000 1.000000
SM_Fence_01 69.776850 0.500000 79.913840 0.000000 0.000000 0.000000 1.000000 1.000000 1.000000
SM_Crate_04 70.657100 1.157096 80.949050 0.000000 0.000000 0.000000 1.000000 1.000000 1.000000
SM_Branch_06 68.709440 0.768684 93.017540 0.000000 0.000000 0.000000 1.000000 1.000000 1.000000
SM_Bush_08 70.780950 0.400000 94.771900 0.000000 5.503569 0.000000 1.000000 1.000000 1.000000
SM_Bush_03 73.346270 0.203166 96.181860 0.000000 0.000000 0.000000 1.000000 1.000000 1.000000
SM_Grass_Patch_10 74.844620 0.081759 94.456640 0.000000 0.875984 0.000000 1.000000 1.000000 1.000000
SM_Grass_Patch_02 74.242500 0.096931 95.602690 0.000000 0.000000 0.000000 1.000000 1.000000 1.000000
SM_Grass_Patch_03 79.544960 0.200122 90.740780 0.000000 0.000000 0.000000 1.000000 1.000000 1.000000
SM_Bush_01 76.060000 0.200000 98.040000 0.000000 4.985787 0.000000 1.000000 1.000000 1.000000
SM_Ivy_04 112.487000 2.572468 106.296000 0.000000 3.631118 0.000000 1.000000 1.000000 1.000000
SM_Ivy_Preset_01 123.021800 4.900000 96.074580 0.000000 3.711008 0.000000 0.304660 0.304660 0.304660
SM_Ivy_Preset_07 99.000000 8.990000 84.980000 0.000000 5.175186 0.000000 1.000000 1.000000 1.000000
SM_Ivy_02 60.760000 5.985000 95.070000 0.000000 2.173905 0.000000 1.000000 1.000000 1.000000
SM_Ivy_Preset_03 118.040000 8.896603 63.870000 0.000000 4.719466 0.000000 1.000000 1.000000 1.000000
SM_Ivy_01 121.171000 3.300973 69.082000 0.000000 0.897772 0.000000 1.000000 1.000000 1.000000
SM_Rock_Large_01 16.362700 3.600000 6.418299 0.000000 5.881564 0.000000 1.000000 1.000000 1.000000
SM_Grass_Patch_06 13.340000 3.480000 3.209999 0.119468 5.739588 0.000000 1.000000 1.000000 1.000000
SM_Bush_02 15.280000 3.330000 3.689999 0.089595 5.716151 0.000000 1.000000 1.000000 1.000000
SM_Rock_Small_02 13.655930 3.431932 6.397926 0.000000 0.000000 0.000000 1.000000 1.000000 1.000000
SM_Rock_Small_03 11.136870 3.431932 4.003399 0.000000 0.000000 0.000000 1.000000 1.000000 1.000000
SM_Rock_Small_01 17.270200 3.557067 19.107950 0.000000 6.110554 0.000000 1.000000 1.000000 1.000000
SM_Rock_Small_01 20.358660 3.563200 17.642640 0.000000 4.773875 0.000000 0.876260 0.876260 0.876260
SM_Grass_Patch_02 109.554600 -0.086000 93.176610 0.000000 0.000000 0.000000 1.000000 1.000000 1.000000
SM_Grass_Patch_02 109.387700 -0.151000 93.860950 0.000000 0.000000 0.000000 1.000000 1.000000 1.000000
SM_Grass_Patch_02 109.818000 -0.039000 92.790000 0.000000 0.000000 0.000000 1.000000 1.000000 1.000000
SM_Grass_Patch_02 109.526000 -0.114000 95.156000 0.000000 0.143994 0.000000 1.000000 1.000000 1.000000
SM_Grass_Patch_02 109.923400 -0.215000 94.390030 0.000000 0.000000 0.000000 1.000000 1.000000 1.000000
SM_Bush_02 110.423600 0.078000 97.271400 0.000000 0.652970 0.000000 1.000000 1.000000 1.000000
SM_Rock_Medium_01 108.392600 0.076000 88.586180 0.000000 5.489515 0.000000 1.000000 1.000000 1.000000
SM_Ash_Tree_01 145.100000 0.439470 97.149380 0.000000 0.941145 0.000000 1.536200 1.536200 1.536200
SM_Scaffolding_09 144.960000 0.140000 97.310000 0.000000 0.000000 0.000000 1.000000 1.000000 1.000000
SM_Rack_05 144.110900 0.620000 93.501020 0.000000 0.000000 0.000000 1.000000 1.000000 1.000000
SM_Wooden_Ramp_01 141.530000 0.510000 96.790000 0.000000 3.154436 0.000000 1.000000 1.000000 1.000000
SM_Wooden_Floor_Ruined_06 133.683000 0.450000 99.109930 0.000000 0.000000 0.000000 1.000000 1.000000 1.000000
SM_Barrels_01 137.494900 0.890000 101.210700 0.000000 0.000000 0.000000 1.000000 1.000000 1.000000
SM_Rock_Formation_01 108.320400 1.117008 71.464080 0.000000 0.000000 0.000000 1.000000 1.000000 1.000000
SM_Bush_02 22.560880 3.399650 52.012720 0.000000 0.000000 0.000000 1.000000 1.000000 1.000000
SM_Grass_Patch_09 28.873260 3.415028 58.218700 0.000000 0.000000 0.000000 1.000000 1.000000 1.000000
SM_Grass_Patch_08 29.545650 3.567504 61.287760 0.000000 0.000000 0.000000 1.000000 1.000000 1.000000
SM_Grass_Patch_08 32.036630 3.632604 63.993110 0.000000 0.000000 0.000000 1.000000 1.000000 1.000000
SM_Grass_Patch_09 36.852340 4.103899 68.511080 0.000000 0.000000 0.000000 1.000000 1.000000 1.000000
SM_Bush_08 33.790380 3.994136 66.799790 0.000000 0.000000 0.000000 1.000000 1.000000 1.000000
SM_Grass_Patch_08 27.763140 4.256232 70.844510 0.000000 0.000000 0.000000 1.000000 1.000000 1.000000
SM_Grass_Patch_08 29.080690 3.799588 68.147710 0.000000 0.000000 0.000000 1.000000 1.000000 1.000000
SM_Grass_Patch_09 31.485490 4.257368 77.030910 0.000000 0.000000 0.000000 1.000000 1.000000 1.000000
SM_Rock_Large_01 24.809190 4.053084 72.951970 0.000000 0.000000 0.000000 1.000000 1.000000 1.000000
SM_Rock_Formation_04 16.830630 3.431932 62.349170 0.000000 0.000000 0.000000 1.000000 1.000000 1.000000
SM_Cliff_Formation_02 20.750000 -3.350000 103.140000 0.000000 0.000000 0.000000 1.203965 1.203965 1.203965
SM_Cliff_Formation_02 6.199999 -2.600000 83.100000 0.000000 2.265707 0.000000 1.203965 1.203965 1.203965
SM_Bush_01 49.364520 3.601076 21.817830 0.000000 0.000000 0.000000 1.000000 1.000000 1.000000
SM_Grass_Patch_08 46.257340 3.290880 17.996570 0.000000 0.000000 0.000000 1.000000 1.000000 1.000000
SM_Grass_Patch_09 49.068670 3.616459 35.036050 0.000000 0.000000 0.000000 1.000000 1.000000 1.000000
SM_Grass_Patch_09 43.272310 3.080000 32.630890 0.000000 1.016725 0.000000 1.954600 1.954600 1.954600
SM_Rock_Formation_01 51.410000 3.589087 29.120000 0.000000 4.240459 0.000000 1.000000 1.000000 1.000000
SM_Grass_Patch_09 60.013020 0.155150 15.199360 0.000000 0.000000 0.000000 1.000000 1.000000 1.000000
SM_Bush_08 55.809730 0.779418 16.196650 0.000000 0.000000 0.000000 1.000000 1.000000 1.000000
SM_Grass_Patch_09 49.263000 1.300000 18.723000 0.000000 0.000000 0.000000 3.109500 3.109500 3.109500
SM_Rock_Pile_01 56.532780 0.544082 18.228730 0.000000 0.000000 0.000000 1.000000 1.000000 1.000000
SM_Rock_Pile_01 49.276970 0.819098 11.449870 0.000000 2.231314 0.000000 1.000000 1.000000 1.000000
SM_Grass_Patch_08 45.645150 3.615324 29.392380 0.000000 0.000000 0.000000 1.000000 1.000000 1.000000
SM_Grass_Patch_09 19.292440 3.459304 61.167900 0.000000 0.000000 0.000000 1.000000 1.000000 1.000000
SM_Grass_Patch_08 25.024430 3.420000 61.136000 0.000000 0.000000 0.000000 1.000000 1.000000 1.000000
SM_Ash_Tree_02 82.800000 0.340000 74.780000 0.000000 0.000000 0.000000 1.954600 1.954600 1.954600
SM_Bush_07 83.958490 0.118527 80.577460 0.000000 0.000000 0.000000 1.000000 1.000000 1.000000
SM_Grass_Patch_09 81.930030 0.027373 76.017320 0.000000 0.000000 0.000000 1.000000 1.000000 1.000000
SM_Grass_Patch_11 82.879920 0.019434 78.018000 0.000000 0.000000 0.000000 1.000000 1.000000 1.000000
SM_Grass_Patch_05 87.406210 0.014640 70.633090 0.000000 0.000000 0.000000 1.000000 1.000000 1.000000
SM_Grass_Patch_07 84.850000 -0.420000 71.882000 0.000000 0.000000 0.000000 2.449600 2.449600 2.449600
SM_Grass_Patch_08 88.870220 -0.480000 76.110330 0.000000 5.650795 0.000000 1.771900 1.771900 1.771900
SM_Grass_Patch_08 42.870040 4.256232 87.614470 0.000000 0.000000 0.000000 1.000000 1.000000 1.000000
SM_Bush_07 42.790070 4.330212 91.820010 0.000000 0.000000 0.000000 1.000000 1.000000 1.000000
SM_Ash_Tree_03 46.667560 4.229992 89.777760 0.000000 0.000000 0.000000 1.000000 1.000000 1.000000
SM_Fern_01 39.670880 4.235543 89.518060 0.000000 0.000000 0.000000 1.000000 1.000000 1.000000
SM_Grass_Patch_08 45.159870 4.256236 87.968000 0.000000 0.000000 0.000000 1.000000 1.000000 1.000000
SM_Grass_Patch_09 46.863350 4.257363 89.654650 0.000000 0.000000 0.000000 1.000000 1.000000 1.000000
SM_Grass_Patch_08 38.042820 4.036495 73.354380 0.000000 0.000000 0.000000 1.000000 1.000000 1.000000
SM_Grass_Patch_08 34.953780 4.133000 71.854870 0.000000 5.579630 0.000000 1.000000 1.000000 1.000000
SM_Grass_Patch_09 60.002870 1.069284 57.120100 0.000000 0.000000 0.000000 1.000000 1.000000 1.000000
SM_Grass_Patch_08 62.413590 0.136104 61.589070 0.000000 0.000000 0.000000 1.000000 1.000000 1.000000
SM_Bush_03 87.412680 0.691760 110.679700 0.000000 0.000000 0.000000 1.000000 1.000000 1.000000
SM_Grass_Patch_08 88.550690 0.685458 111.671900 0.000000 0.000000 0.000000 1.000000 1.000000 1.000000
SM_Chest_01 86.656620 0.666777 111.914100 0.000000 0.000000 0.000000 1.000000 1.000000 1.000000
SM_Chest_lid_01 87.934340 0.631000 110.278000 0.000000 0.654079 0.000000 1.000000 1.000000 1.000000
SM_Ash_Tree_03 124.532500 -1.311600 100.750900 0.000000 1.894988 0.000000 1.660000 1.660000 1.660000
SM_Grass_Patch_09 123.890800 0.668277 102.965800 0.000000 0.000000 0.000000 1.000000 1.000000 1.000000
SM_Bush_07 104.092900 1.217230 74.641750 0.000000 0.000000 0.000000 1.000000 1.000000 1.000000
SM_Bush_08 116.272100 1.428461 66.154010 0.000000 0.733268 0.000000 1.000000 1.000000 1.000000
SM_Grass_Patch_01 116.851200 0.499567 67.820290 0.000000 0.000000 0.000000 1.000000 1.000000 1.000000
SM_Grass_Patch_08 114.426800 1.384439 69.106090 0.000000 0.000000 0.000000 1.000000 1.000000 1.000000
SM_Grass_Patch_09 113.033300 1.633054 70.122700 0.000000 0.694129 0.000000 1.000000 1.000000 1.000000
SM_Ash_Tree_02 113.410000 1.390000 68.194270 0.000000 0.000000 0.000000 0.534480 0.534480 0.534480
SM_Grass_Patch_08 113.333000 1.912340 61.540180 0.000000 0.000000 0.000000 1.000000 1.000000 1.000000
SM_Bush_08 112.596700 2.178230 60.924600 0.000000 0.000000 0.000000 1.000000 1.000000 1.000000
SM_Rock_Medium_01 113.823900 2.523837 61.196900 0.000000 0.000000 0.000000 1.000000 1.000000 1.000000
SM_Rock_Small_02 117.641500 0.811795 65.580360 0.000000 0.000000 0.000000 1.000000 1.000000 1.000000
SM_Bush_02 117.743400 1.898091 59.941940 0.000000 0.000000 0.000000 1.000000 1.000000 1.000000
SM_Bush_03 113.918300 3.223575 61.391040 0.000000 0.000000 0.000000 1.000000 1.000000 1.000000
SM_Bush_01 114.142000 3.165652 60.789510 0.000000 0.000000 0.000000 1.000000 1.000000 1.000000
SM_Grass_Patch_11 124.319000 1.847000 60.425000 0.000000 0.000000 0.000000 1.000000 1.000000 1.000000
SM_Bush_07 140.063800 1.986315 26.286500 0.000000 0.000000 0.000000 1.000000 1.000000 1.000000
SM_Rock_Small_01 138.468000 2.011234 25.618430 0.000000 0.000000 0.000000 1.000000 1.000000 1.000000
SM_Rock_Formation_05 141.414900 1.886100 24.854310 0.000000 5.521047 0.000000 1.000000 1.000000 1.000000
SM_Grass_Patch_08 137.906400 1.912337 23.458070 0.000000 0.000000 0.000000 1.000000 1.000000 1.000000
SM_Grass_Patch_09 142.598000 1.913469 21.865310 0.000000 0.000000 0.000000 1.000000 1.000000 1.000000
SM_Ash_Tree_01 152.850000 1.009501 21.999960 0.000000 0.650643 0.000000 1.076600 1.076600 1.076600
SM_Grass_Patch_09 150.729600 1.730000 24.520070 0.000000 0.000000 0.000000 1.000000 1.000000 1.000000
SM_Bush_07 154.305000 1.986316 18.799950 0.000000 0.000000 0.000000 1.000000 1.000000 1.000000
SM_Bush_07 149.509800 1.986314 69.028060 0.000000 0.854336 0.000000 1.000000 1.000000 1.000000
SM_Grass_Patch_11 148.541900 1.905536 68.031360 0.000000 0.000000 0.000000 1.000000 1.000000 1.000000
SM_Grass_Patch_09 148.493200 1.913476 69.364530 0.000000 0.000000 0.000000 1.000000 1.000000 1.000000
SM_Grass_Patch_06 98.425990 0.131144 101.313900 0.000000 0.000000 0.000000 1.000000 1.000000 1.000000
SM_Bush_07 91.926930 0.500335 103.458200 0.000000 0.000000 0.000000 1.000000 1.000000 1.000000
SM_Grass_Patch_06 85.464120 0.410000 102.762200 0.000000 1.194196 0.000000 1.000000 1.000000 1.000000
SM_Grass_Patch_10 86.559590 0.240000 103.071400 0.000000 0.000000 0.000000 1.000000 1.000000 1.000000
SM_Bush_07 77.554900 -0.185000 98.952540 0.000000 0.883460 0.000000 0.528590 0.528590 0.528590
SM_Bush_04 78.758960 0.020925 99.108460 0.000000 0.000000 0.000000 1.000000 1.000000 1.000000
SM_Bush_03 74.264800 0.372882 97.209360 0.000000 0.000000 0.000000 1.000000 1.000000 1.000000
SM_Bush_07 63.667020 0.357196 65.386820 0.000000 1.464242 0.000000 1.000000 1.000000 1.000000
SM_Grass_Patch_11 42.249590 4.652288 76.935930 0.000000 0.000000 0.000000 1.000000 1.000000 1.000000
SM_Grass_Patch_09 42.450700 4.912402 75.524350 0.000000 0.000000 0.000000 1.000000 1.000000 1.000000
SM_Grass_Patch_08 40.280850 3.944932 75.275630 0.000000 0.000000 0.000000 1.000000 1.000000 1.000000
SM_Grass_Patch_04 40.601240 4.670520 78.906840 0.000000 0.000000 0.000000 1.000000 1.000000 1.000000
SM_Grass_Patch_08 42.336030 4.972742 78.908770 6.094280 0.000000 0.000000 1.000000 1.000000 1.000000
SM_Grass_Patch_09 43.935420 4.817725 80.099780 6.212908 0.392787 6.254100 1.000000 1.000000 1.000000
SM_Grass_Patch_09 41.778380 4.800000 81.637010 0.000000 0.000000 0.000000 1.000000 1.000000 1.000000
SM_Ash_Tree_03 41.977570 4.767000 81.214650 0.000000 0.000000 0.000000 1.000000 1.000000 1.000000
SM_Bush_08 34.935530 4.360000 83.749310 0.000000 0.556712 0.000000 1.000000 1.000000 1.000000
SM_Grass_Patch_09 38.794330 4.307000 83.053710 0.000000 0.000000 0.000000 1.000000 1.000000 1.000000
SM_Grass_Patch_08 35.351690 4.256233 87.624710 0.000000 0.000000 0.000000 1.000000 1.000000 1.000000
SM_Cliff_Formation_02 45.344590 3.675000 132.228900 0.000000 0.727944 0.000000 1.141350 1.141350 1.141350
SM_Rock_Formation_01 41.316890 3.272447 114.381000 0.000000 0.000000 0.000000 1.000000 1.000000 1.000000
SM_Ash_Tree_03 40.112110 6.391179 113.811300 0.000000 0.000000 0.000000 1.000000 1.000000 1.000000
SM_Ash_Tree_01 44.808000 2.270000 100.113200 0.000000 1.518613 0.000000 1.807300 1.807300 1.807300
SM_Cliff_Formation_05 138.400600 4.890000 111.482500 0.000000 0.944679 0.000000 0.664000 0.664000 0.664000
SM_Bush_08 134.013400 5.420988 117.139300 0.000000 0.000000 0.000000 1.000000 1.000000 1.000000
SM_Ash_Tree_03 139.825900 5.283318 115.103600 0.000000 0.000000 0.000000 1.000000 1.000000 1.000000
SM_Grass_Patch_09 139.113600 5.271138 117.132900 0.000000 0.000000 0.000000 1.000000 1.000000 1.000000
SM_Grass_Patch_08 139.622800 5.394351 112.563100 0.000000 0.000000 0.000000 1.000000 1.000000 1.000000
SM_Cliff_Formation_06 158.660000 8.510000 97.970000 0.000000 1.400323 0.000000 0.664000 0.664000 0.664000
SM_Rock_Formation_01 151.906300 0.002641 106.807500 0.000000 0.415663 0.000000 1.453700 1.453700 1.453700
SM_Grass_Patch_01 15.578000 3.313000 4.675999 0.000000 0.000000 0.000000 1.000000 1.000000 1.000000
SM_Grass_Patch_04 27.002540 3.360000 24.167430 0.000000 0.000000 0.000000 1.000000 1.000000 1.000000
SM_Grass_Patch_08 27.548350 3.291000 24.989200 0.000000 0.000000 0.000000 1.000000 1.000000 1.000000
SM_Grass_Patch_06 28.589470 3.287000 27.575110 0.000000 0.000000 0.000000 1.000000 1.000000 1.000000
SM_Grass_Patch_08 33.609320 3.276000 38.260810 0.000000 0.000000 0.000000 1.000000 1.000000 1.000000
SM_Grass_Patch_10 29.992730 3.313000 38.299120 0.000000 0.000000 0.000000 1.000000 1.000000 1.000000
SM_Bush_08 34.099940 3.293000 39.632050 0.000000 0.000000 0.000000 1.000000 1.000000 1.000000
SM_Grass_Patch_08 36.392330 3.299000 44.428290 0.000000 3.848897 0.000000 1.000000 1.000000 1.000000
SM_Grass_Patch_05 36.245430 3.222000 46.376420 0.000000 0.000000 0.000000 1.000000 1.000000 1.000000
SM_Grass_Patch_05 34.372340 3.220000 49.260100 0.000000 0.000000 0.000000 1.000000 1.000000 1.000000
SM_Grass_Patch_07 33.815000 3.219000 47.682000 0.000000 5.344215 0.000000 1.000000 1.000000 1.000000
SM_Grass_Patch_08 31.351000 3.249000 44.261000 0.000000 0.280056 0.000000 1.000000 1.000000 1.000000
SM_Grass_Patch_02 28.195950 3.320000 32.648570 0.000000 0.000000 0.000000 1.000000 1.000000 1.000000
SM_Grass_Patch_03 27.742000 3.305000 33.276000 0.000000 5.816438 0.000000 1.000000 1.000000 1.000000
SM_Grass_Patch_01 29.010760 3.261000 34.135970 0.000000 0.000000 0.000000 1.000000 1.000000 1.000000
SM_Bush_01 22.840610 3.374000 30.832370 0.000000 0.000000 0.000000 1.000000 1.000000 1.000000
SM_Bush_03 21.953490 3.395000 29.400380 0.000000 0.573243 0.000000 1.000000 1.000000 1.000000
SM_Grass_Patch_04 16.516000 3.978000 24.317000 6.058388 5.689218 6.085332 1.000000 1.000000 1.000000
SM_Grass_Patch_08 18.110000 3.253000 11.720000 0.000000 0.000000 0.000000 1.000000 1.000000 1.000000
SM_Grass_Patch_04 16.113000 3.260000 8.821999 0.000000 5.545057 0.000000 1.000000 1.000000 1.000000
SM_Grass_Patch_01 15.394570 3.315000 8.162857 0.000000 0.000000 0.000000 1.000000 1.000000 1.000000
SM_Rock_Formation_03 12.911000 3.091000 -0.716000 0.000000 5.949790 0.000000 0.316460 0.316460 0.316460
SM_Fern_09 12.430140 4.108484 -0.233002 0.142632 0.000000 0.000000 1.000000 1.000000 1.000000
SM_Grass_Patch_08 13.158470 3.300000 1.207016 0.000000 0.000000 0.000000 1.000000 1.000000 1.000000
SM_Bush_01 12.289740 3.399650 1.454041 0.000000 0.000000 0.000000 1.000000 1.000000 1.000000
SM_Grass_Patch_03 13.549360 3.306000 2.218010 0.000000 0.000000 0.000000 1.000000 1.000000 1.000000
SM_Grass_Patch_01 15.014330 3.283000 6.087561 0.000000 0.000000 0.000000 1.000000 1.000000 1.000000
SM_Grass_Patch_03 15.301420 3.336000 5.193661 0.000000 0.000000 0.000000 1.000000 1.000000 1.000000
SM_Grass_Patch_03 15.245950 3.241284 6.381327 0.000000 0.405924 0.299205 1.000000 1.000000 1.000000
SM_Grass_Patch_03 15.359680 3.262000 7.488512 0.000000 3.148446 0.000000 1.000000 1.000000 1.000000
SM_Bush_02 18.934070 3.399652 10.973760 0.000000 0.000000 0.000000 1.000000 1.000000 1.000000
SM_Grass_Patch_05 35.468000 3.342000 44.452000 0.000000 0.000000 0.000000 1.000000 1.000000 1.000000
SM_Grass_Patch_02 35.664440 3.229000 45.564160 0.000000 0.000000 0.000000 1.000000 1.000000 1.000000
SM_Grass_Patch_01 35.958460 3.295000 46.072360 0.000000 0.000000 0.000000 1.000000 1.000000 1.000000
SM_Grass_Patch_02 34.917000 3.316000 44.285000 0.000000 4.867516 0.000000 1.000000 1.000000 1.000000
SM_Grass_Patch_07 30.888000 3.253000 44.926000 0.000000 0.000000 0.000000 1.000000 1.000000 1.000000
SM_Ash_Tree_03 12.420150 3.490000 15.363220 0.000000 1.386116 0.000000 1.000000 1.000000 1.000000
SM_Grass_Patch_05 12.663000 3.338000 15.385000 0.000000 0.000000 0.000000 1.000000 1.000000 1.000000
SM_Grass_Patch_05 13.536000 3.413000 17.379240 0.000000 5.309513 0.000000 1.000000 1.000000 1.000000
SM_Grass_Patch_02 16.863390 3.297000 13.942290 0.000000 0.000000 0.000000 1.000000 1.000000 1.000000
SM_Grass_Patch_01 88.815660 0.023000 102.052600 0.000000 0.000000 0.000000 1.000000 1.000000 1.000000
SM_Grass_Patch_02 88.220000 0.031000 102.660000 0.000000 0.000000 0.000000 1.000000 1.000000 1.000000
SM_Grass_Patch_03 89.317760 0.090000 101.078900 0.000000 5.767910 0.000000 1.000000 1.000000 1.000000
SM_Grass_Patch_01 88.902950 0.047000 100.648400 0.000000 0.000000 0.000000 1.000000 1.000000 1.000000
SM_Grass_Patch_01 90.639540 0.055000 102.103700 0.000000 0.000000 0.000000 1.000000 1.000000 1.000000
SM_Grass_Patch_03 91.724850 0.068000 102.147500 0.000000 5.211512 0.000000 1.000000 1.000000 1.000000
SM_Grass_Patch_09 86.677000 0.024000 93.508000 0.000000 0.000000 0.000000 1.000000 1.000000 1.000000
SM_Grass_Patch_05 83.350000 -0.013000 93.154000 0.000000 4.395636 0.000000 1.000000 1.000000 1.000000
SM_Grass_Patch_04 83.423000 0.055000 92.692000 0.000000 0.000000 0.000000 1.000000 1.000000 1.000000
SM_Grass_Patch_03 76.034320 0.070000 95.358360 0.000000 0.000000 0.000000 1.000000 1.000000 1.000000
SM_Bush_04 73.131770 0.185731 95.883860 0.000000 0.000000 0.000000 1.000000 1.000000 1.000000
SM_Grass_Patch_01 72.443000 -0.009000 95.733000 0.000000 0.000000 0.000000 1.000000 1.000000 1.000000
SM_Grass_Patch_06 72.258840 0.136000 95.903720 0.000000 5.849408 0.000000 1.000000 1.000000 1.000000
SM_Grass_Patch_02 73.841000 0.126000 96.528000 0.000000 0.000000 0.000000 1.000000 1.000000 1.000000
SM_Grass_Patch_02 61.161000 0.143000 84.899000 0.000000 0.530980 5.939715 1.000000 1.000000 1.000000
SM_Grass_Patch_02 60.937000 0.134000 84.470000 0.000000 0.530980 5.939715 1.000000 1.000000 1.000000
SM_Grass_Patch_02 61.400000 0.158000 85.386000 6.191770 0.271769 5.951638 1.000000 1.000000 1.000000
SM_Grass_Patch_06 59.010000 0.085000 82.245000 0.000000 5.598598 0.000000 1.000000 1.000000 1.000000
SM_Bush_02 59.387210 0.184450 81.931140 0.000000 0.000000 0.000000 1.000000 1.000000 1.000000
SM_Grass_Patch_07 57.275000 0.019000 80.177000 0.000000 5.286495 0.000000 1.000000 1.000000 1.000000
SM_Grass_Patch_07 56.126000 0.019000 78.515000 0.000000 5.286495 0.000000 1.000000 1.000000 1.000000
SM_Grass_Patch_07 55.180000 0.019000 76.410000 0.000000 5.286495 0.000000 1.000000 1.000000 1.000000
SM_Grass_Patch_07 53.630000 0.019000 75.061000 0.000000 5.286495 0.000000 1.000000 1.000000 1.000000
SM_Grass_Patch_07 52.718000 0.019000 73.488000 0.000000 5.286495 0.000000 1.000000 1.000000 1.000000
SM_Grass_Patch_07 51.548070 0.019000 71.996540 0.000000 2.181984 0.000000 1.000000 1.000000 1.000000
SM_Grass_Patch_07 15.877000 3.262000 9.215000 0.000000 5.260304 0.000000 1.000000 1.000000 1.000000
SM_Grass_Patch_07 16.805000 3.262000 10.420000 0.000000 5.260304 0.000000 1.000000 1.000000 1.000000
SM_Grass_Patch_07 18.124000 3.262000 11.960000 0.000000 5.321767 0.000000 1.000000 1.000000 1.000000
SM_Grass_Patch_07 19.311000 3.262000 13.359000 0.000000 5.179142 0.000000 1.000000 1.000000 1.000000
SM_Grass_Patch_01 17.838250 3.282000 15.864460 0.000000 0.000000 0.000000 1.000000 1.000000 1.000000
SM_Bush_07 47.261000 -0.007000 67.159000 0.000000 2.447262 0.000000 0.634660 0.634660 0.634660
SM_Rock_Formation_01 41.810000 -0.569250 61.365000 0.000000 1.426814 0.000000 0.727857 0.725179 0.727857
SM_Grass_Patch_07 35.092270 3.164000 49.784920 0.000000 5.228641 0.000000 1.000000 1.000000 1.000000
SM_Grass_Patch_07 33.844000 3.164000 47.705000 0.000000 5.228641 0.000000 1.000000 1.000000 1.000000
SM_Grass_Patch_01 33.427000 3.261000 46.491000 0.000000 5.853890 0.000000 1.000000 1.000000 1.000000
SM_Grass_Patch_03 33.440960 3.357000 45.854130 0.000000 0.000000 0.000000 1.000000 1.000000 1.000000
SM_Grass_Patch_07 52.246000 -0.002000 72.804000 0.000000 5.421373 0.000000 1.000000 1.000000 1.000000
SM_Grass_Patch_07 14.318730 3.302000 17.766530 0.000000 4.857115 0.000000 1.000000 1.000000 1.000000
SM_Grass_Patch_07 15.523090 3.302000 21.096330 0.000000 5.173077 0.000000 1.000000 1.000000 1.000000
SM_Grass_Patch_07 16.556000 3.302000 22.898000 0.000000 5.173077 0.000000 1.000000 1.000000 1.000000
SM_Grass_Patch_07 17.423830 3.302000 24.809200 0.000000 5.266567 0.000000 1.000000 1.000000 1.000000
SM_Grass_Patch_07 20.156000 3.302000 26.810000 0.000000 5.266567 0.000000 1.000000 1.000000 1.000000
SM_Grass_Patch_07 21.501000 3.302000 28.607000 0.000000 5.266567 0.000000 1.000000 1.000000 1.000000
SM_Grass_Patch_07 22.863000 3.302000 30.423000 0.000000 5.710564 0.000000 1.000000 1.000000 1.000000
SM_Grass_Patch_07 23.951000 3.302000 31.773000 0.000000 5.191459 0.000000 1.000000 1.000000 1.000000
SM_Grass_Patch_07 25.387170 3.302000 33.147420 0.000000 0.481466 0.000000 1.000000 1.000000 1.000000
SM_Grass_Patch_07 26.834000 3.302000 33.762000 0.000000 1.793383 0.000000 1.000000 1.000000 1.000000
SM_Grass_Patch_07 27.748000 3.302000 35.379000 0.000000 1.793383 0.000000 1.000000 1.000000 1.000000
SM_Grass_Patch_07 27.394000 3.302000 37.981000 0.000000 5.243601 0.000000 1.000000 1.000000 1.000000
SM_Grass_Patch_07 28.261000 3.302000 40.160000 0.000000 5.243601 0.000000 1.000000 1.000000 1.000000
SM_Grass_Patch_07 30.227000 3.302000 43.282000 0.000000 5.243601 0.000000 1.000000 1.000000 1.000000
SM_Grass_Patch_07 31.064000 3.302000 45.225000 0.000000 0.072774 0.000000 1.000000 1.000000 1.000000
SM_Grass_Patch_07 19.908770 3.302000 28.628200 0.000000 4.435281 0.000000 1.000000 1.000000 1.000000
SM_Grass_Patch_08 39.898000 2.803000 51.334000 0.000000 5.784146 6.061000 1.000000 1.000000 1.000000
SM_Grass_Patch_08 40.479000 2.340000 52.939000 0.000000 5.784146 5.812982 1.000000 1.000000 1.000000
SM_Grass_Patch_08 43.001000 2.667000 50.704000 5.802287 4.110724 6.190101 1.000000 1.000000 1.000000
SM_Grass_Patch_07 44.129000 0.099000 64.203000 0.000000 5.297822 0.000000 1.000000 1.000000 1.000000
SM_Grass_Patch_07 45.794000 0.099000 65.769000 0.000000 5.297822 0.000000 1.000000 1.000000 1.000000
SM_Grass_Patch_07 48.780000 0.099000 69.138000 0.000000 5.351656 0.000000 1.000000 1.000000 1.000000
SM_Grass_Patch_07 51.545000 0.099000 72.148000 0.000000 5.351656 0.000000 1.000000 1.000000 1.000000
SM_Grass_Patch_07 43.352930 0.318662 64.757120 5.909806 5.297822 0.000000 1.000000 1.000000 1.000000
SM_Grass_Patch_07 60.924000 0.045000 84.983000 0.000000 2.034680 0.000000 1.000000 1.000000 1.000000
SM_Grass_Patch_07 62.305820 0.045000 86.667920 0.000000 2.262633 0.000000 1.000000 1.000000 1.000000
SM_Grass_Patch_07 64.775000 0.045000 88.382000 0.000000 2.164642 0.000000 1.000000 1.000000 1.000000
SM_Grass_Patch_07 66.283000 0.045000 90.727000 0.000000 2.164642 0.000000 1.000000 1.000000 1.000000
SM_Grass_Patch_07 67.579000 0.045000 92.468000 0.000000 2.164642 0.000000 1.000000 1.000000 1.000000
SM_Grass_Patch_07 69.734000 0.045000 94.379000 0.000000 1.890958 0.000000 1.000000 1.000000 1.000000
SM_Grass_Patch_07 71.350000 0.279000 96.519000 0.000000 1.890958 0.000000 1.000000 1.000000 1.000000
SM_Grass_Patch_07 71.746000 -0.010000 95.863000 0.000000 2.363056 0.000000 1.000000 1.000000 1.000000
SM_Grass_Patch_07 73.678790 -0.010000 97.316850 0.000000 2.202679 0.000000 1.000000 1.000000 1.000000
SM_Grass_Patch_07 75.085000 -0.010000 98.619000 0.000000 2.392610 0.000000 1.000000 1.000000 1.000000
SM_Grass_Patch_07 77.016000 -0.010000 98.623000 0.000000 1.853887 0.000000 1.000000 1.000000 1.000000
SM_Grass_Patch_07 79.734900 -0.010000 100.146800 0.000000 2.399826 0.000000 1.000000 1.000000 1.000000
SM_Grass_Patch_07 81.266000 -0.010000 101.351000 0.000000 2.399826 0.000000 1.000000 1.000000 1.000000
SM_Bush_03 80.974270 0.031000 100.055800 0.000000 0.000000 0.000000 1.000000 1.000000 1.000000
SM_Grass_Patch_03 82.294750 0.140000 101.255000 0.000000 0.000000 0.000000 1.000000 1.000000 1.000000
SM_Grass_Patch_03 82.818790 0.126000 101.382400 0.000000 0.000000 0.000000 1.000000 1.000000 1.000000
SM_Grass_Patch_07 84.841000 -0.010000 102.810000 0.000000 6.075115 0.000000 1.000000 1.000000 1.000000
SM_Grass_Patch_07 86.791000 -0.010000 103.182000 0.000000 6.075115 0.000000 1.000000 1.000000 1.000000
SM_Grass_Patch_07 88.705540 -0.010000 103.174400 0.000000 5.674559 0.000000 1.000000 1.000000 1.000000
SM_Grass_Patch_07 90.219000 0.218000 103.377000 5.946164 0.095016 0.000000 1.000000 1.000000 1.000000
SM_Grass_Patch_07 86.693000 -0.010000 103.177000 0.000000 5.993860 0.000000 1.000000 1.000000 1.000000
SM_Grass_Patch_07 91.960000 0.027000 103.296000 5.928376 0.000000 0.000000 1.000000 1.000000 1.000000
SM_Grass_Patch_07 94.034000 0.161000 103.563000 0.000000 0.000000 0.000000 1.000000 1.000000 1.000000
SM_Grass_Patch_07 97.520000 -0.047000 102.501000 0.000000 0.292266 0.000000 1.000000 1.000000 1.000000
SM_Grass_Patch_07 98.994000 -0.047000 102.380000 0.000000 4.541732 0.000000 1.000000 1.000000 1.000000
SM_Grass_Patch_07 100.721000 -0.047000 102.637000 0.000000 2.853184 0.000000 1.000000 1.000000 1.000000
SM_Grass_Patch_07 102.468000 -0.047000 102.805700 0.000000 3.082686 0.000000 1.000000 1.000000 1.000000
SM_Grass_Patch_07 104.364000 0.166000 101.922000 0.000000 3.562892 0.000000 1.000000 1.000000 1.000000
SM_Grass_Patch_07 106.428000 0.072000 100.534000 0.000000 3.780663 0.000000 1.000000 1.000000 1.000000
SM_Grass_Patch_07 108.162000 0.072000 99.401180 0.000000 3.685632 0.000000 1.000000 1.000000 1.000000
SM_Grass_Patch_07 109.272000 0.072000 98.147000 0.000000 3.596417 0.000000 1.000000 1.000000 1.000000
SM_Grass_Patch_07 111.839000 -0.055000 96.218000 0.000000 3.596417 0.000000 1.000000 1.000000 1.000000
SM_Grass_Patch_07 113.479000 -0.051000 95.075000 0.249833 3.815752 0.000000 1.000000 1.000000 1.000000
SM_Grass_Patch_07 114.688000 -0.059000 93.639000 0.249833 3.815752 0.000000 1.000000 1.000000 1.000000
SM_Grass_Patch_07 113.400000 -0.075000 94.956000 0.249833 3.815752 0.000000 1.000000 1.000000 1.000000
SM_Grass_Patch_07 117.317000 -0.111000 91.889000 5.978320 0.577030 0.000000 1.000000 1.000000 1.000000
SM_Grass_Patch_08 118.274300 0.019000 92.388030 0.000000 0.000000 0.000000 1.000000 1.000000 1.000000
SM_Grass_Patch_11 117.851500 0.265000 93.193950 0.000000 0.000000 0.000000 1.000000 1.000000 1.000000
SM_Grass_Patch_02 118.810000 -0.059000 87.881000 0.000000 0.000000 0.000000 1.000000 1.000000 1.000000
SM_Grass_Patch_03 119.494000 -0.054000 88.488000 0.000000 0.000000 0.000000 1.000000 1.000000 1.000000
SM_Grass_Patch_03 120.106300 -0.104000 88.726130 0.000000 0.000000 0.000000 1.000000 1.000000 1.000000
SM_Grass_Patch_02 120.067200 -0.095000 89.253570 0.000000 0.000000 0.000000 1.000000 1.000000 1.000000
SM_Grass_Patch_01 119.700700 -0.129000 89.254550 0.000000 0.000000 0.000000 1.000000 1.000000 1.000000
SM_Bush_02 118.197600 0.001000 91.101280 0.000000 0.000000 0.000000 1.000000 1.000000 1.000000
SM_Grass_Patch_08 119.155000 -0.006000 91.915000 6.102532 0.369674 0.000000 1.000000 1.000000 1.000000
SM_Grass_Patch_07 117.316500 0.025000 92.411510 0.000000 6.266394 0.000000 1.000000 1.000000 1.000000
SM_Grass_Patch_07 119.738000 -0.072000 90.643000 0.000000 0.643884 0.000000 1.000000 1.000000 1.000000
SM_Grass_Patch_07 121.086000 -0.072000 88.988000 0.000000 0.643884 0.000000 1.000000 1.000000 1.000000
SM_Grass_Patch_07 123.063000 -0.072000 88.334000 0.000000 0.643884 0.000000 1.000000 1.000000 1.000000
SM_Grass_Patch_07 123.940600 -0.066254 86.875320 0.171101 3.647669 0.000000 1.000000 1.000000 1.000000
SM_Grass_Patch_07 125.605000 -0.134000 85.506000 0.171101 3.647669 0.000000 1.000000 1.000000 1.000000
SM_Grass_Patch_07 126.893000 0.067000 84.357000 0.080432 3.647669 0.000000 1.000000 1.000000 1.000000
SM_Grass_Patch_06 128.491000 -0.045000 81.863000 0.000000 0.854533 0.000000 1.000000 1.000000 1.000000
SM_Grass_Patch_06 127.868000 -0.045000 82.800000 0.000000 0.659050 0.000000 1.000000 1.000000 1.000000
SM_Grass_Patch_02 127.991600 -0.145000 80.134400 0.000000 0.409620 0.000000 1.000000 1.000000 1.000000
SM_Grass_Patch_10 127.452200 -0.067000 79.734630 0.000000 0.000000 0.000000 1.000000 1.000000 1.000000
SM_Grass_Patch_11 127.139600 -0.174000 79.368030 0.000000 0.000000 0.000000 1.000000 1.000000 1.000000
SM_Rock_Pile_01 124.985000 -0.027000 76.169000 0.000000 0.000000 0.000000 0.552170 0.552170 0.552170
SM_Grass_Patch_04 130.411000 -0.015000 80.058000 6.155369 0.633413 6.204346 1.000000 1.000000 1.000000
SM_Grass_Patch_07 132.114000 -0.057000 78.313000 6.067088 0.823093 0.000000 1.000000 1.000000 1.000000
SM_Grass_Patch_07 133.557000 -0.057000 76.757000 6.067088 0.823093 0.000000 1.000000 1.000000 1.000000
SM_Grass_Patch_08 133.973000 0.054000 74.419000 0.000000 0.823404 0.347950 1.000000 1.000000 1.000000
SM_Grass_Patch_10 18.302760 3.232000 16.343760 0.000000 0.000000 0.000000 1.000000 1.000000 1.000000
SM_Bush_08 28.233660 3.716407 21.661570 0.000000 0.000000 0.000000 1.000000 1.000000 1.000000
SM_Grass_Patch_08 15.613390 3.794183 23.328040 6.229766 0.707130 5.866409 1.000000 1.000000 1.000000
SM_Grass_Patch_11 9.883432 3.168000 8.922958 0.000000 0.000000 0.000000 1.000000 1.000000 1.000000
SM_Grass_Patch_08 10.090000 3.223000 10.159000 0.000000 0.000000 0.000000 1.000000 1.000000 1.000000
SM_Rock_Pile_01 15.890000 3.399000 11.798000 0.000000 0.623601 0.000000 0.381280 0.381280 0.381280
SM_Grass_Patch_02 15.390000 3.215000 11.125000 0.000000 0.000000 0.000000 1.000000 1.000000 1.000000
SM_Grass_Patch_11 16.462010 3.173000 11.843350 0.000000 0.000000 0.000000 1.000000 1.000000 1.000000
SM_Grass_Patch_03 15.203000 3.282000 12.427660 0.000000 0.000000 0.000000 1.000000 1.000000 1.000000
SM_Grass_Patch_09 6.085094 3.271000 9.178989 0.000000 0.000000 0.000000 1.000000 1.000000 1.000000
SM_Grass_Patch_07 6.343489 3.322000 7.409571 0.000000 5.367069 0.000000 1.000000 1.000000 1.000000
SM_Grass_Patch_07 7.601999 3.322000 9.049000 0.000000 5.367069 0.000000 1.000000 1.000000 1.000000
SM_Grass_Patch_07 10.493000 3.322000 9.505001 0.000000 5.367069 0.000000 1.000000 1.000000 1.000000
SM_Grass_Patch_07 11.226000 3.272000 11.282000 0.000000 5.092112 0.000000 1.000000 1.000000 1.000000
SM_Grass_Patch_07 11.474990 3.322000 13.422410 0.000000 1.789644 0.000000 1.000000 1.000000 1.000000
SM_Grass_Patch_07 9.729000 3.349000 10.473000 6.049483 5.031169 0.000000 1.000000 1.000000 1.000000
SM_Grass_Patch_08 9.941999 3.421000 12.279000 6.120731 5.664786 0.000000 1.000000 1.000000 1.000000
SM_Grass_Patch_09 11.542060 3.191000 13.722230 0.000000 0.000000 0.000000 1.000000 1.000000 1.000000
SM_Rock_Small_02 11.950410 3.438000 11.795970 0.000000 0.000000 0.000000 1.000000 1.000000 1.000000
SM_Rock_Small_03 12.080290 3.404899 11.074190 0.000000 0.000000 0.000000 1.000000 1.000000 1.000000
SM_Grass_Patch_07 13.167870 3.232888 15.160070 6.156535 5.361420 0.000000 1.000000 1.000000 1.000000
SM_Grass_Patch_07 14.142000 3.332000 17.272000 0.074684 4.656848 0.083117 1.000000 1.000000 1.000000
SM_Grass_Patch_07 22.174000 3.190000 15.334000 0.149029 5.211637 0.000000 1.000000 1.000000 1.000000
SM_Bush_01 28.432640 3.366000 19.365220 0.000000 0.000000 0.000000 1.000000 1.000000 1.000000
SM_Grass_Patch_02 27.091060 3.392000 17.915270 0.000000 0.000000 0.000000 1.000000 1.000000 1.000000
SM_Grass_Patch_08 27.498280 3.196000 17.670000 0.059503 0.000000 0.000000 1.000000 1.000000 1.000000
SM_Grass_Patch_07 28.121810 3.364000 18.679620 0.000000 4.934321 0.000000 1.000000 1.000000 1.000000
SM_Grass_Patch_08 68.567710 0.020000 88.042760 0.000000 0.000000 0.000000 1.000000 1.000000 1.000000
SM_Grass_Patch_07 67.785000 -0.117000 89.744000 0.000000 0.599194 0.000000 1.000000 1.000000 1.000000
SM_Bush_03 68.353600 0.139000 88.430360 0.000000 0.000000 0.000000 1.000000 1.000000 1.000000
SM_Bush_08 74.443000 0.299000 87.745000 0.000000 0.000000 0.000000 0.640550 0.640550 0.640550
SM_Grass_Patch_07 74.145000 0.200000 86.411000 0.321581 5.388976 0.000000 1.000000 1.000000 1.000000
SM_Grass_Patch_07 75.154000 0.117000 87.308000 0.311915 5.643155 0.079559 1.000000 1.000000 1.000000
SM_Grass_Patch_07 78.746000 0.046000 89.164000 0.000000 5.604009 0.000000 1.000000 1.000000 1.000000
SM_Grass_Patch_09 80.583960 0.011000 91.618350 0.000000 0.000000 0.000000 1.000000 1.000000 1.000000
SM_Grass_Patch_02 83.613360 0.062000 94.075910 0.000000 0.000000 0.000000 1.000000 1.000000 1.000000
SM_Grass_Patch_02 81.640000 0.100000 92.997670 0.000000 0.000000 0.000000 1.000000 1.000000 1.000000
SM_Grass_Patch_07 85.817000 0.021000 93.625000 0.000000 5.609798 0.000000 1.000000 1.000000 1.000000
SM_Grass_Patch_07 87.652760 0.061000 94.201070 0.000000 0.266785 0.000000 1.000000 1.000000 1.000000
SM_Grass_Patch_07 88.836750 0.061000 94.586980 0.000000 5.503581 0.000000 1.000000 1.000000 1.000000
SM_Grass_Patch_07 90.339000 0.061000 95.858000 0.000000 5.503581 0.000000 1.000000 1.000000 1.000000
SM_Grass_Patch_07 92.385930 0.061000 96.772940 0.000000 0.276028 0.000000 1.000000 1.000000 1.000000
SM_Grass_Patch_07 94.146000 0.003000 96.721000 0.000000 0.171119 0.000000 1.000000 1.000000 1.000000
SM_Grass_Patch_07 96.242000 0.003000 96.116000 0.000000 0.306532 0.000000 1.000000 1.000000 1.000000
SM_Grass_Patch_07 97.549000 0.003000 95.125000 0.000000 0.956981 0.000000 1.000000 1.000000 1.000000
SM_Grass_Patch_06 98.370800 -0.110000 93.346150 0.000000 0.000000 0.000000 1.000000 1.000000 1.000000
SM_Grass_Patch_07 103.365900 0.012000 90.916000 0.242202 6.099115 6.238562 1.000000 1.000000 1.000000
SM_Grass_Patch_07 105.491700 -0.218000 90.629570 0.000000 0.000000 0.000000 1.000000 1.000000 1.000000
SM_Grass_Patch_06 107.316000 -0.219000 90.483000 0.000000 0.000000 0.000000 1.000000 1.000000 1.000000
SM_Grass_Patch_03 108.050000 0.014000 90.236000 0.000000 0.000000 0.000000 1.000000 1.000000 1.000000
SM_Grass_Patch_03 109.366000 0.074000 88.891000 0.000000 0.000000 0.000000 1.000000 1.000000 1.000000
SM_Rock_Small_01 114.435800 0.104000 90.902200 0.000000 0.582786 0.000000 1.000000 1.000000 1.000000
SM_Rock_Small_03 111.802400 0.071931 87.679810 0.000000 0.000000 0.000000 1.000000 1.000000 1.000000
SM_Rock_Small_02 113.633400 0.071931 91.860950 0.000000 0.274244 0.000000 1.000000 1.000000 1.000000
SM_Grass_Patch_07 112.034700 -0.216000 84.547290 0.000000 6.043352 0.000000 1.000000 1.000000 1.000000
SM_Grass_Patch_07 113.928000 -0.216000 84.485000 0.000000 6.238569 0.000000 1.000000 1.000000 1.000000
SM_Grass_Patch_07 115.676000 -0.075000 83.835710 0.000000 0.563583 0.000000 1.000000 1.000000 1.000000
SM_Grass_Patch_07 117.098000 -0.075000 82.836000 0.000000 0.563583 0.000000 1.000000 1.000000 1.000000
SM_Grass_Patch_07 118.677000 -0.075000 81.020000 0.000000 1.287971 0.000000 1.000000 1.000000 1.000000
SM_Grass_Patch_07 119.150000 -0.075000 79.177000 0.000000 1.287971 0.000000 1.000000 1.000000 1.000000
SM_Grass_Patch_07 120.665000 -0.176000 77.701000 0.000000 6.151730 0.000000 1.000000 1.000000 1.000000
SM_Grass_Patch_02 121.034300 -0.137000 78.357170 0.000000 0.000000 0.000000 1.000000 1.000000 1.000000
SM_Grass_Patch_08 117.563500 -0.080000 81.398480 0.000000 0.000000 0.000000 1.000000 1.000000 1.000000
SM_Grass_Patch_10 118.509100 -0.179000 82.765820 0.000000 0.000000 0.000000 1.000000 1.000000 1.000000
SM_Grass_Patch_02 118.993300 -0.120000 82.955180 0.000000 0.000000 0.000000 1.000000 1.000000 1.000000
SM_Grass_Patch_07 130.379100 -0.151000 72.824020 0.000000 0.457542 0.000000 1.000000 1.000000 1.000000
SM_Grass_Patch_07 128.345100 -0.194000 73.743680 0.000000 0.558152 0.000000 1.000000 1.000000 1.000000
SM_Grass_Patch_08 123.256000 1.156000 68.627000 0.807532 0.458971 0.000000 1.000000 1.000000 1.000000
SM_Grass_Patch_08 124.706000 0.907000 67.548000 6.172798 2.220398 0.790593 1.000000 1.000000 1.000000
SM_Grass_Patch_08 126.166000 0.994000 66.559000 6.194447 1.793678 0.806434 1.000000 1.000000 1.000000
SM_Grass_Patch_08 132.708000 0.690000 69.564000 0.008794 1.079178 0.556692 1.000000 1.000000 1.000000
SM_Rock_Formation_01 130.977000 0.470000 68.126000 0.000000 4.775204 0.000000 0.398970 0.398970 0.398970
SM_Pikes_01 61.808850 -0.690000 15.058020 0.000000 0.000000 0.000000 1.000000 1.000000 1.000000
SM_Ruins_05 53.140000 0.120000 10.200000 0.000000 5.748056 0.000000 1.000000 1.000000 1.000000
SM_Grass_Patch_01 142.125600 1.755000 37.949240 0.000000 0.000000 0.000000 1.000000 1.000000 1.000000
SM_Grass_Patch_05 140.438500 1.687000 34.096740 0.000000 0.000000 0.000000 1.000000 1.000000 1.000000
SM_Grass_Patch_07 145.580000 1.583000 48.037000 6.122983 1.470051 0.000000 1.000000 1.000000 1.000000
SM_Grass_Patch_02 144.799000 1.615000 47.986000 0.000000 0.000000 0.000000 1.000000 1.000000 1.000000
SM_Grass_Patch_03 144.792200 1.756000 47.457600 0.000000 0.000000 0.000000 1.000000 1.000000 1.000000
SM_Grass_Patch_07 145.598000 1.601000 46.107000 0.000000 1.382938 0.000000 1.000000 1.000000 1.000000
SM_Grass_Patch_07 145.425500 1.682000 43.591320 0.000000 0.000000 0.000000 1.000000 1.000000 1.000000
SM_Grass_Patch_07 145.277000 1.654000 42.405000 0.000000 1.510420 0.000000 1.000000 1.000000 1.000000
SM_Bush_01 143.437300 1.751000 40.652910 0.000000 0.000000 0.000000 1.000000 1.000000 1.000000
SM_Bush_07 139.068000 1.583000 38.518000 0.000000 0.000000 0.000000 0.675910 0.675910 0.675910
SM_Grass_Patch_02 140.857000 1.783000 37.319000 0.000000 0.000000 0.000000 1.000000 1.000000 1.000000
SM_Grass_Patch_03 140.121900 1.783000 37.467530 0.000000 0.000000 0.000000 1.000000 1.000000 1.000000
SM_Grass_Patch_06 138.421400 1.727000 36.998250 0.000000 0.000000 0.000000 1.000000 1.000000 1.000000
SM_Grass_Patch_02 13.047540 3.269000 10.950870 0.000000 0.000000 0.000000 1.000000 1.000000 1.000000
SM_Grass_Patch_02 13.373000 3.269000 10.597000 0.000000 0.000000 0.000000 1.000000 1.000000 1.000000
SM_Grass_Patch_02 12.664690 3.269000 10.202020 0.000000 6.213612 0.000000 1.000000 1.000000 1.000000
SM_Grass_Patch_03 13.197000 3.413000 9.735800 0.000000 0.000000 0.000000 0.516810 0.516810 0.516810
SM_Grass_Patch_03 13.914760 3.413000 9.527233 0.000000 1.058287 0.000000 0.516810 0.516810 0.516810
SM_Grass_Patch_03 13.322900 3.413000 12.004810 0.000000 0.473562 0.000000 0.516810 0.516810 0.516810
SM_Grass_Patch_01 13.229700 3.296000 13.843530 0.000000 0.000000 0.000000 1.000000 1.000000 1.000000
SM_Grass_Patch_01 13.497000 3.296000 11.492000 0.000000 4.433339 0.000000 1.000000 1.000000 1.000000
SM_Grass_Patch_06 47.244000 1.522000 70.943000 0.000000 0.427581 5.651046 1.000000 1.000000 1.000000
SM_Grass_Patch_06 46.722000 1.597000 70.383000 0.024069 0.771883 5.640711 1.000000 1.000000 1.000000
SM_Grass_Patch_06 46.123000 1.550000 69.634000 0.024069 0.771883 5.640711 1.000000 1.000000 1.000000
SM_Grass_Patch_06 46.026000 1.413000 68.810000 0.638886 2.439148 0.076967 1.000000 1.000000 1.000000
SM_Grass_Patch_05 44.076000 1.733000 68.094000 0.000000 0.705240 5.688148 1.000000 1.000000 1.000000
SM_Grass_Patch_05 41.687000 1.695000 66.216000 6.235789 0.846393 5.690163 1.000000 1.000000 1.000000
SM_Rock_Formation_03 37.350000 2.324931 66.500000 0.000000 5.463051 0.000000 1.000000 1.000000 1.000000
SM_Rock_Large_01 16.593430 3.189149 44.775830 0.000000 4.472161 0.000000 1.000000 1.000000 1.000000
SM_Bush_02 16.986000 3.965000 43.586000 5.943545 0.163486 0.000000 1.000000 1.000000 1.000000
SM_Rock_Large_01 47.589170 2.583000 78.933940 0.000000 4.728025 0.000000 1.000000 1.000000 1.000000
SM_Rock_Large_01 48.802000 2.583000 80.131000 0.000000 4.728025 0.000000 1.000000 1.000000 1.000000
SM_Rock_Medium_01 49.512000 2.907000 81.025000 0.000000 0.000000 0.000000 1.000000 1.000000 1.000000
SM_Bush_02 48.059000 3.420060 78.093000 0.000000 0.000000 0.000000 1.000000 1.000000 1.000000
SM_Bush_02 48.855000 3.420060 79.629000 0.000000 2.109591 0.000000 1.000000 1.000000 1.000000
SM_Bush_02 49.669020 3.435065 80.841250 0.260953 2.109591 0.000000 1.000000 1.000000 1.000000
SM_Bush_02 130.917000 0.295910 90.431000 0.000000 0.000000 0.000000 1.000000 1.000000 1.000000
SM_Bush_02 129.839000 0.295910 91.382000 0.000000 0.000000 0.000000 1.000000 1.000000 1.000000
SM_Bush_02 128.582000 0.295910 92.256000 0.000000 0.000000 0.000000 1.000000 1.000000 1.000000
SM_Bush_02 127.667000 0.295910 92.928000 0.000000 0.000000 0.000000 1.000000 1.000000 1.000000
SM_Bush_02 126.829000 0.295910 93.963000 0.000000 0.000000 0.000000 1.000000 1.000000 1.000000
SM_Bush_02 125.978000 0.295910 94.648000 0.000000 0.000000 0.000000 1.000000 1.000000 1.000000
SM_Bush_01 53.494350 0.133000 67.524510 0.000000 5.824805 0.000000 1.000000 1.000000 1.000000
SM_Grass_Patch_02 53.212000 0.418000 65.972000 0.009703 0.587204 0.198854 1.000000 1.000000 1.000000
SM_Grass_Patch_02 66.757580 0.188487 76.430760 0.000000 0.000000 0.000000 1.000000 1.000000 1.000000
SM_Bush_04 66.050510 0.101000 76.479870 0.000000 0.000000 0.000000 1.000000 1.000000 1.000000
SM_Bush_03 66.383220 0.107000 75.528300 0.000000 0.000000 0.000000 1.000000 1.000000 1.000000
SM_Grass_Patch_03 66.961940 0.091000 80.736850 0.000000 0.000000 0.000000 1.000000 1.000000 1.000000
SM_Grass_Patch_01 68.017490 0.345915 79.226520 0.000000 0.000000 0.421177 1.000000 1.000000 1.000000
SM_Bush_08 64.662000 -0.161000 77.147000 0.000000 0.000000 0.000000 1.000000 1.000000 1.000000
SM_Bush_08 65.259000 -0.161000 78.324000 0.000000 5.228583 0.000000 1.188600 1.188600 1.188600
SM_Grass_Patch_09 54.123770 -0.018000 72.646150 0.000000 0.000000 0.000000 1.000000 1.000000 1.000000
SM_Grass_Patch_02 55.521000 0.298000 73.480330 0.000000 0.000000 0.000000 1.000000 1.000000 1.000000
SM_Grass_Patch_02 56.305050 0.004000 74.209130 0.000000 0.000000 0.000000 1.000000 1.000000 1.000000
SM_Grass_Patch_10 54.253380 0.225000 74.542110 0.000000 0.000000 0.000000 1.000000 1.000000 1.000000
SM_Grass_Patch_03 55.126350 0.380000 73.114080 0.000000 0.000000 0.000000 1.000000 1.000000 1.000000
SM_Grass_Patch_01 55.973860 0.033000 73.579070 0.000000 0.000000 0.000000 1.000000 1.000000 1.000000
SM_Rock_Formation_04 130.630000 0.051724 88.040000 0.000000 0.000000 0.000000 1.471400 1.471400 1.471400
SM_Rock_Large_01 130.712500 0.172858 90.140260 0.000000 0.000000 0.000000 1.000000 1.000000 1.000000
SM_Rock_Large_01 131.903000 0.570835 87.607000 0.000000 3.173018 0.000000 1.000000 1.000000 1.000000
SM_Grass_Patch_04 53.513650 1.179675 54.909700 0.000000 0.000000 0.000000 0.928633 0.928633 0.928633
SM_Grass_Patch_04 49.737800 0.164805 64.709900 0.000000 0.000000 0.000000 0.967253 0.967253 0.967253
SM_Grass_Patch_04 51.300240 0.164805 66.847530 0.000000 0.000000 0.000000 1.047228 1.047228 1.047228
SM_Grass_Patch_04 70.403750 1.111185 80.518460 0.000000 0.000000 0.000000 0.908254 0.908254 0.908254
SM_Grass_Patch_04 71.946490 1.319608 80.061520 0.000000 0.000000 0.000000 0.980473 0.980473 0.980473
SM_Grass_Patch_04 71.747180 0.950685 82.385180 0.000000 0.000000 0.000000 0.906550 0.906550 0.906550
SM_Grass_Patch_04 68.214510 0.164805 81.940660 0.000000 0.000000 0.000000 0.931611 0.931611 0.931611
SM_Grass_Patch_04 70.611660 0.609954 83.532040 0.000000 0.000000 0.000000 1.057137 1.057137 1.057137
SM_Grass_Patch_04 71.410160 1.070498 81.338300 0.000000 0.000000 0.000000 0.927467 0.927467 0.927467
SM_Grass_Patch_04 70.029770 0.824635 81.899570 0.000000 0.000000 0.000000 1.014138 1.014138 1.014138
SM_Grass_Patch_04 73.009700 1.355063 78.074730 0.000000 0.000000 0.000000 1.039374 1.039374 1.039374
SM_Grass_Patch_04 70.156140 0.164805 84.547640 0.000000 0.000000 0.000000 0.945397 0.945397 0.945397
SM_Grass_Patch_04 72.702100 1.236111 81.217090 0.000000 0.000000 0.000000 1.045792 1.045792 1.045792
SM_Grass_Patch_04 74.627910 1.411566 81.645780 0.000000 0.000000 0.000000 1.001273 1.001273 1.001273
SM_Grass_Patch_04 73.241110 1.167397 82.302310 0.000000 0.000000 0.000000 0.947463 0.947463 0.947463
SM_Grass_Patch_04 108.783600 0.797594 55.417280 0.000000 0.000000 0.000000 1.008234 1.008234 1.008234
SM_Grass_Patch_04 110.090200 0.050011 38.048060 0.000000 0.000000 0.000000 0.942150 0.942150 0.942150
SM_Grass_Patch_04 109.255100 0.000000 39.135140 0.000000 0.000000 0.000000 0.943014 0.943014 0.943014
SM_Grass_Patch_04 119.564200 0.027894 111.324500 0.000000 0.000000 0.000000 0.940334 0.940334 0.940334
SM_Grass_Patch_04 120.892400 0.076059 109.507200 0.000000 0.000000 0.000000 1.048842 1.048842 1.048842
SM_Grass_Patch_04 158.055300 0.866847 87.626340 0.000000 0.000000 0.000000 0.983734 0.983734 0.983734
SM_Grass_Patch_04 158.284300 0.786326 86.229980 0.000000 0.000000 0.000000 1.009772 1.009772 1.009772
SM_Grass_Patch_04 157.926800 0.907111 85.112460 0.000000 0.000000 0.000000 0.917417 0.917417 0.917417
SM_Grass_Patch_04 159.419400 0.368920 83.466370 0.000000 0.000000 0.000000 0.991277 0.991277 0.991277
SM_Grass_Patch_04 158.382700 1.886102 22.601610 0.000000 0.000000 0.000000 0.943752 0.943752 0.943752
SM_Grass_Patch_04 158.146700 1.886102 23.938430 0.000000 0.000000 0.000000 1.053076 1.053076 1.053076
SM_Grass_Patch_04 159.888600 1.886102 23.510770 0.000000 0.000000 0.000000 1.005436 1.005436 1.005436
SM_Grass_Patch_04 159.410400 1.886102 22.095970 0.000000 0.000000 0.000000 1.012493 1.012493 1.012493
SM_Grass_Patch_04 22.133560 3.772203 68.529820 0.000000 0.000000 0.000000 0.997397 0.997397 0.997397
SM_Grass_Patch_04 21.700260 3.710862 67.132840 0.000000 0.000000 0.000000 0.905181 0.905181 0.905181
SM_Grass_Patch_04 53.673580 0.963570 52.833040 0.000000 0.000000 0.000000 0.975341 0.975341 0.975341
SM_Grass_Patch_04 54.533390 1.069955 54.019060 0.000000 0.000000 0.000000 1.063729 1.063729 1.063729
SM_Bush_03 23.031660 3.706328 64.544900 0.000000 0.000000 0.000000 0.979464 0.979464 0.979464
SM_Bush_03 52.720930 0.944626 51.804260 0.000000 0.000000 0.000000 1.029752 1.029752 1.029752
SM_Bush_03 51.549890 1.146272 54.155930 0.000000 0.000000 0.000000 0.969103 0.969103 0.969103
SM_Bush_03 55.265840 1.135248 54.906040 0.000000 0.000000 0.000000 1.005881 1.005881 1.005881
SM_Bush_03 52.580540 1.144581 54.454000 0.000000 0.000000 0.000000 0.909012 0.909012 0.909012
SM_Bush_03 54.388640 1.190258 55.621150 0.000000 0.000000 0.000000 0.950168 0.950168 0.950168
SM_Bush_03 51.387290 1.117012 53.107760 0.000000 0.000000 0.000000 0.988228 0.988228 0.988228
SM_Bush_03 52.317870 1.039499 52.750210 0.000000 0.000000 0.000000 0.978148 0.978148 0.978148
SM_Bush_03 53.533040 1.068285 53.802980 0.000000 0.000000 0.000000 0.913105 0.913105 0.913105
SM_Bush_03 72.851560 1.355063 79.349410 0.000000 0.000000 0.000000 0.959633 0.959633 0.959633
SM_Bush_03 69.135680 0.758494 81.330520 0.000000 0.000000 0.000000 0.935243 0.935243 0.935243
SM_Bush_03 69.723360 0.598900 82.894300 0.000000 0.000000 0.000000 0.959950 0.959950 0.959950
SM_Bush_03 73.808110 1.355063 79.959530 0.000000 0.000000 0.000000 0.947095 0.947095 0.947095
SM_Bush_03 73.694080 1.356759 81.079280 0.000000 0.000000 0.000000 1.072297 1.072297 1.072297
SM_Bush_03 68.832920 0.164805 83.424990 0.000000 0.000000 0.000000 0.984830 0.984830 0.984830
SM_Bush_03 72.484120 0.952305 83.108290 0.000000 0.000000 0.000000 0.932404 0.932404 0.932404
SM_Bush_03 75.684610 0.000000 68.861040 0.000000 0.000000 0.000000 1.031727 1.031727 1.031727
SM_Bush_03 74.744080 0.036623 71.438320 0.000000 0.000000 0.000000 0.923800 0.923800 0.923800
SM_Bush_03 74.982920 0.004101 70.347500 0.000000 0.000000 0.000000 1.018939 1.018939 1.018939
SM_Bush_03 75.943580 0.018312 70.574170 0.000000 0.000000 0.000000 0.948351 0.948351 0.948351
SM_Bush_03 75.807880 0.036623 71.656360 0.000000 0.000000 0.000000 1.066055 1.066055 1.066055
SM_Bush_03 74.939690 1.355063 80.465900 0.000000 0.000000 0.000000 1.063640 1.063640 1.063640
SM_Grass_Patch_02 75.972530 1.355063 80.466400 0.000000 0.000000 0.000000 0.928857 0.928857 0.928857
SM_Bush_03 108.684800 0.506318 53.695320 0.000000 0.000000 0.000000 1.040004 1.040004 1.040004
SM_Bush_03 109.059300 1.062586 56.486550 0.000000 0.000000 0.000000 0.981872 0.981872 0.981872
SM_Bush_03 108.157900 0.596621 54.589200 0.000000 0.000000 0.000000 1.090408 1.090408 1.090408
SM_Bush_03 109.198200 0.385528 52.664630 0.000000 0.000000 0.000000 0.942956 0.942956 0.942956
SM_Bush_03 107.969200 0.946788 56.226880 0.000000 0.000000 0.000000 0.943155 0.943155 0.943155
SM_Bush_03 107.575000 0.418745 53.416820 0.000000 0.000000 0.000000 0.919724 0.919724 0.919724
SM_Grass_Patch_09 74.482100 0.000000 69.570020 0.000000 0.000000 0.000000 0.902431 0.902431 0.902431
SM_Grass_Patch_09 75.522350 1.373910 79.679350 0.000000 0.000000 0.000000 1.071883 1.071883 1.071883
SM_Grass_Patch_09 72.921840 1.367877 80.265910 0.000000 0.000000 0.000000 0.996197 0.996197 0.996197
SM_Grass_Patch_09 70.808980 0.792034 82.644450 0.000000 0.000000 0.000000 1.070774 1.070774 1.070774
SM_Grass_Patch_09 120.226900 0.000000 112.130300 0.000000 0.000000 0.000000 0.969749 0.969749 0.969749
SM_Grass_Patch_09 120.650200 0.000000 110.960300 0.000000 0.000000 0.000000 0.917261 0.917261 0.917261
SM_Grass_Patch_09 117.516300 0.066887 113.023000 0.000000 0.000000 0.000000 1.024844 1.024844 1.024844
SM_Grass_Patch_09 116.574200 0.073247 113.254700 0.000000 0.000000 0.000000 0.917782 0.917782 0.917782
SM_Grass_Patch_09 121.853000 0.000000 110.322800 0.000000 0.000000 0.000000 0.977760 0.977760 0.977760
SM_Grass_Patch_04 10.898320 3.812296 18.896680 0.000000 0.000000 0.000000 1.073346 1.073346 1.073346
SM_Grass_Patch_04 9.007195 3.918696 19.817830 0.000000 0.000000 0.000000 0.922966 0.922966 0.922966
SM_Grass_Patch_04 12.700410 3.794458 21.210780 0.000000 0.000000 0.000000 1.014263 1.014263 1.014263
SM_Grass_Patch_04 14.589470 3.435770 19.877680 0.000000 0.000000 0.000000 0.996573 0.996573 0.996573
SM_Grass_Patch_04 14.563460 3.773470 22.543020 0.000000 0.000000 0.000000 0.957720 0.957720 0.957720
SM_Grass_Patch_04 5.671204 3.868609 19.260120 0.000000 0.000000 0.000000 0.904870 0.904870 0.904870
SM_Grass_Patch_04 9.292847 3.827138 16.839110 0.000000 0.000000 0.000000 0.902560 0.902560 0.902560
SM_Grass_Patch_04 12.552970 3.408185 14.915620 0.000000 0.000000 0.000000 0.919087 0.919087 0.919087
SM_Grass_Patch_04 7.894215 3.704829 13.800110 0.000000 0.000000 0.000000 0.982659 0.982659 0.982659
SM_Grass_Patch_04 7.445786 3.845449 18.039830 0.000000 0.000000 0.000000 1.003560 1.003560 1.003560
SM_Grass_Patch_04 6.370184 3.735579 14.309170 0.000000 0.000000 0.000000 0.937071 0.937071 0.937071
SM_Grass_Patch_04 9.053535 4.087738 21.911150 0.000000 0.000000 0.000000 0.935118 0.935118 0.935118
SM_Grass_Patch_04 6.466631 4.093238 22.270580 0.000000 0.000000 0.000000 1.031048 1.031048 1.031048
SM_Grass_Patch_04 9.516628 3.753891 14.892020 0.000000 0.000000 0.000000 1.027298 1.027298 1.027298
SM_Grass_Patch_04 7.674326 3.990470 20.924930 0.000000 0.000000 0.000000 1.078959 1.078959 1.078959
SM_Grass_Patch_04 5.338139 3.589087 13.173030 0.000000 0.000000 0.000000 0.975652 0.975652 0.975652
SM_Grass_Patch_04 7.467751 3.790514 15.986360 0.000000 0.000000 0.000000 1.018492 1.018492 1.018492
SM_Grass_Patch_04 8.937735 3.586166 11.881570 0.000000 0.000000 0.000000 1.022339 1.022339 1.022339
SM_Grass_Patch_04 13.377410 3.541194 18.241900 0.000000 0.000000 0.000000 0.967184 0.967184 0.967184
SM_Grass_Patch_04 3.037933 3.680645 18.650450 0.000000 0.000000 0.000000 0.929202 0.929202 0.929202
SM_Grass_Patch_04 3.123531 3.644021 14.644700 0.000000 0.000000 0.000000 1.069482 1.069482 1.069482
SM_Grass_Patch_04 11.056650 3.548434 12.741020 0.000000 0.000000 0.000000 1.044403 1.044403 1.044403
SM_Grass_Patch_04 5.683462 3.808826 17.171020 0.000000 0.000000 0.000000 0.965733 0.965733 0.965733
SM_Grass_Patch_04 5.950739 3.698956 11.522160 0.000000 0.000000 0.000000 1.054214 1.054214 1.054214
SM_Grass_Patch_04 3.343145 3.644021 12.536350 0.000000 0.000000 0.000000 0.974428 0.974428 0.974428
SM_Grass_Patch_04 7.856815 3.552463 9.899329 0.000000 0.000000 0.000000 1.072104 1.072104 1.072104
SM_Grass_Patch_04 0.802820 3.515840 15.781860 0.000000 0.000000 0.000000 1.018445 1.018445 1.018445
SM_Grass_Patch_04 1.342600 3.526692 13.074430 0.000000 0.000000 0.000000 0.996413 0.996413 0.996413
SM_Grass_Patch_04 2.399473 3.570775 10.303030 0.000000 0.000000 0.000000 1.085148 1.085148 1.085148
SM_Grass_Patch_04 4.121454 3.609877 9.835156 0.000000 0.000000 0.000000 1.064621 1.064621 1.064621
SM_Grass_Patch_04 5.615456 3.589087 8.526760 0.000000 0.000000 0.000000 1.057776 1.057776 1.057776
SM_Grass_Patch_04 1.571987 3.516952 11.569950 0.000000 0.000000 0.000000 0.911733 0.911733 0.911733
SM_Grass_Patch_04 2.840786 3.589087 16.397750 0.000000 0.000000 0.000000 1.088228 1.088228 1.088228
SM_Grass_Patch_04 2.877724 3.515840 7.751941 0.000000 0.000000 0.000000 0.927498 0.927498 0.927498
SM_Grass_Patch_04 0.188911 3.421351 10.600000 0.000000 0.000000 0.000000 0.998915 0.998915 0.998915
SM_Grass_Patch_04 0.222364 3.468282 14.125450 0.000000 0.000000 0.000000 1.069399 1.069399 1.069399
SM_Grass_Patch_04 4.808712 3.591233 15.321660 0.000000 0.000000 0.000000 0.938746 0.938746 0.938746
SM_Grass_Patch_04 1.354881 3.460905 8.554609 0.000000 0.000000 0.000000 1.071864 1.071864 1.071864
SM_Grass_Patch_04 4.491093 3.584380 7.369967 0.000000 0.000000 0.000000 1.045500 1.045500 1.045500
SM_Grass_Patch_04 2.737179 3.635194 21.673720 0.000000 0.000000 0.000000 1.061020 1.061020 1.061020
SM_Grass_Patch_04 1.427189 3.490205 20.552180 0.000000 0.000000 0.000000 1.004731 1.004731 1.004731
SM_Grass_Patch_04 4.062468 3.829197 20.955100 0.000000 0.000000 0.000000 0.906365 0.906365 0.906365
SM_Grass_Patch_04 8.702459 4.253620 23.795340 0.000000 0.000000 0.000000 1.019885 1.019885 1.019885
SM_Grass_Patch_04 5.649685 3.966210 20.874180 0.000000 0.000000 0.000000 0.931420 0.931420 0.931420
SM_Grass_Patch_04 10.889630 3.981105 21.422160 0.000000 0.000000 0.000000 1.001368 1.001368 1.001368
SM_Grass_Patch_04 3.530716 3.841599 24.889320 0.000000 0.000000 0.000000 0.984750 0.984750 0.984750
SM_Grass_Patch_04 3.459021 3.795559 23.367460 0.000000 0.000000 0.000000 1.023301 1.023301 1.023301
SM_Grass_Patch_04 7.494202 4.284929 26.877700 0.000000 0.000000 0.000000 1.001702 1.001702 1.001702
SM_Grass_Patch_04 5.844212 4.270881 24.411380 0.000000 0.000000 0.000000 0.926194 0.926194 0.926194
SM_Grass_Patch_04 4.661446 3.895661 26.993390 0.000000 0.000000 0.000000 0.994984 0.994984 0.994984
SM_Grass_Patch_04 8.967457 4.408521 26.523330 0.000000 0.000000 0.000000 0.999140 0.999140 0.999140
SM_Grass_Patch_04 10.909980 4.217382 23.927370 0.000000 0.000000 0.000000 1.097612 1.097612 1.097612
SM_Grass_Patch_04 7.534416 4.339864 24.861160 0.000000 0.000000 0.000000 1.013628 1.013628 1.013628
SM_Grass_Patch_04 3.071014 3.442593 26.426560 0.000000 0.000000 0.000000 0.973756 0.973756 0.973756
SM_Grass_Patch_04 2.011276 3.372134 24.447540 0.000000 0.000000 0.000000 1.014171 1.014171 1.014171
SM_Grass_Patch_04 6.172516 4.232964 26.147180 0.000000 0.000000 0.000000 1.090931 1.090931 1.090931
SM_Grass_Patch_04 10.475890 4.435501 26.135680 0.000000 0.000000 0.000000 0.933918 0.933918 0.933918
SM_Grass_Patch_04 7.553633 4.254591 28.542750 0.000000 0.000000 0.000000 0.939322 0.939322 0.939322
SM_Grass_Patch_04 12.101440 4.029575 22.891300 0.000000 0.000000 0.000000 0.917313 0.917313 0.917313
SM_Grass_Patch_04 8.917210 4.507238 29.203780 0.000000 0.000000 0.000000 1.062107 1.062107 1.062107
SM_Grass_Patch_04 11.777850 4.449735 27.996730 0.000000 0.000000 0.000000 1.066260 1.066260 1.066260
SM_Grass_Patch_04 6.702160 4.037116 29.893880 0.000000 0.000000 0.000000 0.964453 0.964453 0.964453
SM_Grass_Patch_04 12.420410 4.445129 30.275140 0.000000 0.000000 0.000000 0.942926 0.942926 0.942926
SM_Grass_Patch_04 7.109600 3.691188 31.908360 0.000000 0.000000 0.000000 1.083425 1.083425 1.083425
SM_Grass_Patch_04 11.243980 4.358513 31.717320 0.000000 0.000000 0.000000 0.901418 0.901418 0.901418
SM_Grass_Patch_04 10.065860 4.616006 28.203370 0.000000 0.000000 0.000000 0.983341 0.983341 0.983341
SM_Grass_Patch_04 13.678680 4.293287 28.931780 0.000000 0.000000 0.000000 1.093506 1.093506 1.093506
SM_Grass_Patch_04 15.428830 4.112967 28.226000 0.000000 0.000000 0.000000 1.042693 1.042693 1.042693
SM_Grass_Patch_04 9.815903 4.259430 32.268440 0.000000 0.000000 0.000000 0.934031 0.934031 0.934031
SM_Grass_Patch_04 13.507820 4.076610 33.340050 0.000000 0.000000 0.000000 1.079812 1.079812 1.079812
SM_Grass_Patch_04 14.107230 4.243065 30.454350 0.000000 0.000000 0.000000 0.988182 0.988182 0.988182
SM_Grass_Patch_04 8.669785 3.661189 33.755580 0.000000 0.000000 0.000000 1.058156 1.058156 1.058156
SM_Grass_Patch_04 11.913790 3.975663 34.045160 0.000000 0.000000 0.000000 0.976340 0.976340 0.976340
SM_Grass_Patch_04 5.134155 3.791821 29.029260 0.000000 0.000000 0.000000 0.926753 0.926753 0.926753
SM_Grass_Patch_04 15.685170 4.051086 30.516790 0.000000 0.000000 0.000000 0.983223 0.983223 0.983223
SM_Grass_Patch_04 13.237250 4.214903 31.847520 0.000000 0.000000 0.000000 1.059557 1.059557 1.059557
SM_Grass_Patch_04 9.880058 3.608294 36.351280 0.000000 0.000000 0.000000 1.038519 1.038519 1.038519
SM_Grass_Patch_04 15.153940 4.065189 33.134870 0.000000 0.000000 0.000000 0.905721 0.905721 0.905721
SM_Grass_Patch_04 14.028260 4.157205 27.440950 0.000000 0.000000 0.000000 1.000466 1.000466 1.000466
SM_Grass_Patch_04 13.299460 3.827138 36.763330 0.000000 0.000000 0.000000 1.013131 1.013131 1.013131
SM_Grass_Patch_04 17.281280 4.010254 34.949620 0.000000 0.000000 0.000000 1.055663 1.055663 1.055663
SM_Grass_Patch_04 8.166351 3.079532 36.503230 0.000000 0.000000 0.000000 0.934145 0.934145 0.934145
SM_Grass_Patch_04 16.387320 3.918377 36.565220 0.000000 0.000000 0.000000 0.948600 0.948600 0.948600
SM_Grass_Patch_04 14.572630 3.868610 37.916660 0.000000 0.000000 0.000000 0.945239 0.945239 0.945239
SM_Grass_Patch_04 11.030590 3.509532 39.521910 0.000000 0.000000 0.000000 0.970544 0.970544 0.970544
SM_Grass_Patch_04 16.204930 3.795796 38.482370 0.000000 0.000000 0.000000 0.979229 0.979229 0.979229
SM_Grass_Patch_04 10.131930 3.534151 38.094770 0.000000 0.000000 0.000000 0.967740 0.967740 0.967740
SM_Grass_Patch_04 14.777730 3.801088 39.744470 0.000000 0.000000 0.000000 1.071051 1.071051 1.071051
SM_Grass_Patch_04 17.835030 3.882073 32.722360 0.000000 0.000000 0.000000 0.958082 0.958082 0.958082
SM_Grass_Patch_04 11.836610 3.677667 37.799520 0.000000 0.000000 0.000000 1.050600 1.050600 1.050600
SM_Grass_Patch_04 19.384950 3.915490 35.652360 0.000000 0.000000 0.000000 1.085546 1.085546 1.085546
SM_Grass_Patch_04 12.587040 3.471330 40.502400 0.000000 0.000000 0.000000 0.926913 0.926913 0.926913
SM_Grass_Patch_04 16.106920 3.387658 42.620330 0.000000 0.000000 0.000000 0.949622 0.949622 0.949622
SM_Grass_Patch_04 18.968620 3.600432 38.903320 0.000000 0.000000 0.000000 0.991798 0.991798 0.991798
SM_Grass_Patch_04 17.334910 3.645058 39.543760 0.000000 0.000000 0.000000 0.959024 0.959024 0.959024
SM_Grass_Patch_04 17.826730 3.425591 41.863820 0.000000 0.000000 0.000000 1.025341 1.025341 1.025341
SM_Grass_Patch_04 19.508010 3.413168 41.032330 0.000000 0.000000 0.000000 1.079107 1.079107 1.079107
SM_Grass_Patch_04 11.971110 2.801003 42.520900 0.000000 0.000000 0.000000 0.939298 0.939298 0.939298
SM_Grass_Patch_04 14.899660 2.953530 44.748540 0.000000 0.000000 0.000000 1.013261 1.013261 1.013261
SM_Grass_Patch_04 20.838940 3.401989 38.824840 0.000000 0.000000 0.000000 1.094891 1.094891 1.094891
SM_Grass_Patch_04 15.743980 3.605418 40.954400 0.000000 0.000000 0.000000 0.928775 0.928775 0.928775
SM_Grass_Patch_04 15.545740 3.085633 46.172870 0.000000 0.000000 0.000000 0.982036 0.982036 0.982036
SM_Grass_Patch_04 20.916810 3.369346 43.139450 0.000000 0.000000 0.000000 0.999718 0.999718 0.999718
SM_Grass_Patch_04 13.940150 3.397575 41.459010 0.000000 0.000000 0.000000 1.048156 1.048156 1.048156
SM_Grass_Patch_04 17.214960 3.244383 46.883370 0.000000 0.000000 0.000000 0.965377 0.965377 0.965377
SM_Grass_Patch_04 22.186660 3.067087 40.076290 0.000000 0.000000 0.000000 0.916740 0.916740 0.916740
SM_Grass_Patch_04 18.994940 3.332723 46.801320 0.000000 0.000000 0.000000 0.943820 0.943820 0.943820
SM_Grass_Patch_04 13.414580 2.512962 45.394730 0.000000 0.000000 0.000000 1.015797 1.015797 1.015797
SM_Grass_Patch_04 18.354900 3.465830 45.118900 0.000000 0.000000 0.000000 1.077511 1.077511 1.077511
SM_Grass_Patch_04 13.920870 3.066266 43.019120 0.000000 0.000000 0.000000 0.983017 0.983017 0.983017
SM_Grass_Patch_04 22.320180 3.269398 42.428410 0.000000 0.000000 0.000000 1.056181 1.056181 1.056181
SM_Grass_Patch_04 20.905870 3.644021 47.732300 0.000000 0.000000 0.000000 1.000784 1.000784 1.000784
SM_Grass_Patch_04 20.112000 3.644021 45.123480 0.000000 0.000000 0.000000 1.054600 1.054600 1.054600
SM_Grass_Patch_04 19.171190 3.374920 42.960530 0.000000 0.000000 0.000000 1.049067 1.049067 1.049067
SM_Grass_Patch_04 18.328830 3.351035 48.436070 0.000000 0.000000 0.000000 1.018691 1.018691 1.018691
SM_Grass_Patch_04 21.667330 3.476644 46.401260 0.000000 0.000000 0.000000 1.061486 1.061486 1.061486
SM_Grass_Patch_04 17.595400 3.387658 43.789220 0.000000 0.000000 0.000000 1.035717 1.035717 1.035717
SM_Grass_Patch_04 23.405910 3.515666 46.688640 0.000000 0.000000 0.000000 1.004556 1.004556 1.004556
SM_Grass_Patch_04 24.768750 3.580835 44.692090 0.000000 0.000000 0.000000 1.007464 1.007464 1.007464
SM_Grass_Patch_04 24.540860 3.253428 43.025880 0.000000 0.000000 0.000000 1.027802 1.027802 1.027802
SM_Grass_Patch_04 21.026950 3.387658 49.316030 0.000000 0.000000 0.000000 1.085283 1.085283 1.085283
SM_Grass_Patch_04 17.737620 3.424281 50.377510 0.000000 0.000000 0.000000 0.923920 0.923920 0.923920
SM_Grass_Patch_04 23.086950 3.644021 48.754570 0.000000 0.000000 0.000000 1.062559 1.062559 1.062559
SM_Grass_Patch_04 15.779830 3.289937 48.228670 0.000000 0.000000 0.000000 0.950671 0.950671 0.950671
SM_Grass_Patch_04 22.559560 3.433798 44.143700 0.000000 0.000000 0.000000 1.041270 1.041270 1.041270
SM_Grass_Patch_04 24.685970 3.453506 48.656880 0.000000 0.000000 0.000000 0.995111 0.995111 0.995111
SM_Grass_Patch_04 19.812730 3.387658 50.245540 0.000000 0.000000 0.000000 0.923575 0.923575 0.923575
SM_Grass_Patch_04 21.028410 3.293531 41.475240 0.000000 0.000000 0.000000 1.024790 1.024790 1.024790
SM_Grass_Patch_04 23.833330 2.963811 41.045860 0.000000 0.000000 0.000000 1.029123 1.029123 1.029123
SM_Grass_Patch_04 23.399260 2.987016 38.963830 0.000000 0.000000 0.000000 1.044605 1.044605 1.044605
SM_Grass_Patch_04 21.991420 3.431587 37.165000 0.000000 0.000000 0.000000 1.046108 1.046108 1.046108
SM_Grass_Patch_04 21.991540 3.676999 34.889470 0.000000 0.000000 0.000000 0.971626 0.971626 0.971626
SM_Grass_Patch_04 20.084470 3.632778 32.091570 0.000000 0.000000 0.000000 1.037875 1.037875 1.037875
SM_Grass_Patch_04 20.135040 3.890808 34.272070 0.000000 0.000000 0.000000 0.988077 0.988077 0.988077
SM_Grass_Patch_04 18.462010 3.803970 37.072680 0.000000 0.000000 0.000000 1.052745 1.052745 1.052745
SM_Grass_Patch_04 17.518970 3.769979 27.987860 0.000000 0.000000 0.000000 1.023956 1.023956 1.023956
SM_Grass_Patch_04 16.910950 3.912247 31.387170 0.000000 0.000000 0.000000 1.065379 1.065379 1.065379
SM_Grass_Patch_04 19.848870 3.424281 28.773300 0.000000 0.000000 0.000000 0.992478 0.992478 0.992478
SM_Grass_Patch_04 17.092910 3.838223 29.487890 0.000000 0.000000 0.000000 1.061306 1.061306 1.061306
SM_Grass_Patch_04 16.424490 4.005566 24.782980 0.000000 0.000000 0.000000 1.081975 1.081975 1.081975
SM_Grass_Patch_04 18.553060 3.429049 26.808410 0.000000 0.000000 0.000000 1.058126 1.058126 1.058126
SM_Grass_Patch_04 9.296766 4.434625 30.845600 0.000000 0.000000 0.000000 1.039461 1.039461 1.039461
SM_Grass_Patch_04 18.673120 3.598097 29.977600 0.000000 0.000000 0.000000 0.951565 0.951565 0.951565
SM_Grass_Patch_04 10.887830 4.638672 29.589290 0.000000 0.000000 0.000000 0.913570 0.913570 0.913570
SM_Grass_Patch_04 16.498460 4.205081 26.376630 0.000000 0.000000 0.000000 0.951995 0.951995 0.951995
SM_Grass_Patch_04 14.654260 4.010254 34.757560 0.000000 0.000000 0.000000 0.977834 0.977834 0.977834
SM_Grass_Patch_04 25.801990 3.105935 41.990810 0.000000 0.000000 0.000000 1.003857 1.003857 1.003857
SM_Grass_Patch_04 24.878600 3.589087 46.219320 0.000000 0.000000 0.000000 1.067808 1.067808 1.067808
SM_Grass_Patch_04 26.563750 3.610852 45.595520 0.000000 0.000000 0.000000 1.030717 1.030717 1.030717
SM_Grass_Patch_04 16.522330 3.387658 44.978280 0.000000 0.000000 0.000000 0.927140 0.927140 0.927140
SM_Grass_Patch_04 26.480200 3.457480 49.478170 0.000000 0.000000 0.000000 1.012532 1.012532 1.012532
SM_Grass_Patch_04 23.809370 3.644021 50.369970 0.000000 0.000000 0.000000 1.013087 1.013087 1.013087
SM_Grass_Patch_04 27.046160 3.411090 43.324940 0.000000 0.000000 0.000000 0.915773 0.915773 0.915773
SM_Grass_Patch_04 27.471490 3.549494 47.653080 0.000000 0.000000 0.000000 1.096149 1.096149 1.096149
SM_Grass_Patch_04 26.500210 3.462679 51.453060 0.000000 0.000000 0.000000 0.921690 0.921690 0.921690
SM_Grass_Patch_04 29.435030 3.589087 46.903980 0.000000 0.000000 0.000000 0.998156 0.998156 0.998156
SM_Grass_Patch_04 27.882630 3.603815 44.656930 0.000000 0.000000 0.000000 0.902546 0.902546 0.902546
SM_Grass_Patch_04 28.124840 3.460905 50.148860 0.000000 0.000000 0.000000 0.938383 0.938383 0.938383
SM_Grass_Patch_04 28.669400 3.515840 48.721980 0.000000 0.000000 0.000000 0.908068 0.908068 0.908068
SM_Grass_Patch_04 23.862360 3.387658 52.732650 0.000000 0.000000 0.000000 0.950563 0.950563 0.950563
SM_Grass_Patch_04 20.998770 3.387658 52.074790 0.000000 0.000000 0.000000 1.060455 1.060455 1.060455
SM_Grass_Patch_04 22.387490 3.387658 51.220570 0.000000 0.000000 0.000000 0.928608 0.928608 0.928608
SM_Grass_Patch_04 26.900290 3.644021 53.634450 0.000000 0.000000 0.000000 1.071555 1.071555 1.071555
SM_Grass_Patch_04 30.240800 3.505931 50.202210 0.000000 0.000000 0.000000 0.925843 0.925843 0.925843
SM_Grass_Patch_04 28.648910 3.562513 52.663900 0.000000 0.000000 0.000000 0.991409 0.991409 0.991409
SM_Grass_Patch_04 25.066000 3.387658 53.791040 0.000000 0.000000 0.000000 0.933348 0.933348 0.933348
SM_Grass_Patch_04 30.270580 3.539064 48.258640 0.000000 0.000000 0.000000 0.941232 0.941232 0.941232
SM_Grass_Patch_04 24.031620 3.387658 54.879520 0.000000 0.000000 0.000000 1.024470 1.024470 1.024470
SM_Grass_Patch_04 28.121770 3.644021 54.595830 0.000000 0.000000 0.000000 1.011097 1.011097 1.011097
SM_Grass_Patch_04 31.663050 3.442593 51.866100 0.000000 0.000000 0.000000 1.047372 1.047372 1.047372
SM_Grass_Patch_04 31.921460 3.424281 48.410450 0.000000 0.000000 0.000000 0.908008 0.908008 0.908008
SM_Grass_Patch_04 31.398980 3.460905 54.039100 0.000000 0.000000 0.000000 0.975256 0.975256 0.975256
SM_Grass_Patch_04 30.595740 3.644021 55.634290 0.000000 0.000000 0.000000 0.906284 0.906284 0.906284
SM_Grass_Patch_04 29.863610 3.644021 54.090940 0.000000 0.000000 0.000000 1.089712 1.089712 1.089712
SM_Grass_Patch_04 32.960950 3.405970 53.950010 0.000000 0.000000 0.000000 1.035361 1.035361 1.035361
SM_Grass_Patch_04 27.301190 3.405970 56.621300 0.000000 0.000000 0.000000 1.057870 1.057870 1.057870
SM_Grass_Patch_04 33.140240 3.332723 49.879330 0.000000 0.000000 0.000000 0.980641 0.980641 0.980641
SM_Grass_Patch_04 30.053300 3.515840 51.706280 0.000000 0.000000 0.000000 1.094971 1.094971 1.094971
SM_Grass_Patch_04 34.191380 3.296100 51.026070 0.000000 0.000000 0.000000 1.031726 1.031726 1.031726
SM_Grass_Patch_04 30.627570 3.644021 57.427500 0.000000 0.000000 0.000000 0.998888 0.998888 0.998888
SM_Grass_Patch_04 26.254600 3.405970 55.345800 0.000000 0.000000 0.000000 0.950074 0.950074 0.950074
SM_Grass_Patch_04 32.906170 3.604540 56.079880 0.000000 0.000000 0.000000 0.930723 0.930723 0.930723
SM_Grass_Patch_04 29.132520 3.523953 56.273610 0.000000 0.000000 0.000000 1.055143 1.055143 1.055143
SM_Grass_Patch_04 35.118030 3.300579 53.069980 0.000000 0.000000 0.000000 0.946160 0.946160 0.946160
SM_Grass_Patch_04 32.213430 3.424281 46.210950 0.000000 0.000000 0.000000 0.940540 0.940540 0.940540
SM_Grass_Patch_04 28.224800 3.382706 42.357940 0.000000 0.000000 0.000000 0.952232 0.952232 0.952232
SM_Grass_Patch_04 27.845660 3.168314 40.751460 0.000000 0.000000 0.000000 0.953317 0.953317 0.953317
SM_Grass_Patch_04 26.678390 3.000078 39.516790 0.000000 0.000000 0.000000 1.087483 1.087483 1.087483
SM_Grass_Patch_04 25.409980 2.929185 38.071400 0.000000 0.000000 0.000000 1.039286 1.039286 1.039286
SM_Grass_Patch_04 23.541360 3.292919 36.173280 0.000000 0.000000 0.000000 0.946649 0.946649 0.946649
SM_Grass_Patch_04 20.433440 3.647914 37.345840 0.000000 0.000000 0.000000 1.040886 1.040886 1.040886
SM_Grass_Patch_04 25.696500 3.424281 36.161810 0.000000 0.000000 0.000000 0.987655 0.987655 0.987655
SM_Grass_Patch_04 23.888510 3.424281 34.159570 0.000000 0.000000 0.000000 1.075795 1.075795 1.075795
SM_Grass_Patch_04 22.356210 3.424281 32.562800 0.000000 0.000000 0.000000 1.092045 1.092045 1.092045
SM_Grass_Patch_04 14.877540 3.953393 36.300220 0.000000 0.000000 0.000000 1.070754 1.070754 1.070754
SM_Grass_Patch_04 21.303940 3.424281 31.209610 0.000000 0.000000 0.000000 0.996468 0.996468 0.996468
SM_Grass_Patch_04 17.705320 3.272037 5.271116 0.000000 0.000000 0.000000 1.064638 1.064638 1.064638
SM_Grass_Patch_04 20.485300 3.176325 6.807034 0.000000 0.000000 0.000000 1.023399 1.023399 1.023399
SM_Grass_Patch_04 23.090450 3.538844 8.931116 0.000000 0.000000 0.000000 0.969179 0.969179 0.969179
SM_Grass_Patch_04 25.287800 4.089783 11.040150 0.000000 0.000000 0.000000 0.991649 0.991649 0.991649
SM_Grass_Patch_04 28.209940 4.056832 12.094700 0.000000 0.000000 0.000000 0.943812 0.943812 0.943812
SM_Grass_Patch_04 22.228300 3.667115 11.874990 0.000000 0.000000 0.000000 1.014559 1.014559 1.014559
SM_Grass_Patch_04 24.391630 3.655882 13.981370 0.000000 0.000000 0.000000 1.008181 1.008181 1.008181
SM_Grass_Patch_04 23.346220 2.204792 5.190165 0.000000 0.000000 0.000000 1.088634 1.088634 1.088634
SM_Grass_Patch_04 26.396970 1.538956 4.461076 0.000000 0.000000 0.000000 1.044575 1.044575 1.044575
SM_Grass_Patch_04 28.579130 2.551947 6.690385 0.000000 0.000000 0.000000 1.048375 1.048375 1.048375
SM_Grass_Patch_04 30.805890 4.027367 13.632800 0.000000 0.000000 0.000000 1.009840 1.009840 1.009840
SM_Grass_Patch_04 28.771780 4.022824 15.852030 0.000000 0.000000 0.000000 0.971547 0.971547 0.971547
SM_Grass_Patch_04 31.109540 3.887111 18.613900 0.000000 0.000000 0.000000 0.961448 0.961448 0.961448
SM_Grass_Patch_04 32.963140 3.985845 21.290820 0.000000 0.000000 0.000000 1.098589 1.098589 1.098589
SM_Grass_Patch_04 34.705390 4.067286 23.826030 0.000000 0.000000 0.000000 0.983951 0.983951 0.983951
SM_Grass_Patch_04 36.152470 3.875191 26.521600 0.000000 0.000000 0.000000 0.903502 0.903502 0.903502
SM_Grass_Patch_04 31.566640 3.424281 24.373340 0.000000 0.000000 0.000000 0.978236 0.978236 0.978236
SM_Grass_Patch_04 32.022760 3.424281 27.662680 0.000000 0.000000 0.000000 1.059061 1.059061 1.059061
SM_Grass_Patch_04 29.778560 3.424281 21.687690 0.000000 0.000000 0.000000 1.041808 1.041808 1.041808
SM_Grass_Patch_04 31.202170 3.564102 20.946610 0.000000 0.000000 0.000000 0.935055 0.935055 0.935055
SM_Grass_Patch_04 28.155910 3.424281 20.882470 0.000000 0.000000 0.000000 0.933454 0.933454 0.933454
SM_Grass_Patch_04 34.980580 4.209407 20.318690 0.000000 0.000000 0.000000 1.035598 1.035598 1.035598
SM_Grass_Patch_04 33.910610 4.065701 18.770280 0.000000 0.000000 0.000000 1.059670 1.059670 1.059670
SM_Grass_Patch_04 29.594750 3.566795 19.472460 0.000000 0.000000 0.000000 1.045988 1.045988 1.045988
SM_Grass_Patch_04 32.667580 3.640301 22.764980 0.000000 0.000000 0.000000 1.059506 1.059506 1.059506
SM_Grass_Patch_04 29.600820 3.424281 25.652190 0.000000 0.000000 0.000000 1.050378 1.050378 1.050378
SM_Grass_Patch_04 34.920080 4.147382 21.887320 0.000000 0.000000 0.000000 0.912308 0.912308 0.912308
SM_Grass_Patch_04 34.808820 3.786420 27.445350 0.000000 0.000000 0.000000 1.074509 1.074509 1.074509
SM_Grass_Patch_04 36.163480 3.928836 24.879040 0.000000 0.000000 0.000000 0.941078 0.941078 0.941078
SM_Grass_Patch_04 31.823140 3.424281 30.592400 0.000000 0.000000 0.000000 1.067788 1.067788 1.067788
SM_Grass_Patch_04 28.882070 3.424281 27.415410 0.000000 0.000000 0.000000 1.056411 1.056411 1.056411
SM_Grass_Patch_04 31.881480 3.424281 25.925300 0.000000 0.000000 0.000000 0.931050 0.931050 0.931050
SM_Grass_Patch_04 33.392170 3.761577 26.763990 0.000000 0.000000 0.000000 0.948749 0.948749 0.948749
SM_Grass_Patch_04 33.769950 3.485423 28.705250 0.000000 0.000000 0.000000 0.932115 0.932115 0.932115
SM_Grass_Patch_04 33.947300 3.424281 31.492240 0.000000 0.000000 0.000000 0.990314 0.990314 0.990314
SM_Grass_Patch_04 29.430840 3.424281 30.564630 0.000000 0.000000 0.000000 1.003364 1.003364 1.003364
SM_Grass_Patch_04 36.091870 3.735359 29.770350 0.000000 0.000000 0.000000 1.098770 1.098770 1.098770
SM_Grass_Patch_04 30.455060 3.424281 31.995250 0.000000 0.000000 0.000000 0.932026 0.932026 0.932026
SM_Grass_Patch_04 33.712760 3.424281 35.100560 0.000000 0.000000 0.000000 1.066699 1.066699 1.066699
SM_Grass_Patch_04 36.479030 3.488499 34.006860 0.000000 0.000000 0.000000 0.917080 0.917080 0.917080
SM_Grass_Patch_04 34.179710 3.424281 33.374740 0.000000 0.000000 0.000000 1.077657 1.077657 1.077657
SM_Grass_Patch_04 30.868270 3.424281 29.156770 0.000000 0.000000 0.000000 1.095912 1.095912 1.095912
SM_Grass_Patch_04 35.216420 3.424281 35.082520 0.000000 0.000000 0.000000 1.099395 1.099395 1.099395
SM_Grass_Patch_04 32.646080 3.424281 33.065710 0.000000 0.000000 0.000000 1.098976 1.098976 1.098976
SM_Grass_Patch_04 35.948410 3.608676 31.695140 0.000000 0.000000 0.000000 1.023238 1.023238 1.023238
SM_Grass_Patch_04 37.216010 3.794851 28.758490 0.000000 0.000000 0.000000 1.059724 1.059724 1.059724
SM_Grass_Patch_04 33.602480 3.833060 24.979100 0.000000 0.000000 0.000000 1.094415 1.094415 1.094415
SM_Grass_Patch_04 31.094640 3.424281 22.924310 0.000000 0.000000 0.000000 1.000892 1.000892 1.000892
SM_Grass_Patch_04 36.698350 3.939400 22.473280 0.000000 0.000000 0.000000 0.980413 0.980413 0.980413
SM_Grass_Patch_04 29.566200 3.424281 23.499700 0.000000 0.000000 0.000000 0.997686 0.997686 0.997686
SM_Grass_Patch_04 32.332910 4.027296 19.512780 0.000000 0.000000 0.000000 0.980798 0.980798 0.980798
SM_Grass_Patch_04 30.269710 4.088516 16.529830 0.000000 0.000000 0.000000 0.924858 0.924858 0.924858
SM_Grass_Patch_04 32.496990 3.977411 15.654250 0.000000 0.000000 0.000000 1.047213 1.047213 1.047213
SM_Grass_Patch_04 28.733810 3.825240 17.566070 0.000000 0.000000 0.000000 1.088839 1.088839 1.088839
SM_Grass_Patch_04 27.942740 3.424281 18.990980 0.000000 0.000000 0.000000 0.932634 0.932634 0.932634
SM_Grass_Patch_04 32.875550 3.991943 17.325920 0.000000 0.000000 0.000000 1.021008 1.021008 1.021008
SM_Grass_Patch_04 29.214800 4.119661 13.981100 0.000000 0.000000 0.000000 1.066108 1.066108 1.066108
SM_Grass_Patch_04 26.664300 3.777397 15.001010 0.000000 0.000000 0.000000 1.036623 1.036623 1.036623
SM_Grass_Patch_04 33.237330 3.520588 13.121590 0.000000 0.000000 0.000000 0.973070 0.973070 0.973070
SM_Grass_Patch_04 29.634040 4.028566 10.166400 0.000000 0.000000 0.000000 0.987917 0.987917 0.987917
SM_Grass_Patch_04 31.770360 3.693896 12.352190 0.000000 0.000000 0.000000 0.996916 0.996916 0.996916
SM_Grass_Patch_04 26.065120 3.902479 13.547250 0.000000 0.000000 0.000000 1.017614 1.017614 1.017614
SM_Grass_Patch_04 29.919580 4.110700 12.270610 0.000000 0.000000 0.000000 0.970692 0.970692 0.970692
SM_Grass_Patch_04 31.943960 3.370772 10.306340 0.000000 0.000000 0.000000 1.032775 1.032775 1.032775
SM_Grass_Patch_04 26.927670 4.106199 10.587570 0.000000 0.000000 0.000000 1.027524 1.027524 1.027524
SM_Grass_Patch_04 24.615440 3.424281 15.515600 0.000000 0.000000 0.000000 0.978399 0.978399 0.978399
SM_Grass_Patch_04 24.257240 2.882030 7.290390 0.000000 0.000000 0.000000 0.905083 0.905083 0.905083
SM_Grass_Patch_04 21.040660 3.546241 10.648330 0.000000 0.000000 0.000000 0.908367 0.908367 0.908367
SM_Grass_Patch_04 26.552910 4.027159 12.043260 0.000000 0.000000 0.000000 0.924258 0.924258 0.924258
SM_Grass_Patch_04 26.617570 3.515648 8.710529 0.000000 0.000000 0.000000 1.025396 1.025396 1.025396
SM_Grass_Patch_04 20.461060 3.424281 13.118380 0.000000 0.000000 0.000000 0.911019 0.911019 0.911019
SM_Grass_Patch_04 19.378100 3.369346 9.449950 0.000000 0.000000 0.000000 1.039164 1.039164 1.039164
SM_Grass_Patch_04 20.984550 3.383058 8.808500 0.000000 0.000000 0.000000 0.945973 0.945973 0.945973
SM_Grass_Patch_04 24.930340 3.659819 8.918302 0.000000 0.000000 0.000000 0.930472 0.930472 0.930472
SM_Grass_Patch_04 19.669620 3.387658 11.293040 0.000000 0.000000 0.000000 0.984616 0.984616 0.984616
SM_Grass_Patch_04 22.763630 2.799564 6.575971 0.000000 0.000000 0.000000 1.003232 1.003232 1.003232
SM_Grass_Patch_04 23.911030 3.867140 11.850950 0.000000 0.000000 0.000000 0.909653 0.909653 0.909653
SM_Grass_Patch_04 17.963780 3.296100 6.783874 0.000000 0.000000 0.000000 1.014066 1.014066 1.014066
SM_Grass_Patch_04 19.626300 3.186230 5.428776 0.000000 0.000000 0.000000 1.085991 1.085991 1.085991
SM_Grass_Patch_04 22.104970 2.110718 4.011003 0.000000 0.000000 0.000000 0.980130 0.980130 0.980130
SM_Grass_Patch_04 18.888330 2.753404 3.994091 0.000000 0.000000 0.000000 1.004703 1.004703 1.004703
SM_Grass_Patch_04 19.894220 1.751482 2.042749 0.000000 0.000000 0.000000 1.044426 1.044426 1.044426
SM_Grass_Patch_04 16.956050 2.703671 3.446157 0.000000 0.000000 0.000000 0.961062 0.961062 0.961062
SM_Grass_Patch_04 17.965370 2.257772 2.303748 0.000000 0.000000 0.000000 0.923048 0.923048 0.923048
SM_Grass_Patch_04 16.562990 2.250734 1.395048 0.000000 0.000000 0.000000 1.015357 1.015357 1.015357
SM_Grass_Patch_04 18.986940 1.021335 0.071610 0.000000 0.000000 0.000000 1.055555 1.055555 1.055555
SM_Grass_Patch_04 20.563690 0.982096 0.595307 0.000000 0.000000 0.000000 0.991900 0.991900 0.991900
SM_Grass_Patch_04 16.434730 3.347696 6.335208 0.000000 0.000000 0.000000 1.019413 1.019413 1.019413
SM_Grass_Patch_04 17.588420 3.369346 9.224733 0.000000 0.000000 0.000000 1.044913 1.044913 1.044913
SM_Grass_Patch_04 20.416470 2.407589 3.664423 0.000000 0.000000 0.000000 0.992405 0.992405 0.992405
SM_Grass_Patch_04 18.753850 3.424281 12.642650 0.000000 0.000000 0.000000 0.907018 0.907018 0.907018
SM_Grass_Patch_04 22.848920 3.424281 14.739110 0.000000 0.000000 0.000000 0.909250 0.909250 0.909250
SM_Grass_Patch_04 38.649960 3.740717 27.666410 0.000000 0.000000 0.000000 1.087915 1.087915 1.087915
SM_Grass_Patch_04 39.036090 3.787419 32.176220 0.000000 0.000000 0.000000 0.901240 0.901240 0.901240
SM_Grass_Patch_04 37.553720 3.729284 31.663730 0.000000 0.000000 0.000000 1.029964 1.029964 1.029964
SM_Grass_Patch_04 38.716890 3.589087 34.904590 0.000000 0.000000 0.000000 1.014270 1.014270 1.014270
SM_Grass_Patch_04 34.482070 3.438440 30.071250 0.000000 0.000000 0.000000 0.964285 0.964285 0.964285
SM_Grass_Patch_04 39.665050 3.912176 33.664090 0.000000 0.000000 0.000000 1.073352 1.073352 1.073352
SM_Grass_Patch_04 39.109600 3.801558 30.067800 0.000000 0.000000 0.000000 1.043670 1.043670 1.043670
SM_Grass_Patch_04 38.828460 3.772123 36.677800 0.000000 0.000000 0.000000 0.943758 0.943758 0.943758
SM_Grass_Patch_04 36.371700 3.424281 37.361520 0.000000 0.000000 0.000000 1.089161 1.089161 1.089161
SM_Grass_Patch_04 38.986180 3.607398 38.333970 0.000000 0.000000 0.000000 1.058652 1.058652 1.058652
SM_Grass_Patch_04 36.163170 3.424281 38.900840 0.000000 0.000000 0.000000 0.906371 0.906371 0.906371
SM_Grass_Patch_04 36.864110 3.472089 35.809380 0.000000 0.000000 0.000000 0.967454 0.967454 0.967454
SM_Grass_Patch_04 38.070270 3.728438 33.423360 0.000000 0.000000 0.000000 1.099263 1.099263 1.099263
SM_Grass_Patch_04 40.725800 4.036506 35.713500 0.000000 0.000000 0.000000 1.014099 1.014099 1.014099
SM_Grass_Patch_04 40.137230 3.607398 39.518490 0.000000 0.000000 0.000000 1.067263 1.067263 1.067263
SM_Grass_Patch_04 38.512990 3.552463 40.146580 0.000000 0.000000 0.000000 1.031512 1.031512 1.031512
SM_Grass_Patch_04 40.628990 3.655631 37.679300 0.000000 0.000000 0.000000 0.943669 0.943669 0.943669
SM_Grass_Patch_04 39.696550 3.583056 41.667290 0.000000 0.000000 0.000000 0.961224 0.961224 0.961224
SM_Grass_Patch_04 42.336720 3.732711 37.836980 0.000000 0.000000 0.000000 0.947900 0.947900 0.947900
SM_Grass_Patch_04 41.648430 3.607398 39.893230 0.000000 0.000000 0.000000 1.096545 1.096545 1.096545
SM_Grass_Patch_04 37.764650 3.424281 42.158440 0.000000 0.000000 0.000000 1.028565 1.028565 1.028565
SM_Grass_Patch_04 36.873970 3.424281 40.719920 0.000000 0.000000 0.000000 1.023645 1.023645 1.023645
SM_Grass_Patch_04 42.367780 3.607398 41.259850 0.000000 0.000000 0.000000 0.969778 0.969778 0.969778
SM_Grass_Patch_04 38.836500 3.424281 43.596710 0.000000 0.000000 0.000000 1.094609 1.094609 1.094609
SM_Grass_Patch_04 43.164010 3.599809 39.947510 0.000000 0.000000 0.000000 0.944230 0.944230 0.944230
SM_Grass_Patch_04 41.883870 3.607398 42.838370 0.000000 0.000000 0.000000 1.065761 1.065761 1.065761
SM_Grass_Patch_04 34.162110 3.424281 38.755940 0.000000 0.000000 0.000000 1.099825 1.099825 1.099825
SM_Grass_Patch_04 33.797550 3.424281 37.115720 0.000000 0.000000 0.000000 1.095940 1.095940 1.095940
SM_Grass_Patch_04 32.162980 3.424281 35.866980 0.000000 0.000000 0.000000 1.045929 1.045929 1.045929
SM_Grass_Patch_04 31.014000 3.424281 33.412530 0.000000 0.000000 0.000000 1.061569 1.061569 1.061569
SM_Grass_Patch_04 35.996320 3.424281 42.443360 0.000000 0.000000 0.000000 0.987161 0.987161 0.987161
SM_Grass_Patch_04 40.812190 3.508408 44.434490 0.000000 0.000000 0.000000 1.013346 1.013346 1.013346
SM_Grass_Patch_04 42.402530 3.655444 44.748650 0.000000 0.000000 0.000000 1.026332 1.026332 1.026332
SM_Grass_Patch_04 43.796460 3.607398 43.170910 0.000000 0.000000 0.000000 0.965469 0.965469 0.965469
SM_Grass_Patch_04 39.580880 3.424281 46.819100 0.000000 0.000000 0.000000 1.049329 1.049329 1.049329
SM_Grass_Patch_04 37.629760 3.424281 44.504660 0.000000 0.000000 0.000000 0.915194 0.915194 0.915194
SM_Grass_Patch_04 43.070790 3.403599 46.324450 0.000000 0.000000 0.000000 1.093724 1.093724 1.093724
SM_Grass_Patch_04 41.366210 3.503683 46.536240 0.000000 0.000000 0.000000 1.059743 1.059743 1.059743
SM_Grass_Patch_04 45.187460 3.607398 43.791080 0.000000 0.000000 0.000000 1.089948 1.089948 1.089948
SM_Grass_Patch_04 44.014100 3.607398 44.978870 0.000000 0.000000 0.000000 0.921761 0.921761 0.921761
SM_Grass_Patch_04 44.505970 3.076488 47.199590 0.000000 0.000000 0.000000 0.998136 0.998136 0.998136
SM_Grass_Patch_04 38.961530 3.424281 45.294380 0.000000 0.000000 0.000000 0.978303 0.978303 0.978303
SM_Grass_Patch_04 40.592690 3.371124 48.831760 0.000000 0.000000 0.000000 1.045570 1.045570 1.045570
SM_Grass_Patch_04 42.545380 2.832178 49.961560 0.000000 0.000000 0.000000 0.994482 0.994482 0.994482
SM_Grass_Patch_04 42.936400 3.085005 48.104290 0.000000 0.000000 0.000000 1.002996 1.002996 1.002996
SM_Grass_Patch_04 45.865240 2.570809 48.549250 0.000000 0.000000 0.000000 0.925190 0.925190 0.925190
SM_Grass_Patch_04 46.360870 3.607398 45.400010 0.000000 0.000000 0.000000 0.918688 0.918688 0.918688
SM_Grass_Patch_04 44.000940 2.688097 49.373590 0.000000 0.000000 0.000000 1.017843 1.017843 1.017843
SM_Grass_Patch_04 46.015830 1.472140 53.797380 0.000000 0.000000 0.000000 1.004419 1.004419 1.004419
SM_Grass_Patch_04 48.677210 1.203202 52.607630 0.000000 0.000000 0.000000 1.058755 1.058755 1.058755
SM_Grass_Patch_04 45.817990 1.993129 51.087500 0.000000 0.000000 0.000000 0.969113 0.969113 0.969113
SM_Grass_Patch_04 44.302960 1.108048 56.360280 0.000000 0.000000 0.000000 1.094756 1.094756 1.094756
SM_Grass_Patch_04 43.982330 1.671160 54.122200 0.000000 0.000000 0.000000 1.059466 1.059466 1.059466
SM_Grass_Patch_04 47.426610 1.253492 54.772940 0.000000 0.000000 0.000000 1.029800 1.029800 1.029800
SM_Grass_Patch_04 45.746760 1.154598 55.542760 0.000000 0.000000 0.000000 0.915273 0.915273 0.915273
SM_Grass_Patch_04 49.105930 0.905666 56.803380 0.000000 0.000000 0.000000 0.912836 0.912836 0.912836
SM_Grass_Patch_04 47.283940 0.985017 56.282540 0.000000 0.000000 0.000000 0.909297 0.909297 0.909297
SM_Grass_Patch_04 50.718050 1.128025 56.553930 0.000000 0.000000 0.000000 1.020427 1.020427 1.020427
SM_Grass_Patch_04 49.020630 1.153635 54.995770 0.000000 0.000000 0.000000 0.911817 0.911817 0.911817
SM_Grass_Patch_04 46.240280 0.718994 57.557480 0.000000 0.000000 0.000000 0.978491 0.978491 0.978491
SM_Grass_Patch_04 49.425930 0.678850 58.477170 0.000000 0.000000 0.000000 1.015004 1.015004 1.015004
SM_Grass_Patch_04 52.381520 1.153635 57.015730 0.000000 0.000000 0.000000 1.063907 1.063907 1.063907
SM_Grass_Patch_04 47.468880 0.489100 58.869290 0.000000 0.000000 0.000000 1.049989 1.049989 1.049989
SM_Grass_Patch_04 51.308980 0.721067 59.726430 0.000000 0.000000 0.000000 0.922494 0.922494 0.922494
SM_Grass_Patch_04 36.880230 2.736444 59.598260 0.000000 0.000000 0.000000 1.020481 1.020481 1.020481
SM_Grass_Patch_04 39.089490 1.807168 58.968160 0.000000 0.000000 0.000000 1.009067 1.009067 1.009067
SM_Grass_Patch_04 34.612940 3.514522 57.263570 0.000000 0.000000 0.000000 0.939146 0.939146 0.939146
SM_Grass_Patch_04 40.147700 1.626756 57.698810 0.000000 0.000000 0.000000 0.969284 0.969284 0.969284
SM_Grass_Patch_04 43.609770 0.930550 57.732630 0.000000 0.000000 0.000000 1.056213 1.056213 1.056213
SM_Grass_Patch_04 42.539540 1.496921 56.093750 0.000000 0.000000 0.000000 1.035987 1.035987 1.035987
SM_Grass_Patch_04 39.109250 2.290733 55.672610 0.000000 0.000000 0.000000 1.023112 1.023112 1.023112
SM_Grass_Patch_04 43.114210 0.700016 59.204720 0.000000 0.000000 0.000000 1.045108 1.045108 1.045108
SM_Grass_Patch_04 40.299190 2.419145 53.676640 0.000000 0.000000 0.000000 0.946650 0.946650 0.946650
SM_Grass_Patch_04 41.619870 2.548553 52.045180 0.000000 0.000000 0.000000 1.089001 1.089001 1.089001
SM_Grass_Patch_04 42.740950 2.087982 53.236970 0.000000 0.000000 0.000000 0.943383 0.943383 0.943383
SM_Grass_Patch_04 38.162570 2.394134 57.114830 0.000000 0.000000 0.000000 1.014359 1.014359 1.014359
SM_Grass_Patch_04 39.171830 2.930126 51.952020 0.000000 0.000000 0.000000 1.055038 1.055038 1.055038
SM_Grass_Patch_04 44.666040 1.835068 52.739190 0.000000 0.000000 0.000000 0.982078 0.982078 0.982078
SM_Grass_Patch_04 42.133960 1.699937 66.607350 0.000000 0.000000 0.000000 0.936000 0.936000 0.936000
SM_Grass_Patch_04 40.618860 2.976705 68.298430 0.000000 0.000000 0.000000 0.937481 0.937481 0.937481
SM_Grass_Patch_04 39.570140 2.535058 66.843220 0.000000 0.000000 0.000000 1.071036 1.071036 1.071036
SM_Grass_Patch_04 44.236270 1.306891 67.019760 0.000000 0.000000 0.000000 1.012681 1.012681 1.012681
SM_Grass_Patch_04 45.750770 0.591954 66.208460 0.000000 0.000000 0.000000 0.990031 0.990031 0.990031
SM_Grass_Patch_04 42.950270 0.797368 65.224670 0.000000 0.000000 0.000000 0.956266 0.956266 0.956266
SM_Grass_Patch_04 43.038800 2.338205 68.438840 0.000000 0.000000 0.000000 0.993585 0.993585 0.993585
SM_Grass_Patch_04 39.598090 1.741914 65.149890 0.000000 0.000000 0.000000 1.052916 1.052916 1.052916
SM_Grass_Patch_04 44.886220 0.164805 64.871480 0.000000 0.000000 0.000000 0.913891 0.913891 0.913891
SM_Grass_Patch_04 41.258880 1.277897 65.269520 0.000000 0.000000 0.000000 1.095528 1.095528 1.095528
SM_Grass_Patch_04 47.317710 0.900579 68.191190 0.000000 0.000000 0.000000 0.961015 0.961015 0.961015
SM_Grass_Patch_04 44.627440 2.279411 69.348660 0.000000 0.000000 0.000000 0.982093 0.982093 0.982093
SM_Grass_Patch_04 42.749150 3.644021 71.867840 0.000000 0.000000 0.000000 0.972473 0.972473 0.972473
SM_Grass_Patch_04 45.742460 2.846666 72.053710 0.000000 0.000000 0.000000 0.956721 0.956721 0.956721
SM_Grass_Patch_04 46.172090 3.337750 74.024510 0.000000 0.000000 0.000000 1.051814 1.051814 1.051814
SM_Grass_Patch_04 50.590060 0.655617 72.935910 0.000000 0.000000 0.000000 0.927470 0.927470 0.927470
SM_Grass_Patch_04 48.698620 2.368881 77.038930 0.000000 0.000000 0.000000 0.989192 0.989192 0.989192
SM_Grass_Patch_04 47.380470 3.313361 75.551410 0.000000 0.000000 0.000000 0.997078 0.997078 0.997078
SM_Grass_Patch_04 49.161970 1.810087 75.473750 0.000000 0.000000 0.000000 0.910676 0.910676 0.910676
SM_Grass_Patch_04 48.649180 3.644021 79.004960 0.000000 0.000000 0.000000 1.048914 1.048914 1.048914
SM_Grass_Patch_04 52.022860 1.235184 77.444720 0.000000 0.000000 0.000000 0.996981 0.996981 0.996981
SM_Grass_Patch_04 48.348660 1.959018 74.069760 0.000000 0.000000 0.000000 1.011224 1.011224 1.011224
SM_Grass_Patch_04 49.841520 3.644021 80.999650 0.000000 0.000000 0.000000 0.961484 0.961484 0.961484
SM_Grass_Patch_04 52.638560 1.699448 80.661500 0.000000 0.000000 0.000000 1.004984 1.004984 1.004984
SM_Grass_Patch_04 50.946140 1.104004 75.578150 0.000000 0.000000 0.000000 0.908954 0.908954 0.908954
SM_Grass_Patch_04 53.345150 1.802320 82.504730 0.000000 0.000000 0.000000 1.053699 1.053699 1.053699
SM_Grass_Patch_04 51.190090 2.898203 82.394000 0.000000 0.000000 0.000000 1.070353 1.070353 1.070353
SM_Grass_Patch_04 53.172550 1.203041 78.954160 0.000000 0.000000 0.000000 1.073252 1.073252 1.073252
SM_Grass_Patch_04 54.525750 0.893835 79.664580 0.000000 0.000000 0.000000 0.967803 0.967803 0.967803
SM_Grass_Patch_04 54.289510 0.591738 77.378220 0.000000 0.000000 0.000000 0.960885 0.960885 0.960885
SM_Grass_Patch_04 55.651020 1.122220 83.507970 0.000000 0.000000 0.000000 0.956462 0.956462 0.956462
SM_Grass_Patch_04 57.282550 0.698480 82.461300 0.000000 0.000000 0.000000 0.951286 0.951286 0.951286
SM_Grass_Patch_04 54.995960 1.636762 86.047610 0.000000 0.000000 0.000000 1.017983 1.017983 1.017983
SM_Grass_Patch_04 55.322420 0.946075 81.624390 0.000000 0.000000 0.000000 1.019282 1.019282 1.019282
SM_Grass_Patch_04 59.494200 0.164805 82.548160 0.000000 0.000000 0.000000 0.979416 0.979416 0.979416
SM_Grass_Patch_04 56.328110 0.555502 79.974350 0.000000 0.000000 0.000000 0.976659 0.976659 0.976659
SM_Grass_Patch_04 58.142280 0.720336 84.149810 0.000000 0.000000 0.000000 1.069948 1.069948 1.069948
SM_Grass_Patch_04 56.542710 1.146418 86.617580 0.000000 0.000000 0.000000 1.031540 1.031540 1.031540
SM_Grass_Patch_04 54.125650 1.102786 59.622690 0.000000 0.000000 0.000000 0.989715 0.989715 0.989715
SM_Grass_Patch_04 53.982960 1.153635 57.366200 0.000000 0.000000 0.000000 0.964509 0.964509 0.964509
SM_Grass_Patch_04 48.748740 0.164805 61.639780 0.000000 0.000000 0.000000 1.022207 1.022207 1.022207
SM_Grass_Patch_04 50.774110 0.164805 63.590660 0.000000 0.000000 0.000000 1.012187 1.012187 1.012187
SM_Grass_Patch_04 55.637770 1.115515 63.104530 0.000000 0.000000 0.000000 1.011751 1.011751 1.011751
SM_Grass_Patch_04 52.572040 0.737472 62.757640 0.000000 0.000000 0.000000 0.980310 0.980310 0.980310
SM_Grass_Patch_04 56.718790 1.153635 60.531060 0.000000 0.000000 0.000000 0.962259 0.962259 0.962259
SM_Grass_Patch_04 58.983240 0.939063 61.753910 0.000000 0.000000 0.000000 0.950142 0.950142 0.950142
SM_Grass_Patch_04 58.251990 1.153635 65.240200 0.000000 0.000000 0.000000 1.088698 1.088698 1.088698
SM_Grass_Patch_04 56.534300 0.924560 64.639110 0.000000 0.000000 0.000000 0.936404 0.936404 0.936404
SM_Grass_Patch_04 55.507350 0.875505 66.084630 0.000000 0.000000 0.000000 1.021727 1.021727 1.021727
SM_Grass_Patch_04 59.167020 0.460807 66.727770 0.000000 0.000000 0.000000 1.010617 1.010617 1.010617
SM_Grass_Patch_04 61.632600 0.369753 64.032470 0.000000 0.000000 0.000000 1.012460 1.012460 1.012460
SM_Grass_Patch_04 57.131790 1.153635 61.995040 0.000000 0.000000 0.000000 0.909160 0.909160 0.909160
SM_Grass_Patch_04 58.105530 0.384545 68.832850 0.000000 0.000000 0.000000 0.901403 0.901403 0.901403
SM_Grass_Patch_04 56.602260 0.364489 68.764880 0.000000 0.000000 0.000000 1.095172 1.095172 1.095172
SM_Grass_Patch_04 55.057100 0.364167 68.611380 0.000000 0.000000 0.000000 0.916279 0.916279 0.916279
SM_Grass_Patch_04 61.095610 0.492096 65.582380 0.000000 0.000000 0.000000 1.066224 1.066224 1.066224
SM_Grass_Patch_04 62.455770 0.719317 69.701680 0.000000 0.000000 0.000000 0.984339 0.984339 0.984339
SM_Grass_Patch_04 60.011560 0.456437 70.113590 0.000000 0.000000 0.000000 1.049212 1.049212 1.049212
SM_Grass_Patch_04 63.191470 0.138703 73.296070 0.000000 0.000000 0.000000 1.051158 1.051158 1.051158
SM_Grass_Patch_04 63.405010 0.659071 68.150830 0.000000 0.000000 0.000000 1.015697 1.015697 1.015697
SM_Grass_Patch_04 65.581760 0.090028 73.606800 0.000000 0.000000 0.000000 0.981781 0.981781 0.981781
SM_Grass_Patch_04 67.470060 0.084170 74.532390 0.000000 0.000000 0.000000 1.013168 1.013168 1.013168
SM_Grass_Patch_04 66.276630 0.164805 70.947760 0.000000 0.000000 0.000000 0.942294 0.942294 0.942294
SM_Grass_Patch_04 63.666440 0.233582 71.444390 0.000000 0.000000 0.000000 0.948827 0.948827 0.948827
SM_Grass_Patch_04 68.586490 0.295768 70.169000 0.000000 0.000000 0.000000 1.035645 1.035645 1.035645
SM_Grass_Patch_04 67.852800 0.096281 72.908530 0.000000 0.000000 0.000000 1.056980 1.056980 1.056980
SM_Grass_Patch_04 61.112630 0.417161 67.765980 0.000000 0.000000 0.000000 1.092991 1.092991 1.092991
SM_Grass_Patch_04 56.204040 0.164805 71.644700 0.000000 0.000000 0.000000 1.062373 1.062373 1.062373
SM_Grass_Patch_04 66.033780 0.201428 68.250890 0.000000 0.000000 0.000000 1.011488 1.011488 1.011488
SM_Grass_Patch_04 64.789740 0.274675 69.341730 0.000000 0.000000 0.000000 0.939917 0.939917 0.939917
SM_Grass_Patch_04 60.575030 0.164805 72.909810 0.000000 0.000000 0.000000 1.065224 1.065224 1.065224
SM_Grass_Patch_04 67.241790 0.164805 79.279070 0.000000 0.000000 0.000000 0.932497 0.932497 0.932497
SM_Grass_Patch_04 69.572140 0.786479 75.325310 0.000000 0.000000 0.000000 1.048721 1.048721 1.048721
SM_Grass_Patch_04 69.245020 0.811365 79.412990 0.000000 0.000000 0.000000 0.987075 0.987075 0.987075
SM_Grass_Patch_04 70.555160 0.895107 78.541320 0.000000 0.000000 0.000000 1.078043 1.078043 1.078043
SM_Grass_Patch_04 73.742630 0.919245 85.117650 0.000000 0.000000 0.000000 0.904954 0.904954 0.904954
SM_Grass_Patch_04 75.878390 1.006748 85.782930 0.000000 0.000000 0.000000 0.959471 0.959471 0.959471
SM_Grass_Patch_04 78.916260 1.001884 86.194310 0.000000 0.000000 0.000000 0.933031 0.933031 0.933031
SM_Grass_Patch_04 77.937710 0.644822 87.624040 0.000000 0.000000 0.000000 0.927691 0.927691 0.927691
SM_Grass_Patch_04 80.417240 1.355063 85.035720 0.000000 0.000000 0.000000 0.925679 0.925679 0.925679
SM_Grass_Patch_04 80.163330 1.355063 83.497790 0.000000 0.000000 0.000000 1.053791 1.053791 1.053791
SM_Grass_Patch_04 82.621700 0.699745 87.172290 0.000000 0.000000 0.000000 0.952956 0.952956 0.952956
SM_Grass_Patch_04 83.098590 0.470185 88.956760 0.000000 0.000000 0.000000 0.927134 0.927134 0.927134
SM_Grass_Patch_04 69.214950 0.823135 77.115320 0.000000 0.000000 0.000000 0.915569 0.915569 0.915569
SM_Grass_Patch_04 74.695370 0.705461 77.006520 0.000000 0.000000 0.000000 0.935905 0.935905 0.935905
SM_Grass_Patch_04 75.994170 1.296743 83.310130 0.000000 0.000000 0.000000 0.941484 0.941484 0.941484
SM_Grass_Patch_04 72.169860 0.699547 84.638260 0.000000 0.000000 0.000000 0.936839 0.936839 0.936839
SM_Grass_Patch_04 78.077260 1.360658 80.541400 0.000000 0.000000 0.000000 0.995794 0.995794 0.995794
SM_Grass_Patch_04 75.494740 0.610141 87.475020 0.000000 0.000000 0.000000 1.098077 1.098077 1.098077
SM_Grass_Patch_04 79.888030 0.715000 87.574520 0.000000 0.000000 0.000000 1.090195 1.090195 1.090195
SM_Grass_Patch_04 77.446210 1.198703 85.198350 0.000000 0.000000 0.000000 1.034724 1.034724 1.034724
SM_Grass_Patch_04 81.992530 1.355063 85.719220 0.000000 0.000000 0.000000 0.972795 0.972795 0.972795
SM_Grass_Patch_04 84.943730 0.372828 84.213590 0.000000 0.000000 0.000000 1.012856 1.012856 1.012856
SM_Grass_Patch_04 86.203960 0.595011 87.328780 0.000000 0.000000 0.000000 0.943286 0.943286 0.943286
SM_Grass_Patch_04 84.642270 0.896381 86.162190 0.000000 0.000000 0.000000 1.048679 1.048679 1.048679
SM_Grass_Patch_04 87.183590 0.671590 88.659210 0.000000 0.000000 0.000000 0.994174 0.994174 0.994174
SM_Grass_Patch_04 81.800950 0.249249 90.767910 0.000000 0.000000 0.000000 0.960329 0.960329 0.960329
SM_Grass_Patch_04 84.977160 1.349710 89.658000 0.000000 0.000000 0.000000 1.093056 1.093056 1.093056
SM_Grass_Patch_04 85.704610 1.355063 91.510390 0.000000 0.000000 0.000000 1.095155 1.095155 1.095155
SM_Grass_Patch_04 86.919920 0.402521 93.016530 0.000000 0.000000 0.000000 1.032783 1.032783 1.032783
SM_Grass_Patch_04 89.763060 0.531314 87.111020 0.000000 0.000000 0.000000 0.913350 0.913350 0.913350
SM_Grass_Patch_04 89.649140 0.966846 91.385850 0.000000 0.000000 0.000000 1.000634 1.000634 1.000634
SM_Grass_Patch_04 87.218640 1.355063 90.533890 0.000000 0.000000 0.000000 0.990924 0.990924 0.990924
SM_Grass_Patch_04 84.828160 0.151827 93.811110 0.000000 0.000000 0.000000 0.946808 0.946808 0.946808
SM_Grass_Patch_04 88.726580 1.355063 90.108990 0.000000 0.000000 0.000000 1.049586 1.049586 1.049586
SM_Grass_Patch_04 83.899640 0.610535 91.218370 0.000000 0.000000 0.000000 0.939786 0.939786 0.939786
SM_Grass_Patch_04 89.461600 0.432694 94.207020 0.000000 0.000000 0.000000 0.952792 0.952792 0.952792
SM_Grass_Patch_04 87.963350 0.164805 94.991960 0.000000 0.000000 0.000000 1.009104 1.009104 1.009104
SM_Grass_Patch_04 90.524660 1.135176 89.376020 0.000000 0.000000 0.000000 0.919989 0.919989 0.919989
SM_Grass_Patch_04 93.202040 0.938337 88.419010 0.000000 0.000000 0.000000 1.016351 1.016351 1.016351
SM_Grass_Patch_04 93.195100 0.280699 94.314250 0.000000 0.000000 0.000000 1.014856 1.014856 1.014856
SM_Grass_Patch_04 91.606280 0.495042 93.700880 0.000000 0.000000 0.000000 0.909790 0.909790 0.909790
SM_Grass_Patch_04 91.943440 0.230030 95.833760 0.000000 0.000000 0.000000 0.930268 0.930268 0.930268
SM_Grass_Patch_04 91.259160 1.116882 91.204210 0.000000 0.000000 0.000000 0.916631 0.916631 0.916631
SM_Grass_Patch_04 96.086090 0.420990 92.509190 0.000000 0.000000 0.000000 1.002653 1.002653 1.002653
SM_Grass_Patch_04 96.570420 0.649048 90.703870 0.000000 0.000000 0.000000 0.945697 0.945697 0.945697
SM_Grass_Patch_04 97.505140 0.604285 88.362240 0.000000 0.000000 0.000000 1.087373 1.087373 1.087373
SM_Grass_Patch_04 98.162190 0.241055 92.786880 0.000000 0.000000 0.000000 1.004086 1.004086 1.004086
SM_Grass_Patch_04 102.119000 0.099591 90.508240 0.000000 0.000000 0.000000 1.041423 1.041423 1.041423
SM_Grass_Patch_04 99.971300 0.327165 89.321670 0.000000 0.000000 0.000000 1.098506 1.098506 1.098506
SM_Grass_Patch_04 100.732900 0.128182 91.522920 0.000000 0.000000 0.000000 1.053718 1.053718 1.053718
SM_Grass_Patch_04 94.854260 0.831866 87.013000 0.000000 0.000000 0.000000 0.965563 0.965563 0.965563
SM_Grass_Patch_04 98.955750 1.355063 86.854520 0.000000 0.000000 0.000000 0.967457 0.967457 0.967457
SM_Grass_Patch_04 101.242800 0.637361 86.919710 0.000000 0.000000 0.000000 0.960920 0.960920 0.960920
SM_Grass_Patch_04 98.999440 0.308126 90.558900 0.000000 0.000000 0.000000 1.079594 1.079594 1.079594
SM_Grass_Patch_04 100.475400 1.355063 84.475750 0.000000 0.000000 0.000000 1.060448 1.060448 1.060448
SM_Grass_Patch_04 103.444800 0.405660 84.648960 0.000000 0.000000 0.000000 1.093600 1.093600 1.093600
SM_Grass_Patch_04 103.496800 0.212788 87.649350 0.000000 0.000000 0.000000 0.924188 0.924188 0.924188
SM_Grass_Patch_04 103.295100 1.173513 81.889110 0.000000 0.000000 0.000000 1.031152 1.031152 1.031152
SM_Grass_Patch_04 104.359000 0.426879 83.337200 0.000000 0.000000 0.000000 0.985417 0.985417 0.985417
SM_Grass_Patch_04 101.152300 0.909827 82.665730 0.000000 0.000000 0.000000 0.905633 0.905633 0.905633
SM_Grass_Patch_04 105.572800 0.000000 85.156300 0.000000 0.000000 0.000000 1.069969 1.069969 1.069969
SM_Grass_Patch_04 106.357200 0.250954 83.694960 0.000000 0.000000 0.000000 0.909980 0.909980 0.909980
SM_Grass_Patch_04 106.996200 0.000000 85.863720 0.000000 0.000000 0.000000 1.099077 1.099077 1.099077
SM_Grass_Patch_04 108.074100 1.237747 80.263140 0.000000 0.000000 0.000000 0.925823 0.925823 0.925823
SM_Grass_Patch_04 108.085500 1.284406 78.549040 0.000000 0.000000 0.000000 1.045067 1.045067 1.045067
SM_Grass_Patch_04 104.310300 0.906291 78.608340 0.000000 0.000000 0.000000 1.078351 1.078351 1.078351
SM_Grass_Patch_04 105.865300 1.025638 79.460620 0.000000 0.000000 0.000000 0.992979 0.992979 0.992979
SM_Grass_Patch_04 103.955500 0.829529 80.511110 0.000000 0.000000 0.000000 0.935132 0.935132 0.935132
SM_Grass_Patch_04 111.794200 0.714222 80.508870 0.000000 0.000000 0.000000 1.000932 1.000932 1.000932
SM_Grass_Patch_04 106.212800 1.043765 77.596080 0.000000 0.000000 0.000000 0.986931 0.986931 0.986931
SM_Grass_Patch_04 105.365700 0.000000 87.709590 0.000000 0.000000 0.000000 1.091251 1.091251 1.091251
SM_Grass_Patch_04 107.822200 0.000000 87.164730 0.000000 0.000000 0.000000 0.955263 0.955263 0.955263
SM_Grass_Patch_04 105.449600 0.717814 81.982240 0.000000 0.000000 0.000000 0.957321 0.957321 0.957321
SM_Grass_Patch_04 108.926200 0.639923 81.801090 0.000000 0.000000 0.000000 0.945576 0.945576 0.945576
SM_Grass_Patch_04 107.888800 0.066371 84.638720 0.000000 0.000000 0.000000 1.046202 1.046202 1.046202
SM_Grass_Patch_04 110.989100 0.450035 82.533100 0.000000 0.000000 0.000000 0.909537 0.909537 0.909537
SM_Grass_Patch_04 111.913000 0.998373 78.630550 0.000000 0.000000 0.000000 0.966858 0.966858 0.966858
SM_Grass_Patch_04 111.890300 0.133555 84.329150 0.000000 0.000000 0.000000 1.050106 1.050106 1.050106
SM_Grass_Patch_04 110.204800 0.167528 84.195530 0.000000 0.000000 0.000000 1.080169 1.080169 1.080169
SM_Grass_Patch_04 110.504900 1.355063 77.706870 0.000000 0.000000 0.000000 1.091167 1.091167 1.091167
SM_Grass_Patch_04 114.629900 1.214994 77.501420 0.000000 0.000000 0.000000 1.073862 1.073862 1.073862
SM_Grass_Patch_04 116.785000 0.392884 78.925140 0.000000 0.000000 0.000000 1.012924 1.012924 1.012924
SM_Grass_Patch_04 116.358900 0.955779 75.417080 0.000000 0.000000 0.000000 1.043179 1.043179 1.043179
SM_Grass_Patch_04 118.322800 0.274869 77.613020 0.000000 0.000000 0.000000 1.012294 1.012294 1.012294
SM_Grass_Patch_04 114.884200 0.287525 82.234120 0.000000 0.000000 0.000000 1.030608 1.030608 1.030608
SM_Grass_Patch_04 113.426900 1.431582 75.711780 0.000000 0.000000 0.000000 0.903342 0.903342 0.903342
SM_Grass_Patch_04 119.523800 0.111623 75.757480 0.000000 0.000000 0.000000 0.972237 0.972237 0.972237
SM_Grass_Patch_04 122.987100 0.000000 77.821380 0.000000 0.000000 0.000000 1.046021 1.046021 1.046021
SM_Grass_Patch_04 118.439900 0.164518 79.417740 0.000000 0.000000 0.000000 0.979808 0.979808 0.979808
SM_Grass_Patch_04 118.752300 0.785792 73.494740 0.000000 0.000000 0.000000 0.936108 0.936108 0.936108
SM_Grass_Patch_04 124.310800 0.018312 74.064860 0.000000 0.000000 0.000000 1.024369 1.024369 1.024369
SM_Grass_Patch_04 121.385100 0.000000 78.083260 0.000000 0.000000 0.000000 0.907341 0.907341 0.907341
SM_Grass_Patch_04 123.123700 0.018312 72.517640 0.000000 0.000000 0.000000 0.957799 0.957799 0.957799
SM_Grass_Patch_04 117.142500 2.014283 73.136620 0.000000 0.000000 0.000000 0.937323 0.937323 0.937323
SM_Grass_Patch_04 111.052900 0.054935 86.007220 0.000000 0.000000 0.000000 0.962349 0.962349 0.962349
SM_Grass_Patch_04 113.511900 0.476132 81.093510 0.000000 0.000000 0.000000 1.015534 1.015534 1.015534
SM_Grass_Patch_04 110.046700 1.355063 79.368130 0.000000 0.000000 0.000000 1.041574 1.041574 1.041574
SM_Grass_Patch_04 113.943100 0.625269 79.471570 0.000000 0.000000 0.000000 0.967206 0.967206 0.967206
SM_Grass_Patch_04 119.812600 0.709178 72.247730 0.000000 0.000000 0.000000 0.980836 0.980836 0.980836
SM_Grass_Patch_04 122.745200 0.192324 70.639010 0.000000 0.000000 0.000000 0.901083 0.901083 0.901083
SM_Grass_Patch_04 121.106400 0.000000 75.599980 0.000000 0.000000 0.000000 1.022976 1.022976 1.022976
SM_Grass_Patch_04 125.363000 0.054935 71.566600 0.000000 0.000000 0.000000 1.087781 1.087781 1.087781
SM_Grass_Patch_04 126.438400 0.036623 72.980210 0.000000 0.000000 0.000000 1.033120 1.033120 1.033120
SM_Grass_Patch_04 121.256600 0.304655 71.283280 0.000000 0.000000 0.000000 1.047002 1.047002 1.047002
SM_Grass_Patch_04 120.781000 2.014283 69.001430 0.000000 0.000000 0.000000 1.065836 1.065836 1.065836
SM_Grass_Patch_04 125.037200 1.267982 67.326740 0.000000 0.000000 0.000000 1.060800 1.060800 1.060800
SM_Grass_Patch_04 127.607000 0.054935 71.159040 0.000000 0.000000 0.000000 0.928051 0.928051 0.928051
SM_Grass_Patch_04 128.777300 0.139483 69.278570 0.000000 0.000000 0.000000 0.993283 0.993283 0.993283
SM_Grass_Patch_04 127.572300 0.439613 68.220180 0.000000 0.000000 0.000000 0.914791 0.914791 0.914791
SM_Grass_Patch_04 129.257800 0.065222 70.849730 0.000000 0.000000 0.000000 0.972466 0.972466 0.972466
SM_Grass_Patch_04 129.499800 0.036623 72.544210 0.000000 0.000000 0.000000 0.953085 0.953085 0.953085
SM_Grass_Patch_04 129.110500 1.211789 66.638210 0.000000 0.000000 0.000000 1.005398 1.005398 1.005398
SM_Grass_Patch_04 127.552500 1.657992 66.097720 0.000000 0.000000 0.000000 0.918870 0.918870 0.918870
SM_Grass_Patch_04 130.989300 0.314960 69.572630 0.000000 0.000000 0.000000 1.015841 1.015841 1.015841
SM_Grass_Patch_04 133.505900 1.609304 67.977810 0.000000 0.000000 0.000000 1.074830 1.074830 1.074830
SM_Grass_Patch_04 131.160900 1.639308 66.151980 0.000000 0.000000 0.000000 0.961204 0.961204 0.961204
SM_Grass_Patch_04 130.218000 2.007043 64.045990 0.000000 0.000000 0.000000 0.994842 0.994842 0.994842
SM_Grass_Patch_04 133.198500 0.371893 71.118910 0.000000 0.000000 0.000000 0.954904 0.954904 0.954904
SM_Grass_Patch_04 130.639200 1.366736 67.935040 0.000000 0.000000 0.000000 0.985030 0.985030 0.985030
SM_Grass_Patch_04 135.568800 1.453094 66.640860 0.000000 0.000000 0.000000 1.098382 1.098382 1.098382
SM_Grass_Patch_04 132.523700 0.036623 72.890720 0.000000 0.000000 0.000000 1.051518 1.051518 1.051518
SM_Grass_Patch_04 135.181100 0.898445 68.422650 0.000000 0.000000 0.000000 0.949668 0.949668 0.949668
SM_Grass_Patch_04 137.516800 0.933895 70.102830 0.000000 0.000000 0.000000 0.970435 0.970435 0.970435
SM_Grass_Patch_04 137.589000 1.287921 67.916660 0.000000 0.000000 0.000000 0.998602 0.998602 0.998602
SM_Grass_Patch_04 138.392800 1.001907 72.733210 0.000000 0.000000 0.000000 0.950030 0.950030 0.950030
SM_Grass_Patch_04 136.009400 0.541688 73.334140 0.000000 0.000000 0.000000 1.007747 1.007747 1.007747
SM_Grass_Patch_04 137.715500 1.611426 66.198930 0.000000 0.000000 0.000000 0.967921 0.967921 0.967921
SM_Grass_Patch_04 141.321300 1.557026 68.446520 0.000000 0.000000 0.000000 1.046502 1.046502 1.046502
SM_Grass_Patch_04 140.867300 1.308080 72.361920 0.000000 0.000000 0.000000 0.977544 0.977544 0.977544
SM_Grass_Patch_04 140.755800 1.281816 75.089100 0.000000 0.000000 0.000000 0.997168 0.997168 0.997168
SM_Grass_Patch_04 143.147400 1.349138 72.706810 0.000000 0.000000 0.000000 1.048759 1.048759 1.048759
SM_Grass_Patch_04 145.126500 1.142009 74.033970 0.000000 0.000000 0.000000 0.935462 0.935462 0.935462
SM_Grass_Patch_04 142.990700 1.167297 74.548930 0.000000 0.000000 0.000000 1.063192 1.063192 1.063192
SM_Grass_Patch_04 145.534400 1.666688 71.247220 0.000000 0.000000 0.000000 0.998767 0.998767 0.998767
SM_Grass_Patch_04 142.142800 1.478321 69.755120 0.000000 0.000000 0.000000 0.937850 0.937850 0.937850
SM_Grass_Patch_04 148.497600 1.222882 74.252880 0.000000 0.000000 0.000000 1.073372 1.073372 1.073372
SM_Grass_Patch_04 149.125700 1.747776 70.902650 0.000000 0.000000 0.000000 1.081255 1.081255 1.081255
SM_Grass_Patch_04 145.418400 0.915583 76.385160 0.000000 0.000000 0.000000 1.009803 1.009803 1.009803
SM_Grass_Patch_04 139.808300 0.964259 77.113490 0.000000 0.000000 0.000000 0.941677 0.941677 0.941677
SM_Grass_Patch_04 137.252400 0.721756 75.069370 0.000000 0.000000 0.000000 0.934082 0.934082 0.934082
SM_Grass_Patch_04 136.284700 0.388610 77.886120 0.000000 0.000000 0.000000 1.058226 1.058226 1.058226
SM_Grass_Patch_04 138.447000 0.700477 78.573210 0.000000 0.000000 0.000000 0.979274 0.979274 0.979274
SM_Grass_Patch_04 132.869900 0.036623 77.460110 0.000000 0.000000 0.000000 0.906563 0.906563 0.906563
SM_Grass_Patch_04 134.303000 0.128182 79.458820 0.000000 0.000000 0.000000 1.045242 1.045242 1.045242
SM_Grass_Patch_04 135.993300 0.595301 82.836270 0.000000 0.000000 0.000000 0.993785 0.993785 0.993785
SM_Grass_Patch_04 139.198400 0.750778 80.149700 0.000000 0.000000 0.000000 0.964837 0.964837 0.964837
SM_Grass_Patch_04 137.774900 0.750778 81.677140 0.000000 0.000000 0.000000 1.016093 1.016093 1.016093
SM_Grass_Patch_04 133.496500 0.718097 84.252400 0.000000 0.000000 0.000000 0.907244 0.907244 0.907244
SM_Grass_Patch_04 135.899500 0.750778 85.499210 0.000000 0.000000 0.000000 0.914419 0.914419 0.914419
SM_Grass_Patch_04 137.284000 0.450787 80.168880 0.000000 0.000000 0.000000 0.995961 0.995961 0.995961
SM_Grass_Patch_04 137.737100 0.790693 84.403090 0.000000 0.000000 0.000000 1.042084 1.042084 1.042084
SM_Grass_Patch_04 131.203200 0.421622 82.660130 0.000000 0.000000 0.000000 1.015616 1.015616 1.015616
SM_Grass_Patch_04 132.870700 0.433425 82.390180 0.000000 0.000000 0.000000 1.041635 1.041635 1.041635
SM_Grass_Patch_04 130.907600 0.595398 84.142910 0.000000 0.000000 0.000000 1.081295 1.081295 1.081295
SM_Grass_Patch_04 133.735700 0.750778 86.405400 0.000000 0.000000 0.000000 0.988622 0.988622 0.988622
SM_Grass_Patch_04 136.114900 0.423642 76.264480 0.000000 0.000000 0.000000 1.064995 1.064995 1.064995
SM_Grass_Patch_04 131.471500 0.109870 79.976810 0.000000 0.000000 0.000000 0.960352 0.960352 0.960352
SM_Grass_Patch_04 135.896800 0.395223 81.225590 0.000000 0.000000 0.000000 0.972143 0.972143 0.972143
SM_Grass_Patch_04 134.305500 0.373312 81.692370 0.000000 0.000000 0.000000 0.997756 0.997756 0.997756
SM_Grass_Patch_04 130.092500 0.279562 81.604200 0.000000 0.000000 0.000000 0.905091 0.905091 0.905091
SM_Grass_Patch_04 130.735300 0.461907 87.262660 0.000000 0.000000 0.000000 1.090041 1.090041 1.090041
SM_Grass_Patch_04 127.107500 0.175597 84.256520 0.000000 0.000000 0.000000 0.952578 0.952578 0.952578
SM_Grass_Patch_04 127.139000 0.292987 86.757450 0.000000 0.000000 0.000000 0.941304 0.941304 0.941304
SM_Grass_Patch_04 128.683000 0.302629 87.975720 0.000000 0.000000 0.000000 0.902617 0.902617 0.902617
SM_Grass_Patch_04 127.021900 0.238051 89.838680 0.000000 0.000000 0.000000 0.997288 0.997288 0.997288
SM_Grass_Patch_04 124.880900 0.255790 88.745120 0.000000 0.000000 0.000000 0.931155 0.931155 0.931155
SM_Grass_Patch_04 131.853600 0.289370 89.234180 0.000000 0.000000 0.000000 1.084639 1.084639 1.084639
SM_Grass_Patch_04 130.216700 0.164805 92.068770 0.000000 0.000000 0.000000 0.963467 0.963467 0.963467
SM_Grass_Patch_04 124.420200 0.256363 91.622440 0.000000 0.000000 0.000000 0.956508 0.956508 0.956508
SM_Grass_Patch_04 125.157100 0.066226 86.452330 0.000000 0.000000 0.000000 1.025647 1.025647 1.025647
SM_Grass_Patch_04 127.790800 0.054935 82.118190 0.000000 0.000000 0.000000 1.052108 1.052108 1.052108
SM_Grass_Patch_04 129.053000 0.393629 83.358760 0.000000 0.000000 0.000000 0.984898 0.984898 0.984898
SM_Grass_Patch_04 126.073900 0.036623 82.996870 0.000000 0.000000 0.000000 1.057215 1.057215 1.057215
SM_Grass_Patch_04 131.683500 0.670478 85.806200 0.000000 0.000000 0.000000 1.080304 1.080304 1.080304
SM_Grass_Patch_04 126.482500 0.164805 92.817920 0.000000 0.000000 0.000000 1.084449 1.084449 1.084449
SM_Grass_Patch_04 121.316000 0.148575 90.090730 0.000000 0.000000 0.000000 0.986756 0.986756 0.986756
SM_Grass_Patch_04 119.658100 0.054935 89.859270 0.000000 0.000000 0.000000 0.934564 0.934564 0.934564
SM_Grass_Patch_04 121.189900 0.314535 92.215120 0.000000 0.000000 0.000000 1.011182 1.011182 1.011182
SM_Grass_Patch_04 123.833100 0.479450 95.762010 0.000000 0.000000 0.000000 0.991850 0.991850 0.991850
SM_Grass_Patch_04 117.388900 0.604285 95.255970 0.000000 0.000000 0.000000 0.965314 0.965314 0.965314
SM_Grass_Patch_04 120.173200 0.730474 98.271960 0.000000 0.000000 0.000000 0.951012 0.951012 0.951012
SM_Grass_Patch_04 115.516100 0.529921 95.302960 0.000000 0.000000 0.000000 0.944763 0.944763 0.944763
SM_Grass_Patch_04 120.798300 0.638907 95.459730 0.000000 0.000000 0.000000 1.053058 1.053058 1.053058
SM_Grass_Patch_04 119.192700 0.290096 92.018920 0.000000 0.000000 0.000000 1.095761 1.095761 1.095761
SM_Grass_Patch_04 118.918400 0.507004 93.647460 0.000000 0.000000 0.000000 0.965774 0.965774 0.965774
SM_Grass_Patch_04 118.476500 0.622597 96.843170 0.000000 0.000000 0.000000 0.978129 0.978129 0.978129
SM_Grass_Patch_04 117.402300 0.422375 93.447800 0.000000 0.000000 0.000000 0.966539 0.966539 0.966539
SM_Grass_Patch_04 118.479400 0.705668 98.639250 0.000000 0.000000 0.000000 0.990763 0.990763 0.990763
SM_Grass_Patch_04 114.960200 0.799757 97.957730 0.000000 0.000000 0.000000 0.938954 0.938954 0.938954
SM_Grass_Patch_04 118.484700 0.835715 101.747000 0.000000 0.000000 0.000000 1.063112 1.063112 1.063112
SM_Grass_Patch_04 116.986200 0.701119 98.433040 0.000000 0.000000 0.000000 0.907514 0.907514 0.907514
SM_Grass_Patch_04 117.001400 0.833201 100.976500 0.000000 0.000000 0.000000 0.979112 0.979112 0.979112
SM_Grass_Patch_04 114.597200 0.959930 101.033100 0.000000 0.000000 0.000000 1.077461 1.077461 1.077461
SM_Grass_Patch_04 111.560600 0.465737 98.038420 0.000000 0.000000 0.000000 1.029685 1.029685 1.029685
SM_Grass_Patch_04 115.920100 0.878718 99.511760 0.000000 0.000000 0.000000 1.010087 1.010087 1.010087
SM_Grass_Patch_04 114.472900 0.860648 104.559800 0.000000 0.000000 0.000000 1.066355 1.066355 1.066355
SM_Grass_Patch_04 111.179300 0.742492 102.414000 0.000000 0.000000 0.000000 1.047847 1.047847 1.047847
SM_Grass_Patch_04 112.259500 0.824025 103.762000 0.000000 0.000000 0.000000 0.950058 0.950058 0.950058
SM_Grass_Patch_04 110.534300 0.566876 100.084000 0.000000 0.000000 0.000000 0.929410 0.929410 0.929410
SM_Grass_Patch_04 109.431300 0.653227 102.548900 0.000000 0.000000 0.000000 0.970356 0.970356 0.970356
SM_Grass_Patch_04 108.508700 0.431746 100.956500 0.000000 0.000000 0.000000 1.080953 1.080953 1.080953
SM_Grass_Patch_04 109.329100 0.714155 105.590800 0.000000 0.000000 0.000000 1.041122 1.041122 1.041122
SM_Grass_Patch_04 112.743100 0.860648 105.696200 0.000000 0.000000 0.000000 1.010847 1.010847 1.010847
SM_Grass_Patch_04 106.203100 0.640585 105.112100 0.000000 0.000000 0.000000 0.968780 0.968780 0.968780
SM_Grass_Patch_04 109.567000 0.632990 109.790900 0.000000 0.000000 0.000000 0.982162 0.982162 0.982162
SM_Grass_Patch_04 109.478600 0.860648 107.909100 0.000000 0.000000 0.000000 0.962352 0.962352 0.962352
SM_Grass_Patch_04 107.336300 0.524440 103.068700 0.000000 0.000000 0.000000 0.961353 0.961353 0.961353
SM_Grass_Patch_04 105.281000 0.457792 108.711100 0.000000 0.000000 0.000000 1.087210 1.087210 1.087210
SM_Grass_Patch_04 113.282200 0.807529 99.545780 0.000000 0.000000 0.000000 1.019507 1.019507 1.019507
SM_Grass_Patch_04 113.613600 0.560231 96.967850 0.000000 0.000000 0.000000 1.086932 1.086932 1.086932
SM_Grass_Patch_04 110.646800 0.842337 104.278700 0.000000 0.000000 0.000000 0.956197 0.956197 0.956197
SM_Grass_Patch_04 101.984600 0.476103 104.140100 0.000000 0.000000 0.000000 1.057510 1.057510 1.057510
SM_Grass_Patch_04 105.845900 0.305968 102.077400 0.000000 0.000000 0.000000 0.966676 0.966676 0.966676
SM_Grass_Patch_04 103.201500 0.567662 105.944800 0.000000 0.000000 0.000000 0.907367 0.907367 0.907367
SM_Grass_Patch_04 99.228060 0.749274 107.330900 0.000000 0.000000 0.000000 0.912437 0.912437 0.912437
SM_Grass_Patch_04 104.301800 0.504247 104.615100 0.000000 0.000000 0.000000 0.973633 0.973633 0.973633
SM_Grass_Patch_04 99.957990 0.416245 103.346500 0.000000 0.000000 0.000000 1.042753 1.042753 1.042753
SM_Grass_Patch_04 101.260200 0.695843 107.506800 0.000000 0.000000 0.000000 1.005443 1.005443 1.005443
SM_Grass_Patch_04 99.566730 0.880105 109.072300 0.000000 0.000000 0.000000 0.993577 0.993577 0.993577
SM_Grass_Patch_04 102.480500 0.683066 109.715200 0.000000 0.000000 0.000000 0.938885 0.938885 0.938885
SM_Grass_Patch_04 101.687400 0.699513 111.155000 0.000000 0.000000 0.000000 0.933181 0.933181 0.933181
SM_Grass_Patch_04 112.823800 0.438156 110.121500 0.000000 0.000000 0.000000 1.046223 1.046223 1.046223
SM_Grass_Patch_04 107.956000 0.823862 109.215000 0.000000 0.000000 0.000000 1.058626 1.058626 1.058626
SM_Grass_Patch_04 112.247900 0.688768 107.376100 0.000000 0.000000 0.000000 1.008168 1.008168 1.008168
SM_Grass_Patch_04 107.817800 0.659220 107.342000 0.000000 0.000000 0.000000 1.002821 1.002821 1.002821
SM_Grass_Patch_04 103.462200 0.567662 111.049400 0.000000 0.000000 0.000000 1.070582 1.070582 1.070582
SM_Grass_Patch_04 100.143600 0.585973 105.290600 0.000000 0.000000 0.000000 0.928201 0.928201 0.928201
SM_Grass_Patch_04 97.179700 0.658307 106.463700 0.000000 0.000000 0.000000 0.963287 0.963287 0.963287
SM_Grass_Patch_04 96.553630 0.732259 107.967000 0.000000 0.000000 0.000000 0.980946 0.980946 0.980946
SM_Grass_Patch_04 94.887760 0.750652 109.061400 0.000000 0.000000 0.000000 1.099729 1.099729 1.099729
SM_Grass_Patch_04 95.510100 0.705550 110.698400 0.000000 0.000000 0.000000 1.016515 1.016515 1.016515
SM_Grass_Patch_04 93.357770 0.647469 106.306000 0.000000 0.000000 0.000000 1.057430 1.057430 1.057430
SM_Grass_Patch_04 92.537260 0.695843 108.420700 0.000000 0.000000 0.000000 0.942221 0.942221 0.942221
SM_Grass_Patch_04 94.357960 0.417710 112.546600 0.000000 0.000000 0.000000 0.940334 0.940334 0.940334
SM_Grass_Patch_04 95.423000 0.610195 106.144200 0.000000 0.000000 0.000000 0.985045 0.985045 0.985045
SM_Grass_Patch_04 93.200810 0.568338 111.556700 0.000000 0.000000 0.000000 1.003590 1.003590 1.003590
SM_Grass_Patch_04 90.373160 0.604285 111.223900 0.000000 0.000000 0.000000 1.098891 1.098891 1.098891
SM_Grass_Patch_04 104.387800 0.512727 107.216200 0.000000 0.000000 0.000000 0.979590 0.979590 0.979590
SM_Grass_Patch_04 103.284000 0.336622 102.872300 0.000000 0.000000 0.000000 0.930061 0.930061 0.930061
SM_Grass_Patch_04 103.143300 0.073247 100.896700 0.000000 0.000000 0.000000 1.094795 1.094795 1.094795
SM_Grass_Patch_04 101.605300 0.118834 102.473400 0.000000 0.000000 0.000000 1.043070 1.043070 1.043070
SM_Grass_Patch_04 96.830920 0.837171 109.506600 0.000000 0.000000 0.000000 0.945759 0.945759 0.945759
SM_Grass_Patch_04 101.600300 0.604285 105.815300 0.000000 0.000000 0.000000 0.964868 0.964868 0.964868
SM_Grass_Patch_04 97.177190 0.176580 102.935100 0.000000 0.000000 0.000000 0.908633 0.908633 0.908633
SM_Grass_Patch_04 98.151230 0.548827 104.839300 0.000000 0.000000 0.000000 1.021114 1.021114 1.021114
SM_Grass_Patch_04 89.585380 0.714155 106.248600 0.000000 0.000000 0.000000 1.054926 1.054926 1.054926
SM_Grass_Patch_04 91.038330 0.695843 108.694600 0.000000 0.000000 0.000000 1.088895 1.088895 1.088895
SM_Grass_Patch_04 98.056560 0.811106 108.639800 0.000000 0.000000 0.000000 0.922918 0.922918 0.922918
SM_Grass_Patch_04 98.124100 0.833874 110.541000 0.000000 0.000000 0.000000 1.022776 1.022776 1.022776
SM_Grass_Patch_04 94.844120 0.677532 107.532200 0.000000 0.000000 0.000000 1.087661 1.087661 1.087661
SM_Grass_Patch_04 88.105830 0.677532 108.889600 0.000000 0.000000 0.000000 1.068289 1.068289 1.068289
SM_Grass_Patch_04 88.482600 0.608857 110.898500 0.000000 0.000000 0.000000 0.915682 0.915682 0.915682
SM_Grass_Patch_04 84.299260 0.622597 110.399600 0.000000 0.000000 0.000000 1.011704 1.011704 1.011704
SM_Grass_Patch_04 85.655430 0.646814 106.698800 0.000000 0.000000 0.000000 1.089174 1.089174 1.089174
SM_Grass_Patch_04 85.480640 0.659220 108.835600 0.000000 0.000000 0.000000 1.020012 1.020012 1.020012
SM_Grass_Patch_04 82.551580 0.659220 106.726600 0.000000 0.000000 0.000000 1.000743 1.000743 1.000743
SM_Grass_Patch_04 86.163190 0.531038 111.654600 0.000000 0.000000 0.000000 1.078252 1.078252 1.078252
SM_Grass_Patch_04 84.018470 0.659220 108.184000 0.000000 0.000000 0.000000 0.909676 0.909676 0.909676
SM_Grass_Patch_04 80.116840 0.659220 108.632000 0.000000 0.000000 0.000000 0.916051 0.916051 0.916051
SM_Grass_Patch_04 80.857770 0.510277 111.270900 0.000000 0.000000 0.000000 1.069933 1.069933 1.069933
SM_Grass_Patch_04 79.145300 0.640908 106.507000 0.000000 0.000000 0.000000 1.087658 1.087658 1.087658
SM_Grass_Patch_04 82.591770 0.640908 108.742000 0.000000 0.000000 0.000000 1.089380 1.089380 1.089380
SM_Grass_Patch_04 82.455280 0.606259 110.451900 0.000000 0.000000 0.000000 0.961566 0.961566 0.961566
SM_Grass_Patch_04 79.119260 0.249363 112.929000 0.000000 0.000000 0.000000 1.073693 1.073693 1.073693
SM_Grass_Patch_04 75.950230 0.386038 109.906900 0.000000 0.000000 0.000000 1.097723 1.097723 1.097723
SM_Grass_Patch_04 78.973570 0.420954 111.408100 0.000000 0.000000 0.000000 1.086533 1.086533 1.086533
SM_Grass_Patch_04 81.743590 0.659220 105.269900 0.000000 0.000000 0.000000 1.077952 1.077952 1.077952
SM_Grass_Patch_04 92.923050 0.601880 104.823200 0.000000 0.000000 0.000000 0.978819 0.978819 0.978819
SM_Grass_Patch_04 91.588840 0.677532 106.358600 0.000000 0.000000 0.000000 0.931110 0.931110 0.931110
SM_Grass_Patch_04 94.472960 0.461419 103.937200 0.000000 0.000000 0.000000 0.996655 0.996655 0.996655
SM_Grass_Patch_04 89.543960 0.164805 102.286900 0.000000 0.000000 0.000000 0.921588 0.921588 0.921588
SM_Grass_Patch_04 92.926180 0.307255 103.224900 0.000000 0.000000 0.000000 1.078902 1.078902 1.078902
SM_Grass_Patch_04 90.970030 0.511180 103.424300 0.000000 0.000000 0.000000 1.075944 1.075944 1.075944
SM_Grass_Patch_04 87.142860 0.549543 103.751600 0.000000 0.000000 0.000000 1.026808 1.026808 1.026808
SM_Grass_Patch_04 85.862930 0.667136 104.911300 0.000000 0.000000 0.000000 1.033241 1.033241 1.033241
SM_Grass_Patch_04 85.465990 0.433181 103.098100 0.000000 0.000000 0.000000 1.046786 1.046786 1.046786
SM_Grass_Patch_04 89.120640 0.575021 103.812800 0.000000 0.000000 0.000000 0.976314 0.976314 0.976314
SM_Grass_Patch_04 84.568820 0.164805 101.301300 0.000000 0.000000 0.000000 1.047157 1.047157 1.047157
SM_Grass_Patch_04 79.497770 0.491895 104.074500 0.000000 0.000000 0.000000 1.042526 1.042526 1.042526
SM_Grass_Patch_04 83.865750 0.491303 103.567200 0.000000 0.000000 0.000000 0.948911 0.948911 0.948911
SM_Grass_Patch_04 77.497670 0.640908 105.527100 0.000000 0.000000 0.000000 0.948497 0.948497 0.948497
SM_Grass_Patch_04 76.958460 0.394326 108.308900 0.000000 0.000000 0.000000 0.985645 0.985645 0.985645
SM_Grass_Patch_04 74.916900 0.109498 102.669400 0.000000 0.000000 0.000000 1.044558 1.044558 1.044558
SM_Grass_Patch_04 80.663490 0.314766 102.358600 0.000000 0.000000 0.000000 1.002218 1.002218 1.002218
SM_Grass_Patch_04 77.755710 0.237689 102.809400 0.000000 0.000000 0.000000 1.073653 1.073653 1.073653
SM_Grass_Patch_04 73.351720 0.614307 104.758200 0.000000 0.000000 0.000000 1.068851 1.068851 1.068851
SM_Grass_Patch_04 72.212360 0.640908 103.669900 0.000000 0.000000 0.000000 0.971000 0.971000 0.971000
SM_Grass_Patch_04 82.362240 0.463347 103.328600 0.000000 0.000000 0.000000 1.045169 1.045169 1.045169
SM_Grass_Patch_04 80.632750 0.640908 106.915900 0.000000 0.000000 0.000000 0.973172 0.973172 0.973172
SM_Grass_Patch_04 82.688760 0.230497 101.819100 0.000000 0.000000 0.000000 0.930772 0.930772 0.930772
SM_Grass_Patch_04 80.039120 0.099692 100.694400 0.000000 0.000000 0.000000 1.072644 1.072644 1.072644
SM_Grass_Patch_04 75.611950 0.144508 98.876270 0.000000 0.000000 0.000000 1.059392 1.059392 1.059392
SM_Grass_Patch_04 78.380750 0.121270 100.722300 0.000000 0.000000 0.000000 0.958906 0.958906 0.958906
SM_Grass_Patch_04 73.606360 0.436524 101.211600 0.000000 0.000000 0.000000 1.053168 1.053168 1.053168
SM_Grass_Patch_04 74.073490 0.346633 99.514560 0.000000 0.000000 0.000000 1.036167 1.036167 1.036167
SM_Grass_Patch_04 70.422370 1.091259 100.653400 0.000000 0.000000 0.000000 1.079682 1.079682 1.079682
SM_Grass_Patch_04 76.450490 0.151678 101.630600 0.000000 0.000000 0.000000 1.036353 1.036353 1.036353
SM_Grass_Patch_04 68.722220 1.077132 101.133400 0.000000 0.000000 0.000000 1.061633 1.061633 1.061633
SM_Grass_Patch_04 70.141400 0.624143 95.623350 0.000000 0.000000 0.000000 0.938327 0.938327 0.938327
SM_Grass_Patch_04 70.634980 0.740156 97.106840 0.000000 0.000000 0.000000 0.920350 0.920350 0.920350
SM_Grass_Patch_04 67.737930 0.851909 98.227260 0.000000 0.000000 0.000000 1.061848 1.061848 1.061848
SM_Grass_Patch_04 71.990390 0.778667 100.275000 0.000000 0.000000 0.000000 1.013000 1.013000 1.013000
SM_Grass_Patch_04 72.426130 0.582565 98.416950 0.000000 0.000000 0.000000 0.974875 0.974875 0.974875
SM_Grass_Patch_04 68.111790 0.531038 94.530000 0.000000 0.000000 0.000000 0.929193 0.929193 0.929193
SM_Grass_Patch_04 64.151230 0.769090 97.587010 0.000000 0.000000 0.000000 1.018847 1.018847 1.018847
SM_Grass_Patch_04 68.200820 0.732080 96.715450 0.000000 0.000000 0.000000 0.949518 0.949518 0.949518
SM_Grass_Patch_04 64.760050 0.684251 96.067380 0.000000 0.000000 0.000000 0.941672 0.941672 0.941672
SM_Grass_Patch_04 64.896020 0.578438 94.519230 0.000000 0.000000 0.000000 1.074763 1.074763 1.074763
SM_Grass_Patch_04 66.199840 0.760029 97.891430 0.000000 0.000000 0.000000 0.983887 0.983887 0.983887
SM_Grass_Patch_04 64.061930 0.824092 99.599120 0.000000 0.000000 0.000000 0.969856 0.969856 0.969856
SM_Grass_Patch_04 73.307690 0.283655 97.090620 0.000000 0.000000 0.000000 1.033561 1.033561 1.033561
SM_Grass_Patch_04 65.918370 0.403300 93.109660 0.000000 0.000000 0.000000 0.922726 0.922726 0.922726
SM_Grass_Patch_04 61.861420 0.990421 97.118990 0.000000 0.000000 0.000000 1.009022 1.009022 1.009022
SM_Grass_Patch_04 66.749430 0.659220 95.842540 0.000000 0.000000 0.000000 1.067721 1.067721 1.067721
SM_Grass_Patch_04 61.574230 0.961613 94.935750 0.000000 0.000000 0.000000 0.946401 0.946401 0.946401
SM_Grass_Patch_04 59.947890 1.079606 91.660050 0.000000 0.000000 0.000000 0.930222 0.930222 0.930222
SM_Grass_Patch_04 58.643360 1.190258 95.484330 0.000000 0.000000 0.000000 0.944664 0.944664 0.944664
SM_Grass_Patch_04 59.682660 1.172514 96.592680 0.000000 0.000000 0.000000 0.930022 0.930022 0.930022
SM_Grass_Patch_04 63.105800 0.514977 89.936290 0.000000 0.000000 0.000000 0.970521 0.970521 0.970521
SM_Grass_Patch_04 61.258310 0.950259 90.872940 0.000000 0.000000 0.000000 1.076832 1.076832 1.076832
SM_Grass_Patch_04 62.104830 0.588685 88.451550 0.000000 0.000000 0.000000 0.930822 0.930822 0.930822
SM_Grass_Patch_04 59.350460 1.188909 89.832240 0.000000 0.000000 0.000000 0.974533 0.974533 0.974533
SM_Grass_Patch_04 63.209630 0.612679 91.857380 0.000000 0.000000 0.000000 1.031124 1.031124 1.031124
SM_Grass_Patch_04 58.413830 1.303252 91.824680 0.000000 0.000000 0.000000 0.905155 0.905155 0.905155
SM_Grass_Patch_04 57.154210 1.819144 88.776960 0.000000 0.000000 0.000000 0.943270 0.943270 0.943270
SM_Grass_Patch_04 55.111710 1.171947 92.159960 0.000000 0.000000 0.000000 1.095124 1.095124 1.095124
SM_Grass_Patch_04 58.236830 1.010366 87.639340 0.000000 0.000000 0.000000 1.008403 1.008403 1.008403
SM_Grass_Patch_04 54.772190 1.315364 89.288450 0.000000 0.000000 0.000000 0.958358 0.958358 0.958358
SM_Grass_Patch_04 58.570470 0.836452 86.176510 0.000000 0.000000 0.000000 0.981856 0.981856 0.981856
SM_Grass_Patch_04 56.924060 1.171947 93.573350 0.000000 0.000000 0.000000 0.965474 0.965474 0.965474
SM_Grass_Patch_04 59.857300 1.314176 93.657270 0.000000 0.000000 0.000000 1.084998 1.084998 1.084998
SM_Grass_Patch_04 64.405060 0.496167 92.887570 0.000000 0.000000 0.000000 0.954968 0.954968 0.954968
SM_Grass_Patch_04 65.049350 0.169024 90.710340 0.000000 0.000000 0.000000 0.916870 0.916870 0.916870
SM_Grass_Patch_04 67.186590 0.164805 91.071270 0.000000 0.000000 0.000000 0.919585 0.919585 0.919585
SM_Grass_Patch_04 63.141010 0.878960 96.320280 0.000000 0.000000 0.000000 0.926255 0.926255 0.926255
SM_Grass_Patch_04 63.734050 0.278431 88.195240 0.000000 0.000000 0.000000 0.903275 0.903275 0.903275
SM_Grass_Patch_04 61.353590 0.969522 92.946670 0.000000 0.000000 0.000000 1.078022 1.078022 1.078022
SM_Grass_Patch_04 59.588410 0.493076 84.790410 0.000000 0.000000 0.000000 1.025697 1.025697 1.025697
SM_Grass_Patch_04 57.373550 1.470119 90.317320 0.000000 0.000000 0.000000 1.039491 1.039491 1.039491
SM_Grass_Patch_04 61.644250 0.260238 85.828810 0.000000 0.000000 0.000000 0.981667 0.981667 0.981667
SM_Grass_Patch_04 60.985300 0.164805 83.853300 0.000000 0.000000 0.000000 0.935375 0.935375 0.935375
SM_Grass_Patch_04 58.058010 0.164805 80.939190 0.000000 0.000000 0.000000 0.906031 0.906031 0.906031
SM_Grass_Patch_04 53.952070 2.348728 84.891970 0.000000 0.000000 0.000000 0.903727 0.903727 0.903727
SM_Grass_Patch_04 49.915050 1.961637 77.964870 0.000000 0.000000 0.000000 1.014703 1.014703 1.014703
SM_Grass_Patch_04 53.341580 0.391234 74.708980 0.000000 0.000000 0.000000 0.958671 0.958671 0.958671
SM_Grass_Patch_04 128.055000 1.981297 63.648980 0.000000 0.000000 0.000000 0.958012 0.958012 0.958012
SM_Grass_Patch_04 126.252900 1.981970 60.143990 0.000000 0.000000 0.000000 1.010284 1.010284 1.010284
SM_Grass_Patch_04 131.253500 2.014283 58.666530 0.000000 0.000000 0.000000 0.925276 0.925276 0.925276
SM_Grass_Patch_04 128.198300 1.703195 61.065510 0.000000 0.000000 0.000000 1.078313 1.078313 1.078313
SM_Grass_Patch_04 132.697600 1.662123 61.911160 0.000000 0.000000 0.000000 0.923280 0.923280 0.923280
SM_Grass_Patch_04 132.944200 1.959348 58.718740 0.000000 0.000000 0.000000 0.918027 0.918027 0.918027
SM_Grass_Patch_04 128.628100 2.014283 57.277570 0.000000 0.000000 0.000000 0.977930 0.977930 0.977930
SM_Grass_Patch_04 127.146700 2.014283 58.854650 0.000000 0.000000 0.000000 0.973888 0.973888 0.973888
SM_Grass_Patch_04 129.880200 1.579243 62.113190 0.000000 0.000000 0.000000 0.908685 0.908685 0.908685
SM_Grass_Patch_04 130.534600 2.032595 55.860310 0.000000 0.000000 0.000000 1.098531 1.098531 1.098531
SM_Grass_Patch_04 129.349500 2.047920 59.317160 0.000000 0.000000 0.000000 1.068191 1.068191 1.068191
SM_Grass_Patch_04 129.156800 1.979125 54.700000 0.000000 0.000000 0.000000 0.967859 0.967859 0.967859
SM_Grass_Patch_04 131.680800 2.014283 57.009480 0.000000 0.000000 0.000000 0.930580 0.930580 0.930580
SM_Grass_Patch_04 126.392400 1.976039 57.181020 0.000000 0.000000 0.000000 1.033266 1.033266 1.033266
SM_Grass_Patch_04 130.066500 1.742165 52.209320 0.000000 0.000000 0.000000 0.944428 0.944428 0.944428
SM_Grass_Patch_04 127.590200 1.744141 53.163680 0.000000 0.000000 0.000000 1.081016 1.081016 1.081016
SM_Grass_Patch_04 125.959900 1.922725 55.310820 0.000000 0.000000 0.000000 1.096222 1.096222 1.096222
SM_Grass_Patch_04 130.573400 1.556491 49.756780 0.000000 0.000000 0.000000 0.929195 0.929195 0.929195
SM_Grass_Patch_04 127.537300 1.480350 48.812020 0.000000 0.000000 0.000000 1.029601 1.029601 1.029601
SM_Grass_Patch_04 129.487400 1.591583 48.719170 0.000000 0.000000 0.000000 0.992471 0.992471 0.992471
SM_Grass_Patch_04 124.445700 1.772547 46.054490 0.000000 0.000000 0.000000 0.906924 0.906924 0.906924
SM_Grass_Patch_04 128.389100 1.794543 46.019510 0.000000 0.000000 0.000000 1.097808 1.097808 1.097808
SM_Grass_Patch_04 129.552400 1.904413 43.814770 0.000000 0.000000 0.000000 0.935715 0.935715 0.935715
SM_Grass_Patch_04 128.618800 1.505567 50.659220 0.000000 0.000000 0.000000 1.014696 1.014696 1.014696
SM_Grass_Patch_04 130.085500 1.882941 45.339470 0.000000 0.000000 0.000000 1.092668 1.092668 1.092668
SM_Grass_Patch_04 125.642000 1.976164 43.137760 0.000000 0.000000 0.000000 0.949767 0.949767 0.949767
SM_Grass_Patch_04 132.315900 1.321701 63.771720 0.000000 0.000000 0.000000 1.065837 1.065837 1.065837
SM_Grass_Patch_04 135.230200 1.941036 57.122760 0.000000 0.000000 0.000000 1.024821 1.024821 1.024821
SM_Grass_Patch_04 135.606800 1.794543 62.908060 0.000000 0.000000 0.000000 0.986690 0.986690 0.986690
SM_Grass_Patch_04 136.635900 1.794543 58.850980 0.000000 0.000000 0.000000 1.065684 1.065684 1.065684
SM_Grass_Patch_04 135.777100 1.977660 55.479750 0.000000 0.000000 0.000000 1.001880 1.001880 1.001880
SM_Grass_Patch_04 134.438100 1.794543 53.640540 0.000000 0.000000 0.000000 0.933583 0.933583 0.933583
SM_Grass_Patch_04 131.734100 1.977660 54.345940 0.000000 0.000000 0.000000 0.912186 0.912186 0.912186
SM_Grass_Patch_04 134.225000 2.002898 55.878400 0.000000 0.000000 0.000000 1.079360 1.079360 1.079360
SM_Grass_Patch_04 132.871100 1.838029 52.145160 0.000000 0.000000 0.000000 1.005819 1.005819 1.005819
SM_Grass_Patch_04 133.771800 1.760476 50.308680 0.000000 0.000000 0.000000 1.068255 1.068255 1.068255
SM_Grass_Patch_04 131.158000 1.776231 46.995580 0.000000 0.000000 0.000000 0.933311 0.933311 0.933311
SM_Grass_Patch_04 126.570800 1.524900 51.753350 0.000000 0.000000 0.000000 0.902367 0.902367 0.902367
SM_Grass_Patch_04 129.644300 1.729208 47.076810 0.000000 0.000000 0.000000 0.929972 0.929972 0.929972
SM_Grass_Patch_04 132.213300 1.666361 49.407680 0.000000 0.000000 0.000000 1.021403 1.021403 1.021403
SM_Grass_Patch_04 125.690200 1.460483 48.319230 0.000000 0.000000 0.000000 1.083968 1.083968 1.083968
SM_Grass_Patch_04 127.166600 1.656188 47.118050 0.000000 0.000000 0.000000 1.072796 1.072796 1.072796
SM_Grass_Patch_04 122.630300 1.886102 55.074050 0.000000 0.000000 0.000000 1.018415 1.018415 1.018415
SM_Grass_Patch_04 120.306200 1.886102 55.209520 0.000000 0.000000 0.000000 1.076191 1.076191 1.076191
SM_Grass_Patch_04 125.043200 1.763559 54.067440 0.000000 0.000000 0.000000 0.972908 0.972908 0.972908
SM_Grass_Patch_04 123.905500 1.959348 58.780630 0.000000 0.000000 0.000000 0.923550 0.923550 0.923550
SM_Grass_Patch_04 123.151000 1.922725 57.099210 0.000000 0.000000 0.000000 0.927140 0.927140 0.927140
SM_Grass_Patch_04 124.925900 1.229639 50.105660 0.000000 0.000000 0.000000 1.018890 1.018890 1.018890
SM_Grass_Patch_04 121.430900 1.856597 54.123250 0.000000 0.000000 0.000000 1.007759 1.007759 1.007759
SM_Grass_Patch_04 120.236500 1.876697 51.959450 0.000000 0.000000 0.000000 0.934680 0.934680 0.934680
SM_Grass_Patch_04 122.861300 1.603936 48.921410 0.000000 0.000000 0.000000 0.952087 0.952087 0.952087
SM_Grass_Patch_04 121.253100 1.794843 49.056890 0.000000 0.000000 0.000000 1.070557 1.070557 1.070557
SM_Grass_Patch_04 121.265700 1.756076 50.838210 0.000000 0.000000 0.000000 0.924906 0.924906 0.924906
SM_Grass_Patch_04 122.686000 1.836958 46.669330 0.000000 0.000000 0.000000 0.912279 0.912279 0.912279
SM_Grass_Patch_04 122.397600 2.050906 43.433200 0.000000 0.000000 0.000000 0.986432 0.986432 0.986432
SM_Grass_Patch_04 123.428000 1.947087 44.948370 0.000000 0.000000 0.000000 1.079151 1.079151 1.079151
SM_Grass_Patch_04 125.794100 2.122651 40.274440 0.000000 0.000000 0.000000 1.036879 1.036879 1.036879
SM_Grass_Patch_04 123.704700 2.160776 39.674490 0.000000 0.000000 0.000000 1.011993 1.011993 1.011993
SM_Grass_Patch_04 126.845000 2.197400 37.427290 0.000000 0.000000 0.000000 0.916721 0.916721 0.916721
SM_Grass_Patch_04 125.097500 2.179088 38.266790 0.000000 0.000000 0.000000 0.969307 0.969307 0.969307
SM_Grass_Patch_04 128.550200 2.410016 35.329750 0.000000 0.000000 0.000000 0.911492 0.911492 0.911492
SM_Grass_Patch_04 124.190500 2.124470 34.846450 0.000000 0.000000 0.000000 1.093931 1.093931 1.093931
SM_Grass_Patch_04 123.092300 2.105842 35.946540 0.000000 0.000000 0.000000 0.946729 0.946729 0.946729
SM_Grass_Patch_04 128.868800 2.252335 37.012910 0.000000 0.000000 0.000000 1.067618 1.067618 1.067618
SM_Grass_Patch_04 129.238100 2.303779 33.407710 0.000000 0.000000 0.000000 1.069722 1.069722 1.069722
SM_Grass_Patch_04 123.692800 1.977660 32.050190 0.000000 0.000000 0.000000 1.009427 1.009427 1.009427
SM_Grass_Patch_04 125.556200 1.951701 30.872250 0.000000 0.000000 0.000000 0.957154 0.957154 0.957154
SM_Grass_Patch_04 121.216300 2.033475 45.461240 0.000000 0.000000 0.000000 1.099203 1.099203 1.099203
SM_Grass_Patch_04 120.985300 2.124153 41.267160 0.000000 0.000000 0.000000 1.029122 1.029122 1.029122
SM_Grass_Patch_04 122.077400 2.142465 39.174960 0.000000 0.000000 0.000000 0.951096 0.951096 0.951096
SM_Grass_Patch_04 122.504400 2.106353 37.449340 0.000000 0.000000 0.000000 0.969991 0.969991 0.969991
SM_Grass_Patch_04 120.006700 2.087530 38.734120 0.000000 0.000000 0.000000 1.035985 1.035985 1.035985
SM_Grass_Patch_04 121.977200 1.989633 33.565950 0.000000 0.000000 0.000000 0.952624 0.952624 0.952624
SM_Grass_Patch_04 120.721700 1.915026 31.809310 0.000000 0.000000 0.000000 1.030003 1.030003 1.030003
SM_Grass_Patch_04 120.882400 1.886102 29.985070 0.000000 0.000000 0.000000 1.052832 1.052832 1.052832
SM_Grass_Patch_04 126.019600 1.886102 28.696170 0.000000 0.000000 0.000000 1.090105 1.090105 1.090105
SM_Grass_Patch_04 123.693100 1.886102 26.424830 0.000000 0.000000 0.000000 1.009043 1.009043 1.009043
SM_Grass_Patch_04 126.647800 1.886102 27.290370 0.000000 0.000000 0.000000 1.047451 1.047451 1.047451
SM_Grass_Patch_04 125.041500 2.055775 32.803490 0.000000 0.000000 0.000000 1.047166 1.047166 1.047166
SM_Grass_Patch_04 122.239400 1.932179 31.330670 0.000000 0.000000 0.000000 1.009186 1.009186 1.009186
SM_Grass_Patch_04 123.770900 1.886102 29.455740 0.000000 0.000000 0.000000 0.902941 0.902941 0.902941
SM_Grass_Patch_04 125.081100 1.886102 23.783400 0.000000 0.000000 0.000000 0.997127 0.997127 0.997127
SM_Grass_Patch_04 127.515100 1.965086 42.451040 0.000000 0.000000 0.000000 0.938933 0.938933 0.938933
SM_Grass_Patch_04 132.653700 1.941036 42.521820 0.000000 0.000000 0.000000 0.908028 0.908028 0.908028
SM_Grass_Patch_04 132.480300 2.039915 39.312540 0.000000 0.000000 0.000000 1.021748 1.021748 1.021748
SM_Grass_Patch_04 130.758100 1.904413 41.972310 0.000000 0.000000 0.000000 0.932029 0.932029 0.932029
SM_Grass_Patch_04 134.362400 2.044369 40.199390 0.000000 0.000000 0.000000 0.958020 0.958020 0.958020
SM_Grass_Patch_04 132.815400 2.330806 36.517920 0.000000 0.000000 0.000000 1.078522 1.078522 1.078522
SM_Grass_Patch_04 130.510600 1.959401 39.530800 0.000000 0.000000 0.000000 1.022044 1.022044 1.022044
SM_Grass_Patch_04 133.380600 2.405305 34.430270 0.000000 0.000000 0.000000 0.965877 0.965877 0.965877
SM_Grass_Patch_04 132.194400 2.098701 31.657820 0.000000 0.000000 0.000000 1.092172 1.092172 1.092172
SM_Grass_Patch_04 134.164300 2.000534 30.976430 0.000000 0.000000 0.000000 1.004590 1.004590 1.004590
SM_Grass_Patch_04 129.207700 1.922725 29.673990 0.000000 0.000000 0.000000 1.083363 1.083363 1.083363
SM_Grass_Patch_04 133.470100 1.886102 28.060390 0.000000 0.000000 0.000000 0.948331 0.948331 0.948331
SM_Grass_Patch_04 130.389500 2.159612 32.021320 0.000000 0.000000 0.000000 0.940545 0.940545 0.940545
SM_Grass_Patch_04 131.057300 2.364374 33.768510 0.000000 0.000000 0.000000 0.960712 0.960712 0.960712
SM_Grass_Patch_04 131.839000 1.904413 29.772740 0.000000 0.000000 0.000000 0.961290 0.961290 0.961290
SM_Grass_Patch_04 131.163200 1.904413 27.523260 0.000000 0.000000 0.000000 0.997537 0.997537 0.997537
SM_Grass_Patch_04 131.487600 1.904413 43.978990 0.000000 0.000000 0.000000 0.923858 0.923858 0.923858
SM_Grass_Patch_04 130.645900 2.274374 36.999440 0.000000 0.000000 0.000000 0.943531 0.943531 0.943531
SM_Grass_Patch_04 133.678900 2.192960 38.006630 0.000000 0.000000 0.000000 0.949267 0.949267 0.949267
SM_Grass_Patch_04 135.126500 2.106000 38.535550 0.000000 0.000000 0.000000 0.907943 0.907943 0.907943
SM_Grass_Patch_04 128.870400 2.048734 39.081040 0.000000 0.000000 0.000000 1.012813 1.012813 1.012813
SM_Grass_Patch_04 129.255800 1.925393 41.070980 0.000000 0.000000 0.000000 0.936205 0.936205 0.936205
SM_Grass_Patch_04 136.736000 2.014283 38.507020 0.000000 0.000000 0.000000 0.988110 0.988110 0.988110
SM_Grass_Patch_04 135.005400 2.324951 36.579340 0.000000 0.000000 0.000000 1.009080 1.009080 1.009080
SM_Grass_Patch_04 132.494800 1.959348 40.959070 0.000000 0.000000 0.000000 0.997351 0.997351 0.997351
SM_Grass_Patch_04 127.194400 1.904413 44.493470 0.000000 0.000000 0.000000 1.072601 1.072601 1.072601
SM_Grass_Patch_04 126.043800 1.794425 45.626010 0.000000 0.000000 0.000000 0.987760 0.987760 0.987760
SM_Grass_Patch_04 132.135200 1.886102 45.425440 0.000000 0.000000 0.000000 1.040335 1.040335 1.040335
SM_Grass_Patch_04 133.393600 1.849478 46.261300 0.000000 0.000000 0.000000 1.073873 1.073873 1.073873
SM_Grass_Patch_04 127.462500 2.048340 39.865650 0.000000 0.000000 0.000000 1.000340 1.000340 1.000340
SM_Grass_Patch_04 131.638600 2.442209 35.567340 0.000000 0.000000 0.000000 0.982960 0.982960 0.982960
SM_Grass_Patch_04 136.178800 1.867790 40.258370 0.000000 0.000000 0.000000 1.050635 1.050635 1.050635
SM_Grass_Patch_04 135.080800 2.002295 41.740220 0.000000 0.000000 0.000000 0.980128 0.980128 0.980128
SM_Grass_Patch_04 136.509400 2.178160 36.429090 0.000000 0.000000 0.000000 0.955081 0.955081 0.955081
SM_Grass_Patch_04 135.063500 2.325582 34.049040 0.000000 0.000000 0.000000 1.055585 1.055585 1.055585
SM_Grass_Patch_04 134.377300 2.169366 32.573290 0.000000 0.000000 0.000000 1.073894 1.073894 1.073894
SM_Grass_Patch_04 137.071900 2.124153 33.583950 0.000000 0.000000 0.000000 1.051432 1.051432 1.051432
SM_Grass_Patch_04 135.768900 2.058319 31.782000 0.000000 0.000000 0.000000 0.938106 0.938106 0.938106
SM_Grass_Patch_04 137.779000 2.050906 35.490460 0.000000 0.000000 0.000000 0.964187 0.964187 0.964187
SM_Grass_Patch_04 137.679700 1.957308 31.256040 0.000000 0.000000 0.000000 1.045799 1.045799 1.045799
SM_Grass_Patch_04 134.900400 1.886102 28.964330 0.000000 0.000000 0.000000 0.992396 0.992396 0.992396
SM_Grass_Patch_04 133.331900 1.886102 26.507290 0.000000 0.000000 0.000000 0.918412 0.918412 0.918412
SM_Grass_Patch_04 128.089700 1.904413 28.143630 0.000000 0.000000 0.000000 0.929684 0.929684 0.929684
SM_Grass_Patch_04 127.217200 2.089266 32.046060 0.000000 0.000000 0.000000 1.020579 1.020579 1.020579
SM_Grass_Patch_04 127.609600 1.933646 30.249440 0.000000 0.000000 0.000000 0.954897 0.954897 0.954897
SM_Grass_Patch_04 127.271100 2.223975 33.664260 0.000000 0.000000 0.000000 0.988382 0.988382 0.988382
SM_Grass_Patch_04 126.807800 2.288958 35.400880 0.000000 0.000000 0.000000 0.908656 0.908656 0.908656
SM_Grass_Patch_04 124.137000 2.030601 42.829520 0.000000 0.000000 0.000000 0.907515 0.907515 0.907515
SM_Grass_Patch_04 124.522600 2.124153 41.092590 0.000000 0.000000 0.000000 0.913390 0.913390 0.913390
SM_Grass_Patch_04 124.597400 1.524365 52.069630 0.000000 0.000000 0.000000 0.987446 0.987446 0.987446
SM_Grass_Patch_04 134.634600 1.892299 58.794400 0.000000 0.000000 0.000000 1.069947 1.069947 1.069947
SM_Grass_Patch_04 134.464600 1.810336 61.204860 0.000000 0.000000 0.000000 0.928477 0.928477 0.928477
SM_Grass_Patch_04 133.630600 1.975528 57.361940 0.000000 0.000000 0.000000 0.906706 0.906706 0.906706
SM_Grass_Patch_04 132.041000 1.890724 60.429310 0.000000 0.000000 0.000000 0.981880 0.981880 0.981880
SM_Grass_Patch_04 142.303600 1.428310 71.378190 0.000000 0.000000 0.000000 0.965165 0.965165 0.965165
SM_Grass_Patch_04 144.970500 1.328518 69.207570 0.000000 0.000000 0.000000 1.066387 1.066387 1.066387
SM_Grass_Patch_04 139.080600 1.113457 70.732860 0.000000 0.000000 0.000000 1.048440 1.048440 1.048440
SM_Grass_Patch_04 145.354000 1.886102 67.242940 0.000000 0.000000 0.000000 1.056054 1.056054 1.056054
SM_Grass_Patch_04 146.567900 1.886102 69.513930 0.000000 0.000000 0.000000 0.911635 0.911635 0.911635
SM_Grass_Patch_04 142.030600 1.707332 66.993490 0.000000 0.000000 0.000000 0.929911 0.929911 0.929911
SM_Grass_Patch_04 143.342900 1.574803 67.917640 0.000000 0.000000 0.000000 1.003643 1.003643 1.003643
SM_Grass_Patch_04 148.054700 1.886102 67.538140 0.000000 0.000000 0.000000 1.034376 1.034376 1.034376
SM_Grass_Patch_04 143.413000 1.849478 65.396960 0.000000 0.000000 0.000000 0.936469 0.936469 0.936469
SM_Grass_Patch_04 146.044200 1.874276 64.742840 0.000000 0.000000 0.000000 1.016798 1.016798 1.016798
SM_Grass_Patch_04 147.865100 1.886102 65.138370 0.000000 0.000000 0.000000 1.042326 1.042326 1.042326
SM_Grass_Patch_04 142.732200 1.831166 64.029460 0.000000 0.000000 0.000000 0.959703 0.959703 0.959703
SM_Grass_Patch_04 140.977400 1.785208 65.392160 0.000000 0.000000 0.000000 1.044692 1.044692 1.044692
SM_Grass_Patch_04 148.224900 1.757920 63.397140 0.000000 0.000000 0.000000 0.945660 0.945660 0.945660
SM_Grass_Patch_04 143.246900 1.812855 62.609170 0.000000 0.000000 0.000000 0.982545 0.982545 0.982545
SM_Grass_Patch_04 145.630700 1.721296 61.565790 0.000000 0.000000 0.000000 0.988953 0.988953 0.988953
SM_Grass_Patch_04 146.455000 1.776231 63.093460 0.000000 0.000000 0.000000 0.941483 0.941483 0.941483
SM_Grass_Patch_04 147.514100 1.640126 61.651140 0.000000 0.000000 0.000000 0.989968 0.989968 0.989968
SM_Grass_Patch_04 149.411500 1.873493 64.892410 0.000000 0.000000 0.000000 0.979363 0.979363 0.979363
SM_Grass_Patch_04 149.769500 1.587015 62.061180 0.000000 0.000000 0.000000 1.076756 1.076756 1.076756
SM_Grass_Patch_04 144.713500 1.849478 63.604990 0.000000 0.000000 0.000000 0.929661 0.929661 0.929661
SM_Grass_Patch_04 147.168300 1.590284 59.555400 0.000000 0.000000 0.000000 0.986859 0.986859 0.986859
SM_Grass_Patch_04 144.956600 1.671451 59.278260 0.000000 0.000000 0.000000 0.956258 0.956258 0.956258
SM_Grass_Patch_04 143.701300 1.757920 60.501630 0.000000 0.000000 0.000000 0.968830 0.968830 0.968830
SM_Grass_Patch_04 149.588700 1.436341 60.438470 0.000000 0.000000 0.000000 1.017796 1.017796 1.017796
SM_Grass_Patch_04 141.632600 1.794543 61.371490 0.000000 0.000000 0.000000 1.067100 1.067100 1.067100
SM_Grass_Patch_04 147.527200 1.721296 57.983430 0.000000 0.000000 0.000000 0.947463 0.947463 0.947463
SM_Grass_Patch_04 142.975100 1.772178 59.157920 0.000000 0.000000 0.000000 0.965930 0.965930 0.965930
SM_Grass_Patch_04 144.290700 1.666361 57.195450 0.000000 0.000000 0.000000 1.036704 1.036704 1.036704
SM_Grass_Patch_04 145.991100 1.706876 57.207940 0.000000 0.000000 0.000000 0.903103 0.903103 0.903103
SM_Grass_Patch_04 142.374300 1.794543 57.746720 0.000000 0.000000 0.000000 0.989214 0.989214 0.989214
SM_Grass_Patch_04 148.597000 2.028967 56.127970 0.000000 0.000000 0.000000 1.076598 1.076598 1.076598
SM_Grass_Patch_04 144.955200 1.598367 55.227870 0.000000 0.000000 0.000000 1.037442 1.037442 1.037442
SM_Grass_Patch_04 149.243900 1.619496 58.837390 0.000000 0.000000 0.000000 0.907887 0.907887 0.907887
SM_Grass_Patch_04 149.958000 2.430494 54.999700 0.000000 0.000000 0.000000 1.089412 1.089412 1.089412
SM_Grass_Patch_04 148.023700 2.112281 53.932800 0.000000 0.000000 0.000000 1.077227 1.077227 1.077227
SM_Grass_Patch_04 150.467700 2.028731 56.657620 0.000000 0.000000 0.000000 0.934270 0.934270 0.934270
SM_Grass_Patch_04 146.735500 1.870139 55.169640 0.000000 0.000000 0.000000 0.936590 0.936590 0.936590
SM_Grass_Patch_04 151.276200 1.488455 59.825490 0.000000 0.000000 0.000000 0.911715 0.911715 0.911715
SM_Grass_Patch_04 151.909300 1.947880 56.157320 0.000000 0.000000 0.000000 1.075356 1.075356 1.075356
SM_Grass_Patch_04 152.780000 1.702985 58.186900 0.000000 0.000000 0.000000 1.091770 1.091770 1.091770
SM_Grass_Patch_04 150.240300 2.189902 53.229080 0.000000 0.000000 0.000000 1.014856 1.014856 1.014856
SM_Grass_Patch_04 153.364700 1.787827 54.797130 0.000000 0.000000 0.000000 1.062548 1.062548 1.062548
SM_Grass_Patch_04 151.349200 2.130841 54.382630 0.000000 0.000000 0.000000 1.071861 1.071861 1.071861
SM_Grass_Patch_04 154.497500 1.615382 55.914950 0.000000 0.000000 0.000000 1.090014 1.090014 1.090014
SM_Grass_Patch_04 154.856500 1.722790 59.404970 0.000000 0.000000 0.000000 1.052711 1.052711 1.052711
SM_Grass_Patch_04 156.293600 1.671474 57.046910 0.000000 0.000000 0.000000 1.023759 1.023759 1.023759
SM_Grass_Patch_04 155.482500 1.760768 61.069450 0.000000 0.000000 0.000000 0.919685 0.919685 0.919685
SM_Grass_Patch_04 151.788500 1.621408 61.491420 0.000000 0.000000 0.000000 0.904012 0.904012 0.904012
SM_Grass_Patch_04 152.963200 1.624003 60.425410 0.000000 0.000000 0.000000 0.953867 0.953867 0.953867
SM_Grass_Patch_04 153.052700 1.770061 62.916100 0.000000 0.000000 0.000000 1.034798 1.034798 1.034798
SM_Grass_Patch_04 157.404600 1.782779 58.493370 0.000000 0.000000 0.000000 1.046580 1.046580 1.046580
SM_Grass_Patch_04 156.476600 1.596985 54.408030 0.000000 0.000000 0.000000 0.971725 0.971725 0.971725
SM_Grass_Patch_04 154.363600 1.541057 53.126720 0.000000 0.000000 0.000000 0.959565 0.959565 0.959565
SM_Grass_Patch_04 158.782100 1.771748 54.180490 0.000000 0.000000 0.000000 1.009901 1.009901 1.009901
SM_Grass_Patch_04 152.677400 1.810376 53.161150 0.000000 0.000000 0.000000 1.028542 1.028542 1.028542
SM_Grass_Patch_04 159.372500 1.776231 52.592720 0.000000 0.000000 0.000000 0.912368 0.912368 0.912368
SM_Grass_Patch_04 158.708500 1.666361 50.190300 0.000000 0.000000 0.000000 1.009993 1.009993 1.009993
SM_Grass_Patch_04 153.128600 1.592697 50.484050 0.000000 0.000000 0.000000 0.914592 0.914592 0.914592
SM_Grass_Patch_04 158.174200 1.746943 55.687580 0.000000 0.000000 0.000000 1.099900 1.099900 1.099900
SM_Grass_Patch_04 156.175900 1.505011 51.279470 0.000000 0.000000 0.000000 0.935071 0.935071 0.935071
SM_Grass_Patch_04 157.358100 1.666361 48.087960 0.000000 0.000000 0.000000 1.017551 1.017551 1.017551
SM_Grass_Patch_04 155.449200 1.574803 47.792060 0.000000 0.000000 0.000000 1.063223 1.063223 1.063223
SM_Grass_Patch_04 153.974400 1.574803 47.029510 0.000000 0.000000 0.000000 0.907371 0.907371 0.907371
SM_Grass_Patch_04 157.913400 1.647871 51.717220 0.000000 0.000000 0.000000 1.048278 1.048278 1.048278
SM_Grass_Patch_04 159.058500 1.757920 48.010080 0.000000 0.000000 0.000000 0.998883 0.998883 0.998883
SM_Grass_Patch_04 152.216000 1.593115 48.560150 0.000000 0.000000 0.000000 1.099666 1.099666 1.099666
SM_Grass_Patch_04 154.973500 1.401804 49.913670 0.000000 0.000000 0.000000 0.970529 0.970529 0.970529
SM_Grass_Patch_04 153.801600 1.599161 45.433610 0.000000 0.000000 0.000000 1.060842 1.060842 1.060842
SM_Grass_Patch_04 157.447200 1.739608 46.450900 0.000000 0.000000 0.000000 0.979278 0.979278 0.979278
SM_Grass_Patch_04 151.318900 1.776231 50.620960 0.000000 0.000000 0.000000 1.067376 1.067376 1.067376
SM_Grass_Patch_04 150.640400 1.571679 47.629590 0.000000 0.000000 0.000000 1.032985 1.032985 1.032985
SM_Grass_Patch_04 152.042300 1.479760 44.728290 0.000000 0.000000 0.000000 0.956786 0.956786 0.956786
SM_Grass_Patch_04 157.324100 1.828862 43.329320 0.000000 0.000000 0.000000 1.091030 1.091030 1.091030
SM_Grass_Patch_04 151.824600 1.735528 41.703200 0.000000 0.000000 0.000000 0.951362 0.951362 0.951362
SM_Grass_Patch_04 156.122200 1.824069 41.964040 0.000000 0.000000 0.000000 1.000243 1.000243 1.000243
SM_Grass_Patch_04 153.171000 1.849478 40.389760 0.000000 0.000000 0.000000 0.947392 0.947392 0.947392
SM_Grass_Patch_04 150.256900 1.855921 40.413780 0.000000 0.000000 0.000000 1.052558 1.052558 1.052558
SM_Grass_Patch_04 150.221400 1.886102 38.753090 0.000000 0.000000 0.000000 0.958634 0.958634 0.958634
SM_Grass_Patch_04 150.238000 1.538990 42.961840 0.000000 0.000000 0.000000 0.987890 0.987890 0.987890
SM_Grass_Patch_04 155.461300 1.757052 44.426530 0.000000 0.000000 0.000000 0.915791 0.915791 0.915791
SM_Grass_Patch_04 151.477300 1.867790 37.427020 0.000000 0.000000 0.000000 1.056116 1.056116 1.056116
SM_Grass_Patch_04 154.981800 1.867790 37.753400 0.000000 0.000000 0.000000 1.041252 1.041252 1.041252
SM_Grass_Patch_04 155.858000 1.849478 40.329670 0.000000 0.000000 0.000000 1.007844 1.007844 1.007844
SM_Grass_Patch_04 154.506400 1.812855 41.388900 0.000000 0.000000 0.000000 0.915010 0.915010 0.915010
SM_Grass_Patch_04 148.550900 1.849478 38.042660 0.000000 0.000000 0.000000 1.045083 1.045083 1.045083
SM_Grass_Patch_04 153.453700 1.867790 37.368180 0.000000 0.000000 0.000000 1.055806 1.055806 1.055806
SM_Grass_Patch_04 152.606800 1.867790 35.694060 0.000000 0.000000 0.000000 1.087207 1.087207 1.087207
SM_Grass_Patch_04 149.686600 1.866807 37.022860 0.000000 0.000000 0.000000 0.991496 0.991496 0.991496
SM_Grass_Patch_04 151.903400 1.600805 43.215630 0.000000 0.000000 0.000000 1.069173 1.069173 1.069173
SM_Grass_Patch_04 147.605200 1.849478 39.352570 0.000000 0.000000 0.000000 0.904348 0.904348 0.904348
SM_Grass_Patch_04 148.592200 1.764569 41.349520 0.000000 0.000000 0.000000 1.019317 1.019317 1.019317
SM_Grass_Patch_04 150.501400 1.834990 35.086610 0.000000 0.000000 0.000000 0.992101 0.992101 0.992101
SM_Grass_Patch_04 154.283200 1.867790 35.659360 0.000000 0.000000 0.000000 1.015598 1.015598 1.015598
SM_Grass_Patch_04 148.380900 1.831166 35.960910 0.000000 0.000000 0.000000 1.081989 1.081989 1.081989
SM_Grass_Patch_04 152.143400 1.867790 38.935090 0.000000 0.000000 0.000000 1.017390 1.017390 1.017390
SM_Grass_Patch_04 154.270600 1.867790 39.160920 0.000000 0.000000 0.000000 0.977245 0.977245 0.977245
SM_Grass_Patch_04 146.173100 1.812855 37.374930 0.000000 0.000000 0.000000 1.030290 1.030290 1.030290
SM_Grass_Patch_04 145.455000 1.867790 38.708260 0.000000 0.000000 0.000000 1.060015 1.060015 1.060015
SM_Grass_Patch_04 147.368600 1.812855 34.774810 0.000000 0.000000 0.000000 0.969047 0.969047 0.969047
SM_Grass_Patch_04 148.847000 1.831166 33.873420 0.000000 0.000000 0.000000 0.955031 0.955031 0.955031
SM_Grass_Patch_04 145.972800 1.794543 35.455640 0.000000 0.000000 0.000000 0.938229 0.938229 0.938229
SM_Grass_Patch_04 145.238300 1.849478 40.340010 0.000000 0.000000 0.000000 0.921392 0.921392 0.921392
SM_Grass_Patch_04 144.103800 2.019126 37.018920 0.000000 0.000000 0.000000 0.900184 0.900184 0.900184
SM_Grass_Patch_04 147.046700 1.792729 41.429780 0.000000 0.000000 0.000000 0.997884 0.997884 0.997884
SM_Grass_Patch_04 153.575900 1.694957 43.175700 0.000000 0.000000 0.000000 1.075301 1.075301 1.075301
SM_Grass_Patch_04 146.793300 1.711513 43.833480 0.000000 0.000000 0.000000 1.046807 1.046807 1.046807
SM_Grass_Patch_04 150.561000 1.416492 45.992910 0.000000 0.000000 0.000000 0.900464 0.900464 0.900464
SM_Grass_Patch_04 147.376300 1.729056 46.036230 0.000000 0.000000 0.000000 1.050197 1.050197 1.050197
SM_Grass_Patch_04 149.246300 1.398215 44.604230 0.000000 0.000000 0.000000 0.957355 0.957355 0.957355
SM_Grass_Patch_04 148.390300 1.640326 42.925620 0.000000 0.000000 0.000000 1.032394 1.032394 1.032394
SM_Grass_Patch_04 148.291200 1.827024 47.640760 0.000000 0.000000 0.000000 1.016467 1.016467 1.016467
SM_Grass_Patch_04 149.482800 1.790125 48.820110 0.000000 0.000000 0.000000 0.901799 0.901799 0.901799
SM_Grass_Patch_04 147.760100 2.209669 50.297040 0.000000 0.000000 0.000000 1.067704 1.067704 1.067704
SM_Grass_Patch_04 151.938900 1.527357 46.799720 0.000000 0.000000 0.000000 1.002573 1.002573 1.002573
SM_Grass_Patch_04 148.947700 2.142465 52.465900 0.000000 0.000000 0.000000 0.928962 0.928962 0.928962
SM_Grass_Patch_04 145.646200 2.453763 50.234920 0.000000 0.000000 0.000000 1.019660 1.019660 1.019660
SM_Grass_Patch_04 145.579600 1.867790 48.196570 0.000000 0.000000 0.000000 1.058252 1.058252 1.058252
SM_Grass_Patch_04 146.090900 2.133166 52.579340 0.000000 0.000000 0.000000 0.908429 0.908429 0.908429
SM_Grass_Patch_04 149.739900 1.974282 50.961040 0.000000 0.000000 0.000000 1.020090 1.020090 1.020090
SM_Grass_Patch_04 144.726200 1.940287 53.381900 0.000000 0.000000 0.000000 0.946992 0.946992 0.946992
SM_Grass_Patch_09 154.483500 1.488845 51.551810 0.000000 0.000000 0.000000 1.082427 1.082427 1.082427
SM_Grass_Patch_09 154.097500 1.519868 48.667900 0.000000 0.000000 0.000000 1.093084 1.093084 1.093084
SM_Grass_Patch_09 143.545200 1.794543 54.541840 0.000000 0.000000 0.000000 1.034265 1.034265 1.034265
SM_Grass_Patch_09 144.260100 1.794543 51.689210 0.000000 0.000000 0.000000 0.982862 0.982862 0.982862
SM_Grass_Patch_09 141.152000 1.794543 59.813380 0.000000 0.000000 0.000000 1.015616 1.015616 1.015616
SM_Grass_Patch_09 140.813600 1.794543 63.073000 0.000000 0.000000 0.000000 1.012583 1.012583 1.012583
SM_Grass_Patch_09 148.758700 1.855186 32.138790 0.000000 0.000000 0.000000 0.904598 0.904598 0.904598
SM_Grass_Patch_09 151.370800 1.852877 33.529330 0.000000 0.000000 0.000000 0.925962 0.925962 0.925962
SM_Grass_Patch_09 150.225800 1.867790 32.509820 0.000000 0.000000 0.000000 1.008084 1.008084 1.008084
SM_Grass_Patch_09 135.809200 0.702603 70.467000 0.000000 0.000000 0.000000 1.004588 1.004588 1.004588
SM_Grass_Patch_09 134.887700 0.211722 74.662950 0.000000 0.000000 0.000000 0.970216 0.970216 0.970216
SM_Grass_Patch_09 134.378300 0.389363 72.305920 0.000000 0.000000 0.000000 1.058107 1.058107 1.058107
SM_Grass_Patch_09 139.866200 1.273134 69.315290 0.000000 0.000000 0.000000 0.927667 0.927667 0.927667
SM_Grass_Patch_09 138.850700 0.873284 75.745310 0.000000 0.000000 0.000000 1.050732 1.050732 1.050732
SM_Grass_Patch_09 139.770600 1.264676 73.386580 0.000000 0.000000 0.000000 0.937684 0.937684 0.937684
SM_Grass_Patch_09 142.495300 1.067964 76.199770 0.000000 0.000000 0.000000 0.963075 0.963075 0.963075
SM_Grass_Patch_09 140.896500 0.972174 78.151880 0.000000 0.000000 0.000000 1.050460 1.050460 1.050460
SM_Grass_Patch_09 142.594400 0.886855 78.682630 0.000000 0.000000 0.000000 1.023413 1.023413 1.023413
SM_Grass_Patch_09 140.716500 0.787402 81.412060 0.000000 0.000000 0.000000 0.976245 0.976245 0.976245
SM_Grass_Patch_09 141.187300 0.787402 83.355770 0.000000 0.000000 0.000000 0.904492 0.904492 0.904492
SM_Grass_Patch_09 139.526100 0.768484 82.568080 0.000000 0.000000 0.000000 1.030354 1.030354 1.030354
SM_Grass_Patch_09 141.455000 0.787402 85.136230 0.000000 0.000000 0.000000 1.090761 1.090761 1.090761
SM_Grass_Patch_09 137.243600 0.824025 86.726530 0.000000 0.000000 0.000000 1.031904 1.031904 1.031904
SM_Grass_Patch_09 139.665300 0.790006 85.520970 0.000000 0.000000 0.000000 0.993198 0.993198 0.993198
SM_Grass_Patch_09 140.852000 0.787402 86.514050 0.000000 0.000000 0.000000 0.909780 0.909780 0.909780
SM_Grass_Patch_09 136.742300 0.805713 88.513240 0.000000 0.000000 0.000000 0.920078 0.920078 0.920078
SM_Grass_Patch_09 134.310500 0.736411 88.651860 0.000000 0.000000 0.000000 0.916241 0.916241 0.916241
SM_Grass_Patch_09 138.804800 0.792772 88.079180 0.000000 0.000000 0.000000 1.036431 1.036431 1.036431
SM_Grass_Patch_09 132.287400 0.604546 87.285160 0.000000 0.000000 0.000000 1.087517 1.087517 1.087517
SM_Grass_Patch_09 137.645600 0.709748 76.665010 0.000000 0.000000 0.000000 0.953396 0.953396 0.953396
SM_Grass_Patch_09 134.589000 0.146493 77.818330 0.000000 0.000000 0.000000 1.004360 1.004360 1.004360
SM_Grass_Patch_09 132.836500 0.221164 80.793400 0.000000 0.000000 0.000000 1.094874 1.094874 1.094874
SM_Grass_Patch_09 135.577700 0.824025 87.559160 0.000000 0.000000 0.000000 1.031500 1.031500 1.031500
SM_Grass_Patch_09 132.588600 0.109870 78.952180 0.000000 0.000000 0.000000 0.934244 0.934244 0.934244
SM_Grass_Patch_09 128.419900 0.474037 85.003480 0.000000 0.000000 0.000000 1.023492 1.023492 1.023492
SM_Grass_Patch_09 129.918400 0.137743 89.679490 0.000000 0.000000 0.000000 0.942951 0.942951 0.942951
SM_Grass_Patch_09 125.547000 0.329552 90.330980 0.000000 0.000000 0.000000 0.994095 0.994095 0.994095
SM_Grass_Patch_09 130.000900 0.583227 85.649320 0.000000 0.000000 0.000000 0.915167 0.915167 0.915167
SM_Grass_Patch_09 128.438100 0.146493 90.809750 0.000000 0.000000 0.000000 0.980179 0.980179 0.980179
SM_Grass_Patch_09 126.262200 0.256363 88.097750 0.000000 0.000000 0.000000 0.958878 0.958878 0.958878
SM_Grass_Patch_09 124.899000 0.164805 94.328540 0.000000 0.000000 0.000000 1.013005 1.013005 1.013005
SM_Grass_Patch_09 126.450100 0.164805 95.155460 0.000000 0.000000 0.000000 0.999171 0.999171 0.999171
SM_Grass_Patch_09 123.669000 0.279483 93.085020 0.000000 0.000000 0.000000 1.085650 1.085650 1.085650
SM_Grass_Patch_09 122.308700 0.421168 94.044770 0.000000 0.000000 0.000000 1.026965 1.026965 1.026965
SM_Grass_Patch_09 123.423500 0.860648 98.583040 0.000000 0.000000 0.000000 1.096714 1.096714 1.096714
SM_Grass_Patch_09 122.225800 0.860648 99.509810 0.000000 0.000000 0.000000 1.097532 1.097532 1.097532
SM_Grass_Patch_09 118.969800 0.860648 100.184800 0.000000 0.000000 0.000000 0.921113 0.921113 0.921113
SM_Grass_Patch_09 120.903700 0.860648 100.834100 0.000000 0.000000 0.000000 0.983914 0.983914 0.983914
SM_Grass_Patch_09 121.966500 0.807859 97.810390 0.000000 0.000000 0.000000 1.034821 1.034821 1.034821
SM_Grass_Patch_09 128.198300 0.164805 92.487670 0.000000 0.000000 0.000000 0.905204 0.905204 0.905204
SM_Grass_Patch_09 128.738400 0.164805 94.167140 0.000000 0.000000 0.000000 1.002406 1.002406 1.002406
SM_Grass_Patch_09 123.317500 0.294754 89.808270 0.000000 0.000000 0.000000 0.920387 0.920387 0.920387
SM_Grass_Patch_09 123.273500 0.159602 88.255200 0.000000 0.000000 0.000000 0.964253 0.964253 0.964253
SM_Grass_Patch_09 122.288900 0.714155 96.127550 0.000000 0.000000 0.000000 0.974635 0.974635 0.974635
SM_Grass_Patch_09 115.979100 0.842337 102.366200 0.000000 0.000000 0.000000 1.060769 1.060769 1.060769
SM_Grass_Patch_09 122.834400 0.256363 91.821520 0.000000 0.000000 0.000000 1.023725 1.023725 1.023725
SM_Grass_Patch_09 126.254500 0.316135 96.791610 0.000000 0.000000 0.000000 0.931116 0.931116 0.931116
SM_Grass_Patch_09 117.082300 0.795340 103.607400 0.000000 0.000000 0.000000 0.984481 0.984481 0.984481
SM_Grass_Patch_09 113.213900 0.842337 101.976900 0.000000 0.000000 0.000000 1.086515 1.086515 1.086515
SM_Grass_Patch_09 120.535500 0.537583 93.872590 0.000000 0.000000 0.000000 1.046002 1.046002 1.046002
SM_Grass_Patch_09 116.111500 0.656359 96.694340 0.000000 0.000000 0.000000 0.995957 0.995957 0.995957
SM_Grass_Patch_09 119.172400 0.690875 95.308580 0.000000 0.000000 0.000000 0.930693 0.930693 0.930693
SM_Grass_Patch_09 114.751300 0.263970 93.871660 0.000000 0.000000 0.000000 0.975502 0.975502 0.975502
SM_Grass_Patch_09 117.218800 0.054935 91.848910 0.000000 0.000000 0.000000 1.067159 1.067159 1.067159
SM_Grass_Patch_09 115.950200 0.062389 92.843890 0.000000 0.000000 0.000000 0.909863 0.909863 0.909863
SM_Grass_Patch_09 113.509200 0.253013 94.793760 0.000000 0.000000 0.000000 0.910677 0.910677 0.910677
SM_Grass_Patch_09 114.584000 0.878960 103.061100 0.000000 0.000000 0.000000 0.972050 0.972050 0.972050
SM_Grass_Patch_09 106.063500 0.567662 106.832600 0.000000 0.000000 0.000000 0.956877 0.956877 0.956877
SM_Grass_Patch_09 112.058600 0.748072 100.914400 0.000000 0.000000 0.000000 0.977095 0.977095 0.977095
SM_Grass_Patch_09 110.986800 0.791175 105.826200 0.000000 0.000000 0.000000 1.003935 1.003935 1.003935
SM_Grass_Patch_09 107.002600 0.509374 110.624500 0.000000 0.000000 0.000000 1.012895 1.012895 1.012895
SM_Grass_Patch_09 98.811570 0.592978 112.501800 0.000000 0.000000 0.000000 1.056452 1.056452 1.056452
SM_Grass_Patch_09 103.648700 0.549350 112.988300 0.000000 0.000000 0.000000 0.954002 0.954002 0.954002
SM_Grass_Patch_09 111.372800 0.626048 108.876800 0.000000 0.000000 0.000000 0.909960 0.909960 0.909960
SM_Grass_Patch_09 113.928800 0.715952 106.654000 0.000000 0.000000 0.000000 1.094347 1.094347 1.094347
SM_Grass_Patch_09 116.023300 0.746989 106.302600 0.000000 0.000000 0.000000 0.967643 0.967643 0.967643
SM_Grass_Patch_09 96.174480 0.328648 113.445700 0.000000 0.000000 0.000000 1.040095 1.040095 1.040095
SM_Grass_Patch_09 92.615970 0.405087 113.106000 0.000000 0.000000 0.000000 1.043607 1.043607 1.043607
SM_Grass_Patch_09 104.832300 0.440819 110.263700 0.000000 0.000000 0.000000 0.985477 0.985477 0.985477
SM_Grass_Patch_09 93.552540 0.745949 109.800200 0.000000 0.000000 0.000000 1.009982 1.009982 1.009982
SM_Grass_Patch_09 100.197300 0.778212 111.443600 0.000000 0.000000 0.000000 1.046534 1.046534 1.046534
SM_Grass_Patch_09 91.867890 0.713321 109.948100 0.000000 0.000000 0.000000 1.059871 1.059871 1.059871
SM_Grass_Patch_09 111.877000 0.245230 96.493610 0.000000 0.000000 0.000000 0.967819 0.967819 0.967819
SM_Grass_Patch_09 108.662000 0.300992 99.141480 0.000000 0.000000 0.000000 1.035306 1.035306 1.035306
SM_Grass_Patch_09 108.052300 0.716363 104.393800 0.000000 0.000000 0.000000 1.001361 1.001361 1.001361
SM_Grass_Patch_09 115.153300 0.420912 108.752200 0.000000 0.000000 0.000000 1.059292 1.059292 1.059292
SM_Grass_Patch_09 111.083700 0.532214 110.463500 0.000000 0.000000 0.000000 1.072398 1.072398 1.072398
SM_Grass_Patch_09 102.903100 0.604285 107.684800 0.000000 0.000000 0.000000 1.052759 1.052759 1.052759
SM_Grass_Patch_09 95.894760 0.495090 104.380800 0.000000 0.000000 0.000000 1.074327 1.074327 1.074327
SM_Grass_Patch_09 89.559420 0.659220 109.393700 0.000000 0.000000 0.000000 0.926078 0.926078 0.926078
SM_Grass_Patch_09 83.236310 0.659220 105.189200 0.000000 0.000000 0.000000 1.003950 1.003950 1.003950
SM_Grass_Patch_09 78.607770 0.550993 108.768800 0.000000 0.000000 0.000000 1.049836 1.049836 1.049836
SM_Grass_Patch_09 87.577800 0.695843 106.387100 0.000000 0.000000 0.000000 0.915182 0.915182 0.915182
SM_Grass_Patch_09 89.057500 0.694527 107.667500 0.000000 0.000000 0.000000 1.088657 1.088657 1.088657
SM_Grass_Patch_09 86.614520 0.659220 110.120900 0.000000 0.000000 0.000000 0.995658 0.995658 0.995658
SM_Grass_Patch_09 75.611330 0.640908 105.852800 0.000000 0.000000 0.000000 0.995398 0.995398 0.995398
SM_Grass_Patch_09 73.692460 0.379721 107.213700 0.000000 0.000000 0.000000 1.012464 1.012464 1.012464
SM_Grass_Patch_09 76.895020 0.224822 104.105900 0.000000 0.000000 0.000000 0.902226 0.902226 0.902226
SM_Grass_Patch_09 75.387890 0.238798 107.975100 0.000000 0.000000 0.000000 0.967222 0.967222 0.967222
SM_Grass_Patch_09 75.155630 0.146566 100.799900 0.000000 0.000000 0.000000 0.902352 0.902352 0.902352
SM_Grass_Patch_09 70.506960 1.053121 104.758300 0.000000 0.000000 0.000000 1.057156 1.057156 1.057156
SM_Grass_Patch_09 70.569670 1.056733 102.705900 0.000000 0.000000 0.000000 0.974783 0.974783 0.974783
SM_Grass_Patch_09 69.443520 1.143353 103.700900 0.000000 0.000000 0.000000 1.050395 1.050395 1.050395
SM_Grass_Patch_09 70.111630 1.016765 98.787510 0.000000 0.000000 0.000000 1.001133 1.001133 1.001133
SM_Grass_Patch_09 66.215180 0.860648 100.667900 0.000000 0.000000 0.000000 0.913718 0.913718 0.913718
SM_Grass_Patch_09 65.944590 0.861479 102.353400 0.000000 0.000000 0.000000 1.078116 1.078116 1.078116
SM_Grass_Patch_09 63.428070 0.786202 94.824080 0.000000 0.000000 0.000000 0.939577 0.939577 0.939577
SM_Grass_Patch_09 64.057220 0.788020 101.297600 0.000000 0.000000 0.000000 1.099157 1.099157 1.099157
SM_Grass_Patch_09 62.674330 0.931776 98.893020 0.000000 0.000000 0.000000 0.989208 0.989208 0.989208
SM_Grass_Patch_09 55.890050 1.171947 90.634430 0.000000 0.000000 0.000000 0.971191 0.971191 0.971191
SM_Grass_Patch_09 60.083880 0.924799 88.248200 0.000000 0.000000 0.000000 1.081622 1.081622 1.081622
SM_Grass_Patch_09 55.091420 1.306608 87.665790 0.000000 0.000000 0.000000 0.959303 0.959303 0.959303
SM_Grass_Patch_09 56.166990 0.193989 77.986560 0.000000 0.000000 0.000000 1.081518 1.081518 1.081518
SM_Grass_Patch_09 51.400890 1.835938 79.390000 0.000000 0.000000 0.000000 1.043592 1.043592 1.043592
SM_Grass_Patch_09 51.782650 2.935572 85.633240 0.000000 0.000000 0.000000 1.079109 1.079109 1.079109
SM_Grass_Patch_09 52.589470 2.488754 87.915890 0.000000 0.000000 0.000000 0.949302 0.949302 0.949302
SM_Grass_Patch_09 50.417630 3.405632 83.936000 0.000000 0.000000 0.000000 1.091820 1.091820 1.091820
SM_Grass_Patch_09 47.625370 3.607754 82.128800 0.000000 0.000000 0.000000 0.987392 0.987392 0.987392
SM_Grass_Patch_09 47.007790 3.508294 80.021470 0.000000 0.000000 0.000000 0.946942 0.946942 0.946942
SM_Grass_Patch_09 45.229450 4.150481 77.169240 0.000000 0.000000 0.000000 0.914494 0.914494 0.914494
SM_Grass_Patch_09 46.613170 3.538066 78.517350 0.000000 0.000000 0.000000 0.917009 0.917009 0.917009
SM_Grass_Patch_09 47.334830 1.826179 71.588510 0.000000 0.000000 0.000000 0.952171 0.952171 0.952171
SM_Grass_Patch_09 44.284290 3.755695 73.939050 0.000000 0.000000 0.000000 1.053107 1.053107 1.053107
SM_Grass_Patch_09 42.901270 4.065732 74.611690 0.000000 0.000000 0.000000 1.046181 1.046181 1.046181
SM_Grass_Patch_09 49.193160 0.984917 72.119620 0.000000 0.000000 0.000000 0.921172 0.921172 0.921172
SM_Grass_Patch_09 46.187990 2.011608 70.326380 0.000000 0.000000 0.000000 1.064553 1.064553 1.064553
SM_Grass_Patch_09 43.706280 4.211683 76.566380 0.000000 0.000000 0.000000 1.080803 1.080803 1.080803
SM_Grass_Patch_09 45.028990 4.238115 78.987460 0.000000 0.000000 0.000000 1.014083 1.014083 1.014083
SM_Grass_Patch_09 45.182510 4.121542 75.169650 0.000000 0.000000 0.000000 0.930722 0.930722 0.930722
SM_Grass_Patch_09 41.736180 1.941476 54.746330 0.000000 0.000000 0.000000 1.056210 1.056210 1.056210
SM_Grass_Patch_09 37.812580 2.831056 53.811800 0.000000 0.000000 0.000000 0.993502 0.993502 0.993502
SM_Grass_Patch_09 41.660600 1.119400 58.689670 0.000000 0.000000 0.000000 0.916276 0.916276 0.916276
SM_Grass_Patch_09 45.514370 0.400922 58.859180 0.000000 0.000000 0.000000 0.900031 0.900031 0.900031
SM_Grass_Patch_09 52.829740 0.899293 60.459410 0.000000 0.000000 0.000000 1.040105 1.040105 1.040105
SM_Grass_Patch_09 50.381890 0.392136 61.792760 0.000000 0.000000 0.000000 0.984400 0.984400 0.984400
SM_Grass_Patch_09 49.817100 0.495318 60.121900 0.000000 0.000000 0.000000 1.003664 1.003664 1.003664
SM_Grass_Patch_09 47.289580 1.428310 52.034170 0.000000 0.000000 0.000000 1.095967 1.095967 1.095967
SM_Grass_Patch_09 51.469950 0.875138 58.221310 0.000000 0.000000 0.000000 1.004614 1.004614 1.004614
SM_Grass_Patch_09 55.848850 1.072465 56.433760 0.000000 0.000000 0.000000 1.076564 1.076564 1.076564
SM_Grass_Patch_09 54.686820 1.153555 61.250870 0.000000 0.000000 0.000000 1.008784 1.008784 1.008784
SM_Grass_Patch_09 55.865440 1.153635 58.752600 0.000000 0.000000 0.000000 0.997131 0.997131 0.997131
SM_Grass_Patch_09 57.352290 1.011581 58.171420 0.000000 0.000000 0.000000 1.052650 1.052650 1.052650
SM_Grass_Patch_09 58.796500 1.159539 60.262120 0.000000 0.000000 0.000000 0.998754 0.998754 0.998754
SM_Grass_Patch_09 58.899940 0.669426 57.068480 0.000000 0.000000 0.000000 0.915165 0.915165 0.915165
SM_Grass_Patch_09 60.524680 1.085384 60.001750 0.000000 0.000000 0.000000 0.938156 0.938156 0.938156
SM_Grass_Patch_09 54.085720 1.009863 63.245240 0.000000 0.000000 0.000000 0.902862 0.902862 0.902862
SM_Grass_Patch_09 60.534710 0.820517 61.616770 0.000000 0.000000 0.000000 1.039949 1.039949 1.039949
SM_Grass_Patch_09 59.656390 0.873327 58.476040 0.000000 0.000000 0.000000 0.933801 0.933801 0.933801
SM_Grass_Patch_09 58.358530 1.138741 63.543940 0.000000 0.000000 0.000000 0.925652 0.925652 0.925652
SM_Grass_Patch_09 54.815210 1.128633 64.689860 0.000000 0.000000 0.000000 1.081067 1.081067 1.081067
SM_Grass_Patch_09 36.290900 3.025357 57.501640 0.000000 0.000000 0.000000 0.904690 0.904690 0.904690
SM_Grass_Patch_09 34.346150 3.644021 58.862230 0.000000 0.000000 0.000000 1.045873 1.045873 1.045873
SM_Grass_Patch_09 41.009740 1.026834 60.885930 0.000000 0.000000 0.000000 0.957282 0.957282 0.957282
SM_Grass_Patch_09 35.979790 3.291031 61.118640 0.000000 0.000000 0.000000 1.062300 1.062300 1.062300
SM_Grass_Patch_09 35.805540 3.180536 54.653930 0.000000 0.000000 0.000000 1.069712 1.069712 1.069712
SM_Grass_Patch_09 35.115470 3.424281 49.594380 0.000000 0.000000 0.000000 0.947336 0.947336 0.947336
SM_Grass_Patch_09 39.147900 1.652918 60.695660 0.000000 0.000000 0.000000 1.037865 1.037865 1.037865
SM_Grass_Patch_09 40.620690 1.200270 62.576820 0.000000 0.000000 0.000000 0.994794 0.994794 0.994794
SM_Grass_Patch_09 38.434150 2.052478 62.064440 0.000000 0.000000 0.000000 0.943821 0.943821 0.943821
SM_Grass_Patch_09 25.148670 2.687315 39.710730 0.000000 0.000000 0.000000 0.934123 0.934123 0.934123
SM_Grass_Patch_09 25.993710 3.534151 47.355530 0.000000 0.000000 0.000000 1.036031 1.036031 1.036031
SM_Grass_Patch_09 29.634360 3.616047 45.333160 0.000000 0.000000 0.000000 0.951526 0.951526 0.951526
SM_Grass_Patch_09 24.233330 3.424281 32.321190 0.000000 0.000000 0.000000 1.010440 1.010440 1.010440
SM_Grass_Patch_09 25.797020 3.424281 34.507500 0.000000 0.000000 0.000000 1.070378 1.070378 1.070378
SM_Grass_Patch_09 26.868270 3.424281 37.163370 0.000000 0.000000 0.000000 0.925178 0.925178 0.925178
SM_Grass_Patch_09 29.696900 3.424281 41.711150 0.000000 0.000000 0.000000 1.025447 1.025447 1.025447
SM_Grass_Patch_09 28.269310 3.424281 39.141130 0.000000 0.000000 0.000000 1.089698 1.089698 1.089698
SM_Grass_Patch_09 18.579110 3.937008 34.095480 0.000000 0.000000 0.000000 0.940304 0.940304 0.940304
SM_Grass_Patch_09 11.349350 3.753891 36.045020 0.000000 0.000000 0.000000 1.062884 1.062884 1.062884
SM_Grass_Patch_09 20.382980 3.424281 27.253500 0.000000 0.000000 0.000000 0.982146 0.982146 0.982146
SM_Grass_Patch_09 22.078700 3.424281 29.836960 0.000000 0.000000 0.000000 0.954031 0.954031 0.954031
SM_Grass_Patch_09 16.360310 3.664701 23.052430 0.000000 0.000000 0.000000 1.083631 1.083631 1.083631
SM_Grass_Patch_09 14.281210 4.820965 25.933660 0.000000 0.000000 0.000000 0.927389 0.927389 0.927389
SM_Grass_Patch_09 18.119290 3.424281 24.766090 0.000000 0.000000 0.000000 0.907476 0.907476 0.907476
SM_Grass_Patch_09 3.620184 2.898390 29.341000 0.000000 0.000000 0.000000 0.993986 0.993986 0.993986
SM_Grass_Patch_09 4.577166 2.893805 32.143640 0.000000 0.000000 0.000000 0.945065 0.945065 0.945065
SM_Grass_Patch_09 6.591860 3.111520 33.878410 0.000000 0.000000 0.000000 1.068311 1.068311 1.068311
SM_Grass_Patch_09 1.587597 3.351803 27.319970 0.000000 0.000000 0.000000 1.011080 1.011080 1.011080
SM_Grass_Patch_09 0.407143 3.098901 22.653200 0.000000 0.000000 0.000000 0.978402 0.978402 0.978402
SM_Grass_Patch_09 1.125294 3.505720 18.867900 0.000000 0.000000 0.000000 0.910581 0.910581 0.910581
SM_Grass_Patch_09 12.248850 4.297294 24.860940 0.000000 0.000000 0.000000 0.987990 0.987990 0.987990
SM_Grass_Patch_09 4.694885 4.030297 22.392450 0.000000 0.000000 0.000000 0.947765 0.947765 0.947765
SM_Grass_Patch_09 6.214714 4.097768 27.776440 0.000000 0.000000 0.000000 1.016112 1.016112 1.016112
SM_Grass_Patch_09 11.722820 3.680167 17.010890 0.000000 0.000000 0.000000 1.010648 1.010648 1.010648
SM_Grass_Patch_09 12.537110 4.227330 26.339490 0.000000 0.000000 0.000000 1.049491 1.049491 1.049491
SM_Grass_Patch_09 14.429260 4.429940 24.149160 0.000000 0.000000 0.000000 0.918952 0.918952 0.918952
SM_Grass_Patch_09 4.108353 3.740953 17.397640 0.000000 0.000000 0.000000 1.017611 1.017611 1.017611
SM_Grass_Patch_09 10.607650 3.737613 15.904960 0.000000 0.000000 0.000000 1.087352 1.087352 1.087352
SM_Grass_Patch_09 1.927490 3.576926 17.583910 0.000000 0.000000 0.000000 0.965202 0.965202 0.965202
SM_Grass_Patch_09 9.481108 3.653327 13.360660 0.000000 0.000000 0.000000 0.970804 0.970804 0.970804
SM_Grass_Patch_09 0.134089 3.439996 17.618970 0.000000 0.000000 0.000000 1.041528 1.041528 1.041528
SM_Grass_Patch_09 7.310165 3.662333 12.184990 0.000000 0.000000 0.000000 1.077077 1.077077 1.077077
SM_Grass_Patch_09 13.248180 3.507291 16.423420 0.000000 0.000000 0.000000 1.049758 1.049758 1.049758
SM_Grass_Patch_09 12.337610 3.681364 19.743340 0.000000 0.000000 0.000000 1.056779 1.056779 1.056779
SM_Grass_Patch_09 23.668610 1.228172 2.605662 0.000000 0.000000 0.000000 1.023517 1.023517 1.023517
SM_Grass_Patch_09 23.808930 0.482214 0.453691 0.000000 0.000000 0.000000 1.085863 1.085863 1.085863
SM_Grass_Patch_09 28.671720 3.627210 9.026637 0.000000 0.000000 0.000000 1.068332 1.068332 1.068332
SM_Grass_Patch_09 29.159910 1.943156 5.286058 0.000000 0.000000 0.000000 1.090299 1.090299 1.090299
SM_Grass_Patch_09 21.307010 2.841218 5.488562 0.000000 0.000000 0.000000 0.997977 0.997977 0.997977
SM_Grass_Patch_09 25.709540 1.086066 2.984900 0.000000 0.000000 0.000000 0.997601 0.997601 0.997601
SM_Grass_Patch_09 24.683220 1.501763 4.215351 0.000000 0.000000 0.000000 0.939126 0.939126 0.939126
SM_Grass_Patch_09 26.041030 2.193258 6.045853 0.000000 0.000000 0.000000 1.091728 1.091728 1.091728
SM_Grass_Patch_09 21.416180 1.453753 2.002759 0.000000 0.000000 0.000000 0.924976 0.924976 0.924976
SM_Grass_Patch_09 26.744380 0.801960 1.812242 0.000000 0.000000 0.000000 1.058492 1.058492 1.058492
SM_Grass_Patch_09 28.111210 1.497528 4.051041 0.000000 0.000000 0.000000 0.937535 0.937535 0.937535
SM_Grass_Patch_09 19.196440 3.302318 7.865555 0.000000 0.000000 0.000000 1.092798 1.092798 1.092798
SM_Grass_Patch_09 27.628520 3.991943 13.576680 0.000000 0.000000 0.000000 1.048030 1.048030 1.048030
SM_Grass_Patch_09 30.028450 3.051754 7.813563 0.000000 0.000000 0.000000 1.014324 1.014324 1.014324
SM_Grass_Patch_09 23.029850 3.852610 10.573890 0.000000 0.000000 0.000000 1.093831 1.093831 1.093831
SM_Grass_Patch_09 30.606240 2.057755 5.892390 0.000000 0.000000 0.000000 1.023629 1.023629 1.023629
SM_Grass_Patch_09 32.059990 2.183618 7.271626 0.000000 0.000000 0.000000 1.095315 1.095315 1.095315
SM_Grass_Patch_09 25.867860 3.424281 16.410180 0.000000 0.000000 0.000000 1.045581 1.045581 1.045581
SM_Grass_Patch_09 31.377900 3.004014 8.730658 0.000000 0.000000 0.000000 0.923834 0.923834 0.923834
SM_Grass_Patch_09 33.566910 2.805620 10.210900 0.000000 0.000000 0.000000 1.021416 1.021416 1.021416
SM_Grass_Patch_09 26.960200 3.424281 17.498720 0.000000 0.000000 0.000000 1.059972 1.059972 1.059972
SM_Grass_Patch_09 33.819360 2.048126 8.394785 0.000000 0.000000 0.000000 1.022322 1.022322 1.022322
SM_Grass_Patch_09 33.613740 3.796621 14.645420 0.000000 0.000000 0.000000 1.038125 1.038125 1.038125
SM_Grass_Patch_09 34.953480 3.386382 13.782950 0.000000 0.000000 0.000000 0.982654 0.982654 0.982654
SM_Grass_Patch_09 26.452030 3.424281 19.090980 0.000000 0.000000 0.000000 0.985555 0.985555 0.985555
SM_Grass_Patch_09 26.931690 2.798803 7.245083 0.000000 0.000000 0.000000 1.010188 1.010188 1.010188
SM_Grass_Patch_09 23.517780 3.424281 16.949290 0.000000 0.000000 0.000000 1.084718 1.084718 1.084718
SM_Grass_Patch_09 24.936310 3.424281 17.934900 0.000000 0.000000 0.000000 1.023258 1.023258 1.023258
SM_Grass_Patch_09 34.885250 2.655516 11.240340 0.000000 0.000000 0.000000 0.998720 0.998720 0.998720
SM_Grass_Patch_09 34.964460 3.937008 17.108110 0.000000 0.000000 0.000000 1.093449 1.093449 1.093449
SM_Grass_Patch_09 35.239620 3.767474 15.355520 0.000000 0.000000 0.000000 0.905911 0.905911 0.905911
SM_Grass_Patch_09 36.991210 3.333734 14.015580 0.000000 0.000000 0.000000 1.079703 1.079703 1.079703
SM_Grass_Patch_09 37.305830 3.772203 16.944820 0.000000 0.000000 0.000000 0.952411 0.952411 0.952411
SM_Grass_Patch_09 36.504250 3.918696 18.290470 0.000000 0.000000 0.000000 1.052529 1.052529 1.052529
SM_Grass_Patch_09 38.907860 3.544950 14.822380 0.000000 0.000000 0.000000 1.007430 1.007430 1.007430
SM_Grass_Patch_09 37.971300 3.791669 18.762400 0.000000 0.000000 0.000000 0.962061 0.962061 0.962061
SM_Grass_Patch_09 36.263470 2.770456 12.259420 0.000000 0.000000 0.000000 1.099996 1.099996 1.099996
SM_Grass_Patch_09 35.633350 2.086107 9.845267 0.000000 0.000000 0.000000 1.096347 1.096347 1.096347
SM_Grass_Patch_09 39.656950 3.610978 16.329210 0.000000 0.000000 0.000000 0.985670 0.985670 0.985670
SM_Grass_Patch_09 37.612350 2.263415 11.318960 0.000000 0.000000 0.000000 1.043614 1.043614 1.043614
SM_Grass_Patch_09 39.310800 2.828800 13.205860 0.000000 0.000000 0.000000 1.085260 1.085260 1.085260
SM_Grass_Patch_09 36.610820 3.996642 20.536590 0.000000 0.000000 0.000000 1.016457 1.016457 1.016457
SM_Grass_Patch_09 39.554470 3.641300 18.603560 0.000000 0.000000 0.000000 1.049727 1.049727 1.049727
SM_Grass_Patch_09 39.365290 3.663471 20.179490 0.000000 0.000000 0.000000 0.994275 0.994275 0.994275
SM_Grass_Patch_09 38.076400 3.796209 21.541950 0.000000 0.000000 0.000000 0.902406 0.902406 0.902406
SM_Grass_Patch_09 38.791770 3.675750 22.914980 0.000000 0.000000 0.000000 0.965768 0.965768 0.965768
SM_Grass_Patch_09 39.728430 3.652661 26.599360 0.000000 0.000000 0.000000 1.099522 1.099522 1.099522
SM_Grass_Patch_09 30.470900 3.424281 27.572720 0.000000 0.000000 0.000000 1.066292 1.066292 1.066292
SM_Grass_Patch_09 28.033370 3.424281 25.795150 0.000000 0.000000 0.000000 1.068776 1.068776 1.068776
SM_Grass_Patch_09 38.294890 3.684923 24.893890 0.000000 0.000000 0.000000 1.089468 1.089468 1.089468
SM_Grass_Patch_09 40.157840 3.480516 25.165750 0.000000 0.000000 0.000000 1.000444 1.000444 1.000444
SM_Grass_Patch_09 41.065580 3.882073 29.408320 0.000000 0.000000 0.000000 0.963573 0.963573 0.963573
SM_Grass_Patch_09 41.953490 3.675372 27.298760 0.000000 0.000000 0.000000 0.976194 0.976194 0.976194
SM_Grass_Patch_09 41.716160 3.538298 25.347880 0.000000 0.000000 0.000000 0.965522 0.965522 0.965522
SM_Grass_Patch_09 40.696530 4.020184 31.853520 0.000000 0.000000 0.000000 1.004899 1.004899 1.004899
SM_Grass_Patch_09 42.630900 3.745428 28.964940 0.000000 0.000000 0.000000 1.039749 1.039749 1.039749
SM_Grass_Patch_09 42.177840 3.864893 31.565590 0.000000 0.000000 0.000000 1.094818 1.094818 1.094818
SM_Grass_Patch_09 40.148320 3.818886 28.210840 0.000000 0.000000 0.000000 1.052952 1.052952 1.052952
SM_Grass_Patch_09 42.812150 3.834058 33.496200 0.000000 0.000000 0.000000 1.096675 1.096675 1.096675
SM_Grass_Patch_09 41.282070 4.002284 33.245300 0.000000 0.000000 0.000000 0.920130 0.920130 0.920130
SM_Grass_Patch_09 43.219670 3.709719 35.030260 0.000000 0.000000 0.000000 1.067163 1.067163 1.067163
SM_Grass_Patch_09 43.763410 3.698956 30.518100 0.000000 0.000000 0.000000 1.038979 1.038979 1.038979
SM_Grass_Patch_09 44.336150 3.666886 32.983190 0.000000 0.000000 0.000000 1.074048 1.074048 1.074048
SM_Grass_Patch_09 39.987590 3.555646 21.547750 0.000000 0.000000 0.000000 0.944442 0.944442 0.944442
SM_Grass_Patch_09 40.724610 3.534151 23.011430 0.000000 0.000000 0.000000 0.917388 0.917388 0.917388
SM_Grass_Patch_09 44.722890 3.625710 36.456360 0.000000 0.000000 0.000000 0.925384 0.925384 0.925384
SM_Grass_Patch_09 45.132690 3.589087 31.203730 0.000000 0.000000 0.000000 1.069167 1.069167 1.069167
SM_Grass_Patch_09 37.707790 3.790514 26.347620 0.000000 0.000000 0.000000 0.961424 0.961424 0.961424
SM_Grass_Patch_09 29.379690 3.424281 29.072220 0.000000 0.000000 0.000000 1.076234 1.076234 1.076234
SM_Grass_Patch_09 35.037780 3.424281 40.695300 0.000000 0.000000 0.000000 1.052350 1.052350 1.052350
SM_Grass_Patch_09 45.026510 3.644021 39.473460 0.000000 0.000000 0.000000 1.059501 1.059501 1.059501
SM_Grass_Patch_09 44.651980 3.625710 41.059970 0.000000 0.000000 0.000000 1.013810 1.013810 1.013810
SM_Grass_Patch_09 36.150490 3.424281 45.511570 0.000000 0.000000 0.000000 0.953301 0.953301 0.953301
SM_Grass_Patch_09 37.982590 3.424281 46.849380 0.000000 0.000000 0.000000 1.032791 1.032791 1.032791
SM_Grass_Patch_09 46.826150 3.453075 43.035550 0.000000 0.000000 0.000000 0.925328 0.925328 0.925328
SM_Grass_Patch_09 47.926100 3.212152 45.446470 0.000000 0.000000 0.000000 1.067893 1.067893 1.067893
SM_Grass_Patch_09 47.495350 3.607398 46.922970 0.000000 0.000000 0.000000 0.967235 0.967235 0.967235
SM_Grass_Patch_09 49.573930 2.768275 46.220980 0.000000 0.000000 0.000000 0.958206 0.958206 0.958206
SM_Grass_Patch_09 47.743310 1.428310 50.216020 0.000000 0.000000 0.000000 1.073051 1.073051 1.073051
SM_Grass_Patch_09 49.973490 1.866048 48.251800 0.000000 0.000000 0.000000 0.973226 0.973226 0.973226
SM_Grass_Patch_09 43.207850 2.397887 51.404840 0.000000 0.000000 0.000000 1.067415 1.067415 1.067415
SM_Grass_Patch_09 50.305870 1.191035 51.279170 0.000000 0.000000 0.000000 0.956253 0.956253 0.956253
SM_Grass_Patch_09 49.907530 1.153635 53.702960 0.000000 0.000000 0.000000 1.047532 1.047532 1.047532
SM_Grass_Patch_09 57.224850 0.746401 55.611290 0.000000 0.000000 0.000000 1.068298 1.068298 1.068298
SM_Grass_Patch_09 62.962650 0.751493 93.389890 0.000000 0.000000 0.000000 0.998719 0.998719 0.998719
SM_Grass_Patch_09 67.821720 1.008222 102.784500 0.000000 0.000000 0.000000 0.936850 0.936850 0.936850
SM_Grass_Patch_09 67.636890 0.986560 100.111700 0.000000 0.000000 0.000000 0.966616 0.966616 0.966616
SM_Bush_03 105.621600 0.453510 103.713500 0.000000 0.000000 0.000000 1.062101 1.062101 1.062101
SM_Bush_03 106.846800 0.198128 100.544400 0.000000 0.000000 0.000000 0.919124 0.919124 0.919124
SM_Bush_03 116.066900 0.860648 104.805800 0.000000 0.000000 0.000000 0.929614 0.929614 0.929614
SM_Bush_03 118.188300 0.736501 105.278100 0.000000 0.000000 0.000000 0.973837 0.973837 0.973837
SM_Bush_03 118.568400 0.698124 103.587900 0.000000 0.000000 0.000000 1.013953 1.013953 1.013953
SM_Bush_03 120.389800 0.604285 103.463500 0.000000 0.000000 0.000000 0.966762 0.966762 0.966762
SM_Bush_03 119.968700 0.606934 96.696150 0.000000 0.000000 0.000000 0.941571 0.941571 0.941571
SM_Bush_03 122.674500 0.638363 101.184600 0.000000 0.000000 0.000000 1.020472 1.020472 1.020472
SM_Bush_03 123.956100 0.686136 100.281700 0.000000 0.000000 0.000000 0.945564 0.945564 0.945564
SM_Bush_03 125.745100 0.582054 98.543200 0.000000 0.000000 0.000000 1.000702 1.000702 1.000702
SM_Bush_03 125.836200 0.561217 100.053500 0.000000 0.000000 0.000000 1.038628 1.038628 1.038628
SM_Bush_03 127.851700 0.320034 97.464680 0.000000 0.000000 0.000000 1.065622 1.065622 1.065622
SM_Bush_03 129.298600 0.109466 97.049910 0.000000 0.000000 0.000000 1.036995 1.036995 1.036995
SM_Bush_03 130.115100 0.045285 94.817930 0.000000 0.000000 0.000000 0.968939 0.968939 0.968939
SM_Bush_03 127.245100 0.345852 99.044850 0.000000 0.000000 0.000000 1.064777 1.064777 1.064777
SM_Bush_03 107.224800 0.630555 81.781570 0.000000 0.000000 0.000000 1.043485 1.043485 1.043485
SM_Bush_03 108.570700 1.145621 76.941780 0.000000 0.000000 0.000000 1.050222 1.050222 1.050222
SM_Bush_03 111.611500 1.204304 75.192650 0.000000 0.000000 0.000000 1.070798 1.070798 1.070798
SM_Bush_03 114.967600 1.356921 76.045490 0.000000 0.000000 0.000000 1.081686 1.081686 1.081686
SM_Bush_03 112.283500 1.355063 77.138760 0.000000 0.000000 0.000000 0.976710 0.976710 0.976710
SM_Bush_03 113.252800 1.174956 73.861080 0.000000 0.000000 0.000000 1.077852 1.077852 1.077852
SM_Bush_03 110.311600 1.240653 76.074380 0.000000 0.000000 0.000000 0.954432 0.954432 0.954432
SM_Bush_03 116.218300 0.637328 77.487540 0.000000 0.000000 0.000000 1.008776 1.008776 1.008776
SM_Bush_03 115.440200 0.387892 80.136960 0.000000 0.000000 0.000000 0.952921 0.952921 0.952921
SM_Bush_03 114.800300 1.485352 74.494200 0.000000 0.000000 0.000000 1.067859 1.067859 1.067859
SM_Bush_03 109.420700 1.186604 74.812580 0.000000 0.000000 0.000000 1.021171 1.021171 1.021171
SM_Bush_03 107.237200 1.117012 75.921160 0.000000 0.000000 0.000000 0.904223 0.904223 0.904223
SM_Bush_03 108.867900 0.327967 83.366390 0.000000 0.000000 0.000000 1.036111 1.036111 1.036111
SM_Bush_03 110.743900 1.171947 73.979050 0.000000 0.000000 0.000000 0.999254 0.999254 0.999254
SM_Bush_03 115.055400 1.926016 72.730390 0.000000 0.000000 0.000000 1.042203 1.042203 1.042203
SM_Bush_03 118.139600 2.014283 71.772010 0.000000 0.000000 0.000000 1.050668 1.050668 1.050668
SM_Bush_03 120.855000 0.000000 74.025040 0.000000 0.000000 0.000000 1.004277 1.004277 1.004277
SM_Bush_03 117.937800 0.476843 75.524250 0.000000 0.000000 0.000000 0.933859 0.933859 0.933859
SM_Bush_03 116.554900 2.014283 71.621430 0.000000 0.000000 0.000000 0.922002 0.922002 0.922002
SM_Bush_03 114.970000 1.421389 71.019490 0.000000 0.000000 0.000000 1.036057 1.036057 1.036057
SM_Bush_03 118.957600 2.014283 69.891070 0.000000 0.000000 0.000000 0.939959 0.939959 0.939959
SM_Bush_03 122.432200 0.000000 74.087040 0.000000 0.000000 0.000000 1.000284 1.000284 1.000284
SM_Bush_03 116.746100 2.014283 69.368680 0.000000 0.000000 0.000000 0.935800 0.935800 0.935800
SM_Bush_03 119.984200 0.003699 77.329520 0.000000 0.000000 0.000000 0.919367 0.919367 0.919367
SM_Grass_Patch_09 113.132400 0.245662 83.372570 0.000000 0.000000 0.000000 1.055053 1.055053 1.055053
SM_Grass_Patch_09 116.159400 0.250933 81.452590 0.000000 0.000000 0.000000 0.996282 0.996282 0.996282
SM_Grass_Patch_09 118.552200 2.014283 68.175030 0.000000 0.000000 0.000000 1.030679 1.030679 1.030679
SM_Grass_Patch_09 122.646800 1.346456 69.025940 0.000000 0.000000 0.000000 1.033568 1.033568 1.033568
SM_Grass_Patch_09 124.133600 0.553789 68.969800 0.000000 0.000000 0.000000 1.030028 1.030028 1.030028
SM_Grass_Patch_09 124.513200 1.959348 65.892640 0.000000 0.000000 0.000000 0.909616 0.909616 0.909616
SM_Grass_Patch_09 122.510100 2.014283 66.082820 0.000000 0.000000 0.000000 0.989094 0.989094 0.989094
SM_Grass_Patch_09 121.342000 2.014283 67.365230 0.000000 0.000000 0.000000 0.944589 0.944589 0.944589
SM_Grass_Patch_09 120.583500 1.714575 65.726040 0.000000 0.000000 0.000000 1.006245 1.006245 1.006245
SM_Grass_Patch_09 126.051400 0.390713 69.201210 0.000000 0.000000 0.000000 0.984999 0.984999 0.984999
SM_Grass_Patch_09 122.949600 1.983663 64.486660 0.000000 0.000000 0.000000 1.081285 1.081285 1.081285
SM_Grass_Patch_09 124.822900 1.812911 63.635940 0.000000 0.000000 0.000000 0.908542 0.908542 0.908542
SM_Grass_Patch_09 126.437000 1.952736 64.590420 0.000000 0.000000 0.000000 1.068380 1.068380 1.068380
SM_Grass_Patch_09 123.469100 2.010581 67.389760 0.000000 0.000000 0.000000 1.015199 1.015199 1.015199
SM_Grass_Patch_09 126.544000 2.014283 62.614210 0.000000 0.000000 0.000000 1.090013 1.090013 1.090013
SM_Grass_Patch_09 130.875900 0.139271 71.353410 0.000000 0.000000 0.000000 0.936983 0.936983 0.936983
SM_Grass_Patch_09 133.448600 1.611426 66.091820 0.000000 0.000000 0.000000 1.036419 1.036419 1.036419
SM_Grass_Patch_09 132.552400 1.197901 69.145570 0.000000 0.000000 0.000000 1.024788 1.024788 1.024788
SM_Grass_Patch_09 132.129000 1.606320 67.328790 0.000000 0.000000 0.000000 0.921743 0.921743 0.921743
SM_Grass_Patch_09 133.261600 2.014283 54.589520 0.000000 0.000000 0.000000 0.942973 0.942973 0.942973
SM_Grass_Patch_09 127.678500 1.977660 55.322010 0.000000 0.000000 0.000000 1.003093 1.003093 1.003093
SM_Grass_Patch_09 131.228500 1.682655 51.232780 0.000000 0.000000 0.000000 1.028806 1.028806 1.028806
SM_Grass_Patch_09 135.351100 2.016492 51.422330 0.000000 0.000000 0.000000 0.913928 0.913928 0.913928
SM_Grass_Patch_09 131.472400 1.857230 52.883770 0.000000 0.000000 0.000000 1.060885 1.060885 1.060885
SM_Grass_Patch_09 135.921600 2.252335 53.260700 0.000000 0.000000 0.000000 0.939586 0.939586 0.939586
SM_Grass_Patch_09 130.174500 2.033355 57.368450 0.000000 0.000000 0.000000 0.948816 0.948816 0.948816
SM_Grass_Patch_09 130.167400 1.862773 60.587190 0.000000 0.000000 0.000000 0.990931 0.990931 0.990931
SM_Grass_Patch_09 125.103100 1.566434 61.337250 0.000000 0.000000 0.000000 1.078628 1.078628 1.078628
SM_Grass_Patch_09 124.727700 1.945746 57.527610 0.000000 0.000000 0.000000 0.915963 0.915963 0.915963
SM_Grass_Patch_09 126.469200 1.306029 50.050350 0.000000 0.000000 0.000000 1.067410 1.067410 1.067410
SM_Grass_Patch_09 121.673700 1.922725 59.649470 0.000000 0.000000 0.000000 0.917465 0.917465 0.917465
SM_Grass_Patch_09 122.014600 1.922725 58.157280 0.000000 0.000000 0.000000 0.906157 0.906157 0.906157
SM_Grass_Patch_09 123.301700 1.894440 60.276920 0.000000 0.000000 0.000000 1.007266 1.007266 1.007266
SM_Grass_Patch_09 121.088300 1.414254 61.967060 0.000000 0.000000 0.000000 0.943609 0.943609 0.943609
SM_Grass_Patch_09 123.443400 1.350691 62.365370 0.000000 0.000000 0.000000 1.043515 1.043515 1.043515
SM_Grass_Patch_09 122.310600 1.709617 52.054710 0.000000 0.000000 0.000000 0.956759 0.956759 0.956759
SM_Grass_Patch_09 124.549800 2.160776 36.579340 0.000000 0.000000 0.000000 1.075208 1.075208 1.075208
SM_Grass_Patch_09 119.829200 1.844368 50.081130 0.000000 0.000000 0.000000 1.030802 1.030802 1.030802
SM_Grass_Patch_09 120.428500 1.899690 58.414490 0.000000 0.000000 0.000000 1.033708 1.033708 1.033708
SM_Grass_Patch_09 123.631400 1.721296 53.266420 0.000000 0.000000 0.000000 0.963970 0.963970 0.963970
SM_Grass_Patch_09 121.514600 2.026988 35.817390 0.000000 0.000000 0.000000 0.981050 0.981050 0.981050
SM_Grass_Patch_09 120.236400 1.941036 34.385830 0.000000 0.000000 0.000000 1.071958 1.071958 1.071958
SM_Grass_Patch_09 119.561200 1.999485 45.929330 0.000000 0.000000 0.000000 1.009211 1.009211 1.009211
SM_Grass_Patch_09 119.343600 2.028910 43.702680 0.000000 0.000000 0.000000 1.019891 1.019891 1.019891
SM_Grass_Patch_09 122.755700 2.094188 41.947540 0.000000 0.000000 0.000000 1.006775 1.006775 1.006775
SM_Grass_Patch_09 119.084300 2.021861 40.916380 0.000000 0.000000 0.000000 1.003089 1.003089 1.003089
SM_Grass_Patch_09 118.313100 1.626678 47.121050 0.000000 0.000000 0.000000 0.920205 0.920205 0.920205
SM_Grass_Patch_09 120.788400 2.105842 43.188100 0.000000 0.000000 0.000000 0.952585 0.952585 0.952585
SM_Grass_Patch_09 120.711500 1.961036 47.399080 0.000000 0.000000 0.000000 0.998094 0.998094 0.998094
SM_Grass_Patch_09 117.626300 1.754413 44.270130 0.000000 0.000000 0.000000 1.018764 1.018764 1.018764
SM_Grass_Patch_09 121.014400 1.886102 28.485890 0.000000 0.000000 0.000000 0.925921 0.925921 0.925921
SM_Grass_Patch_09 124.754100 1.886102 27.838580 0.000000 0.000000 0.000000 0.950057 0.950057 0.950057
SM_Grass_Patch_09 122.096500 1.886102 25.410370 0.000000 0.000000 0.000000 0.904413 0.904413 0.904413
SM_Grass_Patch_09 126.916500 1.867790 23.453320 0.000000 0.000000 0.000000 1.066026 1.066026 1.066026
SM_Grass_Patch_09 125.195200 1.886102 26.175130 0.000000 0.000000 0.000000 1.052412 1.052412 1.052412
SM_Grass_Patch_09 124.549400 1.852877 22.372750 0.000000 0.000000 0.000000 0.976440 0.976440 0.976440
SM_Grass_Patch_09 127.747200 1.886102 25.805590 0.000000 0.000000 0.000000 0.947149 0.947149 0.947149
SM_Grass_Patch_09 122.800200 1.886102 28.327960 0.000000 0.000000 0.000000 1.062534 1.062534 1.062534
SM_Grass_Patch_09 128.739600 1.867790 24.554110 0.000000 0.000000 0.000000 0.918779 0.918779 0.918779
SM_Grass_Patch_09 128.762000 2.097675 31.793300 0.000000 0.000000 0.000000 0.917859 0.917859 0.917859
SM_Grass_Patch_09 124.148500 1.574957 47.881430 0.000000 0.000000 0.000000 0.999962 0.999962 0.999962
SM_Grass_Patch_09 134.307900 1.867790 44.279370 0.000000 0.000000 0.000000 1.018639 1.018639 1.018639
SM_Grass_Patch_09 134.590800 1.838144 48.226470 0.000000 0.000000 0.000000 1.060055 1.060055 1.060055
SM_Grass_Patch_09 129.717700 1.904413 27.073470 0.000000 0.000000 0.000000 1.044251 1.044251 1.044251
SM_Grass_Patch_09 131.655800 1.886102 25.722300 0.000000 0.000000 0.000000 0.966727 0.966727 0.966727
SM_Grass_Patch_09 136.425600 1.904413 30.224370 0.000000 0.000000 0.000000 0.958925 0.958925 0.958925
SM_Grass_Patch_09 138.480800 1.867790 37.000800 0.000000 0.000000 0.000000 0.940968 0.940968 0.940968
SM_Grass_Patch_09 138.621000 1.971269 33.490120 0.000000 0.000000 0.000000 1.066702 1.066702 1.066702
SM_Grass_Patch_09 138.993400 1.886102 30.284000 0.000000 0.000000 0.000000 0.915694 0.915694 0.915694
SM_Grass_Patch_09 136.805100 1.886102 26.759670 0.000000 0.000000 0.000000 0.937973 0.937973 0.937973
SM_Grass_Patch_09 137.399300 1.886102 28.423790 0.000000 0.000000 0.000000 0.916832 0.916832 0.916832
SM_Grass_Patch_09 130.088300 2.454389 35.619660 0.000000 0.000000 0.000000 0.976676 0.976676 0.976676
SM_Grass_Patch_09 147.027000 1.849478 32.561060 0.000000 0.000000 0.000000 1.034182 1.034182 1.034182
SM_Grass_Patch_09 145.298300 1.811965 33.913850 0.000000 0.000000 0.000000 1.055143 1.055143 1.055143
SM_Grass_Patch_09 145.914200 1.867790 45.544430 0.000000 0.000000 0.000000 0.905338 0.905338 0.905338
SM_Grass_Patch_09 149.092700 1.538471 46.282700 0.000000 0.000000 0.000000 0.903863 0.903863 0.903863
SM_Bush_03 158.725900 1.886102 38.344400 0.000000 0.000000 0.000000 1.025789 1.025789 1.025789
SM_Bush_03 158.192000 1.849478 42.016380 0.000000 0.000000 0.000000 1.026788 1.026788 1.026788
SM_Bush_03 158.073300 1.867790 39.878670 0.000000 0.000000 0.000000 1.071096 1.071096 1.071096
SM_Bush_03 159.650600 1.886102 40.361190 0.000000 0.000000 0.000000 0.902768 0.902768 0.902768
SM_Bush_03 156.555000 1.867790 38.946120 0.000000 0.000000 0.000000 1.088874 1.088874 1.088874
SM_Bush_03 147.407100 2.171669 51.837050 0.000000 0.000000 0.000000 1.010438 1.010438 1.010438
SM_Bush_03 156.808300 1.538180 49.741380 0.000000 0.000000 0.000000 1.077163 1.077163 1.077163
SM_Bush_03 158.652000 1.849478 44.705930 0.000000 0.000000 0.000000 0.998176 0.998176 0.998176
SM_Bush_03 159.038200 1.806741 46.434100 0.000000 0.000000 0.000000 1.093156 1.093156 1.093156
SM_Bush_03 151.287700 1.754805 57.995330 0.000000 0.000000 0.000000 1.026139 1.026139 1.026139
SM_Bush_03 155.911400 1.707817 45.870130 0.000000 0.000000 0.000000 1.068442 1.068442 1.068442
SM_Bush_03 144.946500 1.867790 46.714270 0.000000 0.000000 0.000000 0.970512 0.970512 0.970512
SM_Bush_03 144.577600 1.867790 41.727800 0.000000 0.000000 0.000000 1.002228 1.002228 1.002228
SM_Bush_03 145.394300 1.867790 42.982540 0.000000 0.000000 0.000000 0.923702 0.923702 0.923702
SM_Bush_03 143.695500 1.867790 38.567500 0.000000 0.000000 0.000000 1.063465 1.063465 1.063465
SM_Bush_03 144.786700 1.867790 44.552030 0.000000 0.000000 0.000000 0.963473 0.963473 0.963473
SM_Bush_03 132.474900 2.280117 33.205810 0.000000 0.000000 0.000000 1.061515 1.061515 1.061515
SM_Bush_03 132.023200 2.190791 37.868890 0.000000 0.000000 0.000000 1.091411 1.091411 1.091411
SM_Bush_03 119.985400 2.013424 37.194740 0.000000 0.000000 0.000000 1.094967 1.094967 1.094967
SM_Bush_03 125.654900 2.183091 34.409160 0.000000 0.000000 0.000000 1.051256 1.051256 1.051256
SM_Bush_03 121.078800 1.902655 56.765820 0.000000 0.000000 0.000000 1.009327 1.009327 1.009327
SM_Bush_03 123.427900 1.476545 50.558200 0.000000 0.000000 0.000000 0.915930 0.915930 0.915930
SM_Bush_03 132.516100 1.759325 47.816620 0.000000 0.000000 0.000000 0.940851 0.940851 0.940851
SM_Bush_03 136.000300 1.794543 60.284250 0.000000 0.000000 0.000000 1.007928 1.007928 1.007928
SM_Bush_03 128.925600 1.849478 64.965420 0.000000 0.000000 0.000000 0.996575 0.996575 0.996575
SM_Bush_03 139.769100 1.611426 67.661000 0.000000 0.000000 0.000000 0.925941 0.925941 0.925941
SM_Bush_03 134.122800 0.620660 69.887760 0.000000 0.000000 0.000000 0.925922 0.925922 0.925922
SM_Bush_03 136.591800 0.725259 71.838940 0.000000 0.000000 0.000000 0.940146 0.940146 0.940146
SM_Bush_03 141.753000 1.277804 73.631070 0.000000 0.000000 0.000000 1.014673 1.014673 1.014673
SM_Bush_03 135.009000 0.727244 84.017940 0.000000 0.000000 0.000000 0.998726 0.998726 0.998726
SM_Bush_03 134.338200 0.691533 90.342790 0.000000 0.000000 0.000000 1.025541 1.025541 1.025541
SM_Bush_03 136.186300 0.787402 90.269060 0.000000 0.000000 0.000000 1.026868 1.026868 1.026868
SM_Bush_03 132.979300 0.495653 91.395230 0.000000 0.000000 0.000000 1.019780 1.019780 1.019780
SM_Bush_03 131.354200 0.164805 90.949980 0.000000 0.000000 0.000000 0.995208 0.995208 0.995208
SM_Bush_03 121.974100 0.512727 103.172800 0.000000 0.000000 0.000000 0.928834 0.928834 0.928834
SM_Bush_03 109.991500 0.299543 98.024690 0.000000 0.000000 0.000000 0.997103 0.997103 0.997103
SM_Bush_03 101.012700 0.823076 109.442100 0.000000 0.000000 0.000000 0.944096 0.944096 0.944096
SM_Bush_03 71.582450 0.764645 105.955500 0.000000 0.000000 0.000000 0.930242 0.930242 0.930242
SM_Bush_03 68.141180 1.045661 104.508900 0.000000 0.000000 0.000000 0.944868 0.944868 0.944868
SM_Bush_03 75.182140 0.552460 104.366300 0.000000 0.000000 0.000000 1.013429 1.013429 1.013429
SM_Bush_03 69.784230 1.031116 106.610900 0.000000 0.000000 0.000000 1.087871 1.087871 1.087871
SM_Bush_03 66.171940 0.897272 103.962600 0.000000 0.000000 0.000000 1.071380 1.071380 1.071380
SM_Bush_03 72.181470 0.715568 101.842100 0.000000 0.000000 0.000000 0.968675 0.968675 0.968675
SM_Bush_03 66.809330 0.915884 105.309900 0.000000 0.000000 0.000000 0.957852 0.957852 0.957852
SM_Bush_03 62.182430 0.926050 100.540800 0.000000 0.000000 0.000000 1.041127 1.041127 1.041127
SM_Bush_03 64.475170 0.762517 102.914600 0.000000 0.000000 0.000000 1.086783 1.086783 1.086783
SM_Bush_03 67.905110 0.335271 92.804840 0.000000 0.000000 0.000000 1.079864 1.079864 1.079864
SM_Bush_03 58.393150 1.190258 93.915600 0.000000 0.000000 0.000000 0.980268 0.980268 0.980268
SM_Bush_03 64.949380 0.085112 89.195600 0.000000 0.000000 0.000000 1.088430 1.088430 1.088430
SM_Bush_03 53.274600 2.519940 86.437450 0.000000 0.000000 0.000000 1.088062 1.088062 1.088062
SM_Bush_03 52.023680 3.644021 83.775760 0.000000 0.000000 0.000000 1.073622 1.073622 1.073622
SM_Bush_03 57.006720 1.046640 85.139660 0.000000 0.000000 0.000000 0.998210 0.998210 0.998210
SM_Bush_03 51.945720 0.612543 73.961900 0.000000 0.000000 0.000000 1.030547 1.030547 1.030547
SM_Bush_03 44.504220 2.904633 70.847710 0.000000 0.000000 0.000000 0.997029 0.997029 0.997029
SM_Bush_03 48.804420 0.785844 70.502940 0.000000 0.000000 0.000000 0.925215 0.925215 0.925215
SM_Bush_03 37.282120 2.805041 55.442620 0.000000 0.000000 0.000000 0.915080 0.915080 0.915080
SM_Bush_03 40.662020 1.852529 56.062230 0.000000 0.000000 0.000000 0.979674 0.979674 0.979674
SM_Bush_03 52.919370 0.985253 58.731140 0.000000 0.000000 0.000000 1.016852 1.016852 1.016852
SM_Bush_03 62.021430 0.586223 61.726450 0.000000 0.000000 0.000000 0.920610 0.920610 0.920610
SM_Bush_03 63.417300 0.267911 63.963970 0.000000 0.000000 0.000000 0.986849 0.986849 0.986849
SM_Bush_03 63.531960 0.336851 62.218220 0.000000 0.000000 0.000000 0.949977 0.949977 0.949977
SM_Bush_03 57.112660 0.532957 67.327380 0.000000 0.000000 0.000000 1.048777 1.048777 1.048777
SM_Bush_03 63.288090 0.256363 65.758650 0.000000 0.000000 0.000000 0.946952 0.946952 0.946952
SM_Bush_03 59.855100 0.431727 64.655400 0.000000 0.000000 0.000000 0.941537 0.941537 0.941537
SM_Bush_03 53.786280 0.718707 66.091190 0.000000 0.000000 0.000000 0.986210 0.986210 0.986210
SM_Bush_03 52.211620 0.164805 65.353820 0.000000 0.000000 0.000000 1.074498 1.074498 1.074498
SM_Bush_03 58.013130 0.256363 70.928900 0.000000 0.000000 0.000000 0.914625 0.914625 0.914625
SM_Bush_03 43.972680 3.662333 37.762430 0.000000 0.000000 0.000000 0.972708 0.972708 0.972708
SM_Bush_03 46.081010 3.553957 41.739400 0.000000 0.000000 0.000000 0.962416 0.962416 0.962416
SM_Bush_03 27.451000 3.424281 22.580600 0.000000 0.000000 0.000000 1.058467 1.058467 1.058467
SM_Bush_03 20.572100 3.424281 14.787130 0.000000 0.000000 0.000000 0.914641 0.914641 0.914641
